{"type":"FeatureCollection","features":[{"type":"Feature","geometry":{"type":"Point","coordinates":[-69.9236,12.4375]},"properties":{"name":"Sint Nicolaas"}},{"type":"Feature","geometry":{"type":"Point","coordinates":[-58.9514,-34.1533]},"properties":{"name":"Campana"}},{"type":"Feature","geometry":{"type":"Point","coordinates":[-59.0049,-34.0989]},"properties":{"name":"Zarate"}},{"type":"Feature","geometry":{"type":"Point","coordinates":[-62.1009,-38.8944]},"properties":{"name":"Puerto Belgrano/Bahia Blanca"}},{"type":"Feature","geometry":{"type":"Point","coordinates":[-62.3005,-38.7831]},"properties":{"name":"Puerto Galvan/Bahia Blanca"}},{"type":"Feature","geometry":{"type":"Point","coordinates":[-62.2599,-38.7919]},"properties":{"name":"Ingeniero White/Bahia Blanca"}},{"type":"Feature","geometry":{"type":"Point","coordinates":[-61.8523,17.1228]},"properties":{"name":"Saint John's"}},{"type":"Feature","geometry":{"type":"Point","coordinates":[115.7381,-32.0475]},"properties":{"name":"Fremantle"}},{"type":"Feature","geometry":{"type":"Point","coordinates":[151.2095,-33.9731]},"properties":{"name":"Botany Bay"}},{"type":"Feature","geometry":{"type":"Point","coordinates":[151.2842,-23.8511]},"properties":{"name":"Rockhampton"}},{"type":"Feature","geometry":{"type":"Point","coordinates":[2.9337,51.23]},"properties":{"name":"Oostende (Ostend)"}},{"type":"Feature","geometry":{"type":"Point","coordinates":[3.2046,51.3364]},"properties":{"name":"Zeebrugge"}},{"type":"Feature","geometry":{"type":"Point","coordinates":[27.4583,42.47]},"properties":{"name":"Burgas"}},{"type":"Feature","geometry":{"type":"Point","coordinates":[50.6076,26.1986]},"properties":{"name":"Mina Sulman Port"}},{"type":"Feature","geometry":{"type":"Point","coordinates":[50.6588,26.1586]},"properties":{"name":"Sitrah"}},{"type":"Feature","geometry":{"type":"Point","coordinates":[-64.673,32.3794]},"properties":{"name":"Saint George"}},{"type":"Feature","geometry":{"type":"Point","coordinates":[-38.4732,-3.7075]},"properties":{"name":"Mucuripe"}},{"type":"Feature","geometry":{"type":"Point","coordinates":[-43.1246,-22.8792]},"properties":{"name":"Niteroi"}},{"type":"Feature","geometry":{"type":"Point","coordinates":[-48.6355,-26.2381]},"properties":{"name":"Sao Francisco do Sul"}},{"type":"Feature","geometry":{"type":"Point","coordinates":[-65.4677,47.0344]},"properties":{"name":"Chatham"}},{"type":"Feature","geometry":{"type":"Point","coordinates":[-53.9569,48.1633]},"properties":{"name":"Clarenville"}},{"type":"Feature","geometry":{"type":"Point","coordinates":[-124.9244,49.6708]},"properties":{"name":"Comox"}},{"type":"Feature","geometry":{"type":"Point","coordinates":[-123.4344,48.4364]},"properties":{"name":"Esquimalt"}},{"type":"Feature","geometry":{"type":"Point","coordinates":[-55.7511,47.1003]},"properties":{"name":"Grand Bank"}},{"type":"Feature","geometry":{"type":"Point","coordinates":[-60.2393,46.2089]},"properties":{"name":"North Sydney"}},{"type":"Feature","geometry":{"type":"Point","coordinates":[-64.9246,47.7964]},"properties":{"name":"Caraquet"}},{"type":"Feature","geometry":{"type":"Point","coordinates":[-71.0526,48.43]},"properties":{"name":"Chicoutimi"}},{"type":"Feature","geometry":{"type":"Point","coordinates":[-57.9363,48.9606]},"properties":{"name":"Corner Brook"}},{"type":"Feature","geometry":{"type":"Point","coordinates":[-65.7523,44.6253]},"properties":{"name":"Digby"}},{"type":"Feature","geometry":{"type":"Point","coordinates":[-53.217,47.6903]},"properties":{"name":"Harbour Grace"}},{"type":"Feature","geometry":{"type":"Point","coordinates":[-62.7044,45.6747]},"properties":{"name":"Pictou"}},{"type":"Feature","geometry":{"type":"Point","coordinates":[-65.3177,43.7497]},"properties":{"name":"Shelburne"}},{"type":"Feature","geometry":{"type":"Point","coordinates":[-73.1181,46.0411]},"properties":{"name":"Sorel"}},{"type":"Feature","geometry":{"type":"Point","coordinates":[-56.0599,49.4997]},"properties":{"name":"Springdale"}},{"type":"Feature","geometry":{"type":"Point","coordinates":[-52.6923,47.5625]},"properties":{"name":"Saint-John's"}},{"type":"Feature","geometry":{"type":"Point","coordinates":[-73.1534,-37.0283]},"properties":{"name":"Coronel"}},{"type":"Feature","geometry":{"type":"Point","coordinates":[-73.1585,-37.0981]},"properties":{"name":"Lota"}},{"type":"Feature","geometry":{"type":"Point","coordinates":[-73.1023,-36.7053]},"properties":{"name":"Talcahuano"}},{"type":"Feature","geometry":{"type":"Point","coordinates":[-71.6181,-33.5875]},"properties":{"name":"San Antonio"}},{"type":"Feature","geometry":{"type":"Point","coordinates":[121.4418,28.6903]},"properties":{"name":"Haimen"}},{"type":"Feature","geometry":{"type":"Point","coordinates":[119.586,39.9067]},"properties":{"name":"Qinhuangdao"}},{"type":"Feature","geometry":{"type":"Point","coordinates":[114.267,22.5742]},"properties":{"name":"Yantian"}},{"type":"Feature","geometry":{"type":"Point","coordinates":[122.2351,40.6958]},"properties":{"name":"Yingkou"}},{"type":"Feature","geometry":{"type":"Point","coordinates":[-83.0741,10.0056]},"properties":{"name":"Moin"}},{"type":"Feature","geometry":{"type":"Point","coordinates":[-75.7034,20.9192]},"properties":{"name":"Banes"}},{"type":"Feature","geometry":{"type":"Point","coordinates":[-79.4693,22.5292]},"properties":{"name":"Caibarien"}},{"type":"Feature","geometry":{"type":"Point","coordinates":[-80.0076,22.9403]},"properties":{"name":"Isabela de Sagua"}},{"type":"Feature","geometry":{"type":"Point","coordinates":[-77.2395,21.5631]},"properties":{"name":"Nuevitas"}},{"type":"Feature","geometry":{"type":"Point","coordinates":[33.94,35.1278]},"properties":{"name":"Famagusta"}},{"type":"Feature","geometry":{"type":"Point","coordinates":[8.7072,53.8647]},"properties":{"name":"Cuxhaven"}},{"type":"Feature","geometry":{"type":"Point","coordinates":[9.8358,54.4736]},"properties":{"name":"Eckernforde"}},{"type":"Feature","geometry":{"type":"Point","coordinates":[8.4895,53.4875]},"properties":{"name":"Nordenham"}},{"type":"Feature","geometry":{"type":"Point","coordinates":[7.369,53.0964]},"properties":{"name":"Papenburg"}},{"type":"Feature","geometry":{"type":"Point","coordinates":[11.4392,53.9064]},"properties":{"name":"Wismar"}},{"type":"Feature","geometry":{"type":"Point","coordinates":[10.8069,55.2989]},"properties":{"name":"Nyborg"}},{"type":"Feature","geometry":{"type":"Point","coordinates":[12.617,56.0344]},"properties":{"name":"Helsingor"}},{"type":"Feature","geometry":{"type":"Point","coordinates":[10.525,55.4664]},"properties":{"name":"Odense"}},{"type":"Feature","geometry":{"type":"Point","coordinates":[10.7881,55.3069]},"properties":{"name":"Nyborg"}},{"type":"Feature","geometry":{"type":"Point","coordinates":[10.5415,57.4378]},"properties":{"name":"Frederikshavn"}},{"type":"Feature","geometry":{"type":"Point","coordinates":[9.5044,55.2511]},"properties":{"name":"Haderslev"}},{"type":"Feature","geometry":{"type":"Point","coordinates":[9.8684,55.8542]},"properties":{"name":"Horsens"}},{"type":"Feature","geometry":{"type":"Point","coordinates":[11.086,55.6694]},"properties":{"name":"Kalundborg"}},{"type":"Feature","geometry":{"type":"Point","coordinates":[9.4934,55.4928]},"properties":{"name":"Kolding"}},{"type":"Feature","geometry":{"type":"Point","coordinates":[11.1211,54.8322]},"properties":{"name":"Nakskov"}},{"type":"Feature","geometry":{"type":"Point","coordinates":[11.8571,54.7708]},"properties":{"name":"Nykobing Falster"}},{"type":"Feature","geometry":{"type":"Point","coordinates":[10.0526,56.4603]},"properties":{"name":"Randers"}},{"type":"Feature","geometry":{"type":"Point","coordinates":[10.7049,54.9397]},"properties":{"name":"Rudkobing"}},{"type":"Feature","geometry":{"type":"Point","coordinates":[10.617,55.0586]},"properties":{"name":"Svendborg"}},{"type":"Feature","geometry":{"type":"Point","coordinates":[9.5519,55.7056]},"properties":{"name":"Vejle"}},{"type":"Feature","geometry":{"type":"Point","coordinates":[10.5888,57.7186]},"properties":{"name":"Skagen"}},{"type":"Feature","geometry":{"type":"Point","coordinates":[-70.7005,19.8036]},"properties":{"name":"Puerto Plata"}},{"type":"Feature","geometry":{"type":"Point","coordinates":[-70.0181,18.4203]},"properties":{"name":"Rio Haina"}},{"type":"Feature","geometry":{"type":"Point","coordinates":[0.0713,35.9344]},"properties":{"name":"Mostaganem"}},{"type":"Feature","geometry":{"type":"Point","coordinates":[31.7592,31.4667]},"properties":{"name":"Damietta"}},{"type":"Feature","geometry":{"type":"Point","coordinates":[33.9413,26.7422]},"properties":{"name":"Safaga"}},{"type":"Feature","geometry":{"type":"Point","coordinates":[-5.4004,36.1478]},"properties":{"name":"Algeciras"}},{"type":"Feature","geometry":{"type":"Point","coordinates":[-5.92,43.5786]},"properties":{"name":"Aviles"}},{"type":"Feature","geometry":{"type":"Point","coordinates":[-8.2509,43.4797]},"properties":{"name":"Ferrol"}},{"type":"Feature","geometry":{"type":"Point","coordinates":[-6.9358,37.1928]},"properties":{"name":"Huelva"}},{"type":"Feature","geometry":{"type":"Point","coordinates":[-1.9188,43.3233]},"properties":{"name":"Pasajes"}},{"type":"Feature","geometry":{"type":"Point","coordinates":[-6.3346,36.6194]},"properties":{"name":"Rota"}},{"type":"Feature","geometry":{"type":"Point","coordinates":[-6.2588,36.52]},"properties":{"name":"Cadiz"}},{"type":"Feature","geometry":{"type":"Point","coordinates":[26.9418,60.4611]},"properties":{"name":"Kotka"}},{"type":"Feature","geometry":{"type":"Point","coordinates":[24.6167,65.6831]},"properties":{"name":"Veitsiluoto"}},{"type":"Feature","geometry":{"type":"Point","coordinates":[-1.1423,44.6592]},"properties":{"name":"Arcachon"}},{"type":"Feature","geometry":{"type":"Point","coordinates":[0.0734,49.3658]},"properties":{"name":"Deauville"}},{"type":"Feature","geometry":{"type":"Point","coordinates":[0.3695,49.7619]},"properties":{"name":"Fecamp"}},{"type":"Feature","geometry":{"type":"Point","coordinates":[-1.2239,46.1572]},"properties":{"name":"La Pallice"}},{"type":"Feature","geometry":{"type":"Point","coordinates":[-2.0229,48.6444]},"properties":{"name":"Saint-Malo"}},{"type":"Feature","geometry":{"type":"Point","coordinates":[3.7102,43.4047]},"properties":{"name":"Sete"}},{"type":"Feature","geometry":{"type":"Point","coordinates":[-4.7567,55.9547]},"properties":{"name":"Greenock"}},{"type":"Feature","geometry":{"type":"Point","coordinates":[-1.9865,50.7144]},"properties":{"name":"Poole"}},{"type":"Feature","geometry":{"type":"Point","coordinates":[-5.0535,50.1528]},"properties":{"name":"Falmouth"}},{"type":"Feature","geometry":{"type":"Point","coordinates":[-3.1718,55.9825]},"properties":{"name":"Leith"}},{"type":"Feature","geometry":{"type":"Point","coordinates":[-2.4679,56.7044]},"properties":{"name":"Montrose"}},{"type":"Feature","geometry":{"type":"Point","coordinates":[-2.9847,51.5589]},"properties":{"name":"Newport"}},{"type":"Feature","geometry":{"type":"Point","coordinates":[-1.3562,54.9069]},"properties":{"name":"Sunderland"}},{"type":"Feature","geometry":{"type":"Point","coordinates":[-1.1571,54.6081]},"properties":{"name":"Teesport"}},{"type":"Feature","geometry":{"type":"Point","coordinates":[41.6528,42.155]},"properties":{"name":"Poti"}},{"type":"Feature","geometry":{"type":"Point","coordinates":[23.6565,37.9372]},"properties":{"name":"Piraeus"}},{"type":"Feature","geometry":{"type":"Point","coordinates":[23.6337,37.9411]},"properties":{"name":"Piraeus"}},{"type":"Feature","geometry":{"type":"Point","coordinates":[23.6431,37.9344]},"properties":{"name":"Piraeus"}},{"type":"Feature","geometry":{"type":"Point","coordinates":[-61.7505,12.0472]},"properties":{"name":"Saint George's"}},{"type":"Feature","geometry":{"type":"Point","coordinates":[-52.272,4.8531]},"properties":{"name":"Cayenne"}},{"type":"Feature","geometry":{"type":"Point","coordinates":[14.5408,45.2997]},"properties":{"name":"Bakar"}},{"type":"Feature","geometry":{"type":"Point","coordinates":[13.6349,45.0806]},"properties":{"name":"Rovinj"}},{"type":"Feature","geometry":{"type":"Point","coordinates":[15.8916,43.7264]},"properties":{"name":"Sibenik"}},{"type":"Feature","geometry":{"type":"Point","coordinates":[-72.7037,19.4483]},"properties":{"name":"Gonaives"}},{"type":"Feature","geometry":{"type":"Point","coordinates":[131.2425,-0.8769]},"properties":{"name":"Sorong"}},{"type":"Feature","geometry":{"type":"Point","coordinates":[76.3104,9.4919]},"properties":{"name":"Alleppey"}},{"type":"Feature","geometry":{"type":"Point","coordinates":[82.2746,16.9778]},"properties":{"name":"Kakinada"}},{"type":"Feature","geometry":{"type":"Point","coordinates":[78.187,8.7583]},"properties":{"name":"Tuticorin"}},{"type":"Feature","geometry":{"type":"Point","coordinates":[-8.4713,54.2717]},"properties":{"name":"Sligo"}},{"type":"Feature","geometry":{"type":"Point","coordinates":[13.9383,37.0903]},"properties":{"name":"Licata"}},{"type":"Feature","geometry":{"type":"Point","coordinates":[8.308,40.5628]},"properties":{"name":"Alghero"}},{"type":"Feature","geometry":{"type":"Point","coordinates":[14.1601,40.8033]},"properties":{"name":"Bagnoli"}},{"type":"Feature","geometry":{"type":"Point","coordinates":[16.2877,41.3256]},"properties":{"name":"Barletta"}},{"type":"Feature","geometry":{"type":"Point","coordinates":[17.956,40.6464]},"properties":{"name":"Brindisi"}},{"type":"Feature","geometry":{"type":"Point","coordinates":[17.1234,39.0861]},"properties":{"name":"Crotone"}},{"type":"Feature","geometry":{"type":"Point","coordinates":[17.9757,40.0558]},"properties":{"name":"Gallipoli"}},{"type":"Feature","geometry":{"type":"Point","coordinates":[8.0269,43.8828]},"properties":{"name":"Imperia"}},{"type":"Feature","geometry":{"type":"Point","coordinates":[9.4094,41.2133]},"properties":{"name":"La Maddalena"}},{"type":"Feature","geometry":{"type":"Point","coordinates":[9.8504,44.0872]},"properties":{"name":"La Spezia"}},{"type":"Feature","geometry":{"type":"Point","coordinates":[12.4355,37.7897]},"properties":{"name":"Marsala"}},{"type":"Feature","geometry":{"type":"Point","coordinates":[15.5592,38.2003]},"properties":{"name":"Messina"}},{"type":"Feature","geometry":{"type":"Point","coordinates":[16.5877,41.2083]},"properties":{"name":"Molfetta"}},{"type":"Feature","geometry":{"type":"Point","coordinates":[13.5526,45.7886]},"properties":{"name":"Monfalcone"}},{"type":"Feature","geometry":{"type":"Point","coordinates":[17.3004,40.9561]},"properties":{"name":"Monopoli"}},{"type":"Feature","geometry":{"type":"Point","coordinates":[12.9025,43.9208]},"properties":{"name":"Pesaro"}},{"type":"Feature","geometry":{"type":"Point","coordinates":[8.3922,40.8436]},"properties":{"name":"Porto Torres"}},{"type":"Feature","geometry":{"type":"Point","coordinates":[12.2504,44.4622]},"properties":{"name":"Ravenna"}},{"type":"Feature","geometry":{"type":"Point","coordinates":[15.2876,37.0661]},"properties":{"name":"Siracusa"}},{"type":"Feature","geometry":{"type":"Point","coordinates":[17.189,40.4881]},"properties":{"name":"Taranto"}},{"type":"Feature","geometry":{"type":"Point","coordinates":[14.4429,40.75]},"properties":{"name":"Torre Annunziata"}},{"type":"Feature","geometry":{"type":"Point","coordinates":[129.9504,32.9017]},"properties":{"name":"Omura"}},{"type":"Feature","geometry":{"type":"Point","coordinates":[135.3833,34.6914]},"properties":{"name":"Amagasaki"}},{"type":"Feature","geometry":{"type":"Point","coordinates":[137.1085,36.7758]},"properties":{"name":"Fushiki"}},{"type":"Feature","geometry":{"type":"Point","coordinates":[133.0062,34.0681]},"properties":{"name":"Imabari"}},{"type":"Feature","geometry":{"type":"Point","coordinates":[132.2353,34.1769]},"properties":{"name":"Iwakuni"}},{"type":"Feature","geometry":{"type":"Point","coordinates":[135.1885,34.1531]},"properties":{"name":"Kainan"}},{"type":"Feature","geometry":{"type":"Point","coordinates":[136.6065,36.6169]},"properties":{"name":"Kanazawa"}},{"type":"Feature","geometry":{"type":"Point","coordinates":[139.7438,35.5064]},"properties":{"name":"Kawasaki"}},{"type":"Feature","geometry":{"type":"Point","coordinates":[130.8736,33.9083]},"properties":{"name":"Kokura"}},{"type":"Feature","geometry":{"type":"Point","coordinates":[135.3853,35.4817]},"properties":{"name":"Maizuru"}},{"type":"Feature","geometry":{"type":"Point","coordinates":[136.5534,34.6081]},"properties":{"name":"Matsusaka"}},{"type":"Feature","geometry":{"type":"Point","coordinates":[135.1934,35.5433]},"properties":{"name":"Miyazu"}},{"type":"Feature","geometry":{"type":"Point","coordinates":[140.9541,42.3358]},"properties":{"name":"Muroran"}},{"type":"Feature","geometry":{"type":"Point","coordinates":[139.1248,37.955]},"properties":{"name":"Niigata"}},{"type":"Feature","geometry":{"type":"Point","coordinates":[131.8693,33.2514]},"properties":{"name":"Saganoseki"}},{"type":"Feature","geometry":{"type":"Point","coordinates":[129.7078,33.1569]},"properties":{"name":"Sasebo"}},{"type":"Feature","geometry":{"type":"Point","coordinates":[138.5099,35.0144]},"properties":{"name":"Shimizu"}},{"type":"Feature","geometry":{"type":"Point","coordinates":[135.1333,34.1164]},"properties":{"name":"Shimotsu"}},{"type":"Feature","geometry":{"type":"Point","coordinates":[135.1271,34.2231]},"properties":{"name":"Wakayama"}},{"type":"Feature","geometry":{"type":"Point","coordinates":[139.6544,35.3044]},"properties":{"name":"Yokosuka"}},{"type":"Feature","geometry":{"type":"Point","coordinates":[80.225,6.0333]},"properties":{"name":"Galle"}},{"type":"Feature","geometry":{"type":"Point","coordinates":[21.537,57.4031]},"properties":{"name":"Ventspils"}},{"type":"Feature","geometry":{"type":"Point","coordinates":[-92.6521,18.5303]},"properties":{"name":"Frontera"}},{"type":"Feature","geometry":{"type":"Point","coordinates":[-94.5346,17.9758]},"properties":{"name":"Minatitlan"}},{"type":"Feature","geometry":{"type":"Point","coordinates":[-94.4005,18.1275]},"properties":{"name":"Pajaritos"}},{"type":"Feature","geometry":{"type":"Point","coordinates":[-112.2585,27.3392]},"properties":{"name":"Santa Rosalia"}},{"type":"Feature","geometry":{"type":"Point","coordinates":[-89.6706,21.3136]},"properties":{"name":"Progreso"}},{"type":"Feature","geometry":{"type":"Point","coordinates":[-97.3706,20.9406]},"properties":{"name":"Tuxpan"}},{"type":"Feature","geometry":{"type":"Point","coordinates":[103.4592,4.2494]},"properties":{"name":"Kemaman"}},{"type":"Feature","geometry":{"type":"Point","coordinates":[4.7837,52.9581]},"properties":{"name":"Den Helder"}},{"type":"Feature","geometry":{"type":"Point","coordinates":[4.6514,51.8058]},"properties":{"name":"Dordrecht"}},{"type":"Feature","geometry":{"type":"Point","coordinates":[6.9555,53.3206]},"properties":{"name":"Delfzijl"}},{"type":"Feature","geometry":{"type":"Point","coordinates":[8.7574,58.4542]},"properties":{"name":"Arendal"}},{"type":"Feature","geometry":{"type":"Point","coordinates":[10.225,59.7367]},"properties":{"name":"Drammen"}},{"type":"Feature","geometry":{"type":"Point","coordinates":[11.3753,59.1181]},"properties":{"name":"Halden"}},{"type":"Feature","geometry":{"type":"Point","coordinates":[16.5416,68.7892]},"properties":{"name":"Harstad"}},{"type":"Feature","geometry":{"type":"Point","coordinates":[10.0255,59.0453]},"properties":{"name":"Larvik"}},{"type":"Feature","geometry":{"type":"Point","coordinates":[10.6528,59.4322]},"properties":{"name":"Moss"}},{"type":"Feature","geometry":{"type":"Point","coordinates":[10.225,59.1236]},"properties":{"name":"Sandefjord"}},{"type":"Feature","geometry":{"type":"Point","coordinates":[10.4049,59.265]},"properties":{"name":"Tonsberg"}},{"type":"Feature","geometry":{"type":"Point","coordinates":[172.7102,-43.6061]},"properties":{"name":"Lyttelton"}},{"type":"Feature","geometry":{"type":"Point","coordinates":[59.4206,22.6567]},"properties":{"name":"Qalhat"}},{"type":"Feature","geometry":{"type":"Point","coordinates":[56.7379,24.3783]},"properties":{"name":"Sohar"}},{"type":"Feature","geometry":{"type":"Point","coordinates":[-79.5688,8.9556]},"properties":{"name":"Balboa"}},{"type":"Feature","geometry":{"type":"Point","coordinates":[-79.9048,9.3503]},"properties":{"name":"Cristobal"}},{"type":"Feature","geometry":{"type":"Point","coordinates":[-82.4346,8.365]},"properties":{"name":"Pedregal"}},{"type":"Feature","geometry":{"type":"Point","coordinates":[-77.1418,-12.0453]},"properties":{"name":"Callao"}},{"type":"Feature","geometry":{"type":"Point","coordinates":[-72.1042,-16.9978]},"properties":{"name":"Matarani"}},{"type":"Feature","geometry":{"type":"Point","coordinates":[14.2686,53.905]},"properties":{"name":"Swinoujscie"}},{"type":"Feature","geometry":{"type":"Point","coordinates":[-8.6929,41.185]},"properties":{"name":"Leixoes"}},{"type":"Feature","geometry":{"type":"Point","coordinates":[-8.8214,38.4897]},"properties":{"name":"Setubal"}},{"type":"Feature","geometry":{"type":"Point","coordinates":[-8.7197,40.6436]},"properties":{"name":"Aveiro"}},{"type":"Feature","geometry":{"type":"Point","coordinates":[-8.823,41.6864]},"properties":{"name":"Viana do Castelo"}},{"type":"Feature","geometry":{"type":"Point","coordinates":[28.0839,45.4417]},"properties":{"name":"Galati"}},{"type":"Feature","geometry":{"type":"Point","coordinates":[132.9076,42.8047]},"properties":{"name":"Nakhodka"}},{"type":"Feature","geometry":{"type":"Point","coordinates":[32.4049,67.135]},"properties":{"name":"Kandalaksha"}},{"type":"Feature","geometry":{"type":"Point","coordinates":[142.04,47.0506]},"properties":{"name":"Kholmsk"}},{"type":"Feature","geometry":{"type":"Point","coordinates":[142.7585,46.6267]},"properties":{"name":"Korsakov"}},{"type":"Feature","geometry":{"type":"Point","coordinates":[29.7674,59.9869]},"properties":{"name":"Kronshtadt"}},{"type":"Feature","geometry":{"type":"Point","coordinates":[132.8862,42.8]},"properties":{"name":"Nakhodka"}},{"type":"Feature","geometry":{"type":"Point","coordinates":[37.8044,44.715]},"properties":{"name":"Novorossiysk"}},{"type":"Feature","geometry":{"type":"Point","coordinates":[39.0667,44.0919]},"properties":{"name":"Tuapse"}},{"type":"Feature","geometry":{"type":"Point","coordinates":[49.6709,27.0286]},"properties":{"name":"Jubail"}},{"type":"Feature","geometry":{"type":"Point","coordinates":[49.673,27.0878]},"properties":{"name":"Jubail"}},{"type":"Feature","geometry":{"type":"Point","coordinates":[48.5225,28.415]},"properties":{"name":"Ras al Khafji"}},{"type":"Feature","geometry":{"type":"Point","coordinates":[12.4764,56.8894]},"properties":{"name":"Falkenberg"}},{"type":"Feature","geometry":{"type":"Point","coordinates":[14.3055,55.9256]},"properties":{"name":"Ahus"}},{"type":"Feature","geometry":{"type":"Point","coordinates":[17.9388,62.6408]},"properties":{"name":"Harnosand"}},{"type":"Feature","geometry":{"type":"Point","coordinates":[12.5415,56.1986]},"properties":{"name":"Hoganas"}},{"type":"Feature","geometry":{"type":"Point","coordinates":[14.8583,56.1625]},"properties":{"name":"Karlshamn"}},{"type":"Feature","geometry":{"type":"Point","coordinates":[15.586,56.16]},"properties":{"name":"Karlskrona"}},{"type":"Feature","geometry":{"type":"Point","coordinates":[17.9581,58.9133]},"properties":{"name":"Nynashamn"}},{"type":"Feature","geometry":{"type":"Point","coordinates":[16.4707,57.265]},"properties":{"name":"Oskarshamn"}},{"type":"Feature","geometry":{"type":"Point","coordinates":[17.108,58.6617]},"properties":{"name":"Oxelosund"}},{"type":"Feature","geometry":{"type":"Point","coordinates":[21.4704,65.3089]},"properties":{"name":"Pitea"}},{"type":"Feature","geometry":{"type":"Point","coordinates":[17.6592,59.1697]},"properties":{"name":"Sodertalje"}},{"type":"Feature","geometry":{"type":"Point","coordinates":[13.1516,55.3681]},"properties":{"name":"Trelleborg"}},{"type":"Feature","geometry":{"type":"Point","coordinates":[11.9048,58.3481]},"properties":{"name":"Uddevalla"}},{"type":"Feature","geometry":{"type":"Point","coordinates":[13.8207,55.4214]},"properties":{"name":"Ystad"}},{"type":"Feature","geometry":{"type":"Point","coordinates":[100.5849,13.6958]},"properties":{"name":"Bangkok"}},{"type":"Feature","geometry":{"type":"Point","coordinates":[100.8909,13.0739]},"properties":{"name":"Laem Chabang"}},{"type":"Feature","geometry":{"type":"Point","coordinates":[100.9186,13.1714]},"properties":{"name":"Sriracha"}},{"type":"Feature","geometry":{"type":"Point","coordinates":[-61.4895,10.3883]},"properties":{"name":"Point Lisas"}},{"type":"Feature","geometry":{"type":"Point","coordinates":[34.6406,36.7969]},"properties":{"name":"Mersin"}},{"type":"Feature","geometry":{"type":"Point","coordinates":[36.7732,46.7514]},"properties":{"name":"Berdyansk"}},{"type":"Feature","geometry":{"type":"Point","coordinates":[36.4856,45.355]},"properties":{"name":"Kerch"}},{"type":"Feature","geometry":{"type":"Point","coordinates":[-122.359,37.9139]},"properties":{"name":"Richmond"}},{"type":"Feature","geometry":{"type":"Point","coordinates":[-75.5198,39.7167]},"properties":{"name":"Wilmington"}},{"type":"Feature","geometry":{"type":"Point","coordinates":[-70.969,42.2414]},"properties":{"name":"Quincy"}},{"type":"Feature","geometry":{"type":"Point","coordinates":[-159.353,21.9539]},"properties":{"name":"Nawiliwili"}},{"type":"Feature","geometry":{"type":"Point","coordinates":[-121.889,36.6056]},"properties":{"name":"Monterey"}},{"type":"Feature","geometry":{"type":"Point","coordinates":[-77.9527,34.1919]},"properties":{"name":"Wilmington"}},{"type":"Feature","geometry":{"type":"Point","coordinates":[-75.1227,39.9036]},"properties":{"name":"Gloucester City"}},{"type":"Feature","geometry":{"type":"Point","coordinates":[-74.1025,40.6625]},"properties":{"name":"Bayonne"}},{"type":"Feature","geometry":{"type":"Point","coordinates":[-76.5557,39.2325]},"properties":{"name":"Baltimore"}},{"type":"Feature","geometry":{"type":"Point","coordinates":[-81.5592,30.3808]},"properties":{"name":"Jacksonville"}},{"type":"Feature","geometry":{"type":"Point","coordinates":[-76.4262,36.9806]},"properties":{"name":"Newport News"}},{"type":"Feature","geometry":{"type":"Point","coordinates":[-93.9571,29.8431]},"properties":{"name":"Port Arthur"}},{"type":"Feature","geometry":{"type":"Point","coordinates":[-76.2883,36.8167]},"properties":{"name":"Portsmouth"}},{"type":"Feature","geometry":{"type":"Point","coordinates":[-77.9527,34.1919]},"properties":{"name":"Wilmington"}},{"type":"Feature","geometry":{"type":"Point","coordinates":[-93.9571,29.8431]},"properties":{"name":"Port Arthur"}},{"type":"Feature","geometry":{"type":"Point","coordinates":[-77.0372,38.8011]},"properties":{"name":"Alexandria"}},{"type":"Feature","geometry":{"type":"Point","coordinates":[-76.4262,36.9806]},"properties":{"name":"Newport News"}},{"type":"Feature","geometry":{"type":"Point","coordinates":[-122.6087,47.6514]},"properties":{"name":"Brownsville"}},{"type":"Feature","geometry":{"type":"Point","coordinates":[-122.7039,45.6347]},"properties":{"name":"Vancouver"}},{"type":"Feature","geometry":{"type":"Point","coordinates":[-64.5904,10.2492]},"properties":{"name":"Guanta"}},{"type":"Feature","geometry":{"type":"Point","coordinates":[121.7258,25.2208]},"properties":{"name":"Keelung"}},{"type":"Feature","geometry":{"type":"Point","coordinates":[-13.624,28.949]},"properties":{"name":"Arrecife"}},{"type":"Feature","geometry":{"type":"Point","coordinates":[-64.9284,18.3321]},"properties":{"name":"St Thomas"}},{"type":"Feature","geometry":{"type":"Point","coordinates":[-62.75,17.2788]},"properties":{"name":"Basseterre"}},{"type":"Feature","geometry":{"type":"Point","coordinates":[-90.0564,29.9342]},"properties":{"name":"New Orleans"}},{"type":"Feature","geometry":{"type":"Point","coordinates":[-78.7277,26.5384]},"properties":{"name":"Freeport"}},{"type":"Feature","geometry":{"type":"Point","coordinates":[-77.56,44.1]},"properties":{"name":"Trenton"}},{"type":"Feature","geometry":{"type":"Point","coordinates":[-81.73,43.75]},"properties":{"name":"Goderich"}},{"type":"Feature","geometry":{"type":"Point","coordinates":[-79.91,44.75]},"properties":{"name":"Midland"}},{"type":"Feature","geometry":{"type":"Point","coordinates":[-86.48,42.11]},"properties":{"name":"St Joseph"}},{"type":"Feature","geometry":{"type":"Point","coordinates":[-87.78,42.73]},"properties":{"name":"Racine"}},{"type":"Feature","geometry":{"type":"Point","coordinates":[-87.6,45.1]},"properties":{"name":"Menominee"}},{"type":"Feature","geometry":{"type":"Point","coordinates":[-87.05,45.76]},"properties":{"name":"Escanaba"}},{"type":"Feature","geometry":{"type":"Point","coordinates":[-121.5,38.58]},"properties":{"name":"Sacramento"}},{"type":"Feature","geometry":{"type":"Point","coordinates":[1.73,52.61]},"properties":{"name":"Great Yarmouth"}},{"type":"Feature","geometry":{"type":"Point","coordinates":[-2.96,56.46]},"properties":{"name":"Dundee"}},{"type":"Feature","geometry":{"type":"Point","coordinates":[-3.83,57.83]},"properties":{"name":"Portmahomack Harbor"}},{"type":"Feature","geometry":{"type":"Point","coordinates":[-3.08,58.43]},"properties":{"name":"Wick"}},{"type":"Feature","geometry":{"type":"Point","coordinates":[-5.46,56.41]},"properties":{"name":"Oban"}},{"type":"Feature","geometry":{"type":"Point","coordinates":[-4.46,54.15]},"properties":{"name":"Douglas"}},{"type":"Feature","geometry":{"type":"Point","coordinates":[-7.31,55]},"properties":{"name":"Londonderry"}},{"type":"Feature","geometry":{"type":"Point","coordinates":[-3.4,54.86]},"properties":{"name":"Silloth"}},{"type":"Feature","geometry":{"type":"Point","coordinates":[13.0938,-7.8331]},"properties":{"name":"Ambriz"}},{"type":"Feature","geometry":{"type":"Point","coordinates":[12.1902,-5.55]},"properties":{"name":"Cabinda"}},{"type":"Feature","geometry":{"type":"Point","coordinates":[12.3204,-6.1214]},"properties":{"name":"Soyo"}},{"type":"Feature","geometry":{"type":"Point","coordinates":[19.453,41.3078]},"properties":{"name":"Durres"}},{"type":"Feature","geometry":{"type":"Point","coordinates":[-68.9183,12.1192]},"properties":{"name":"Curacao"}},{"type":"Feature","geometry":{"type":"Point","coordinates":[56.3565,25.1783]},"properties":{"name":"Al Fujayrah"}},{"type":"Feature","geometry":{"type":"Point","coordinates":[-67.5085,-46.4331]},"properties":{"name":"Caleta Olivia"}},{"type":"Feature","geometry":{"type":"Point","coordinates":[-65.9041,-47.7556]},"properties":{"name":"Puerto Deseado"}},{"type":"Feature","geometry":{"type":"Point","coordinates":[-69.2183,-51.6117]},"properties":{"name":"Rio Gallegos"}},{"type":"Feature","geometry":{"type":"Point","coordinates":[-67.7025,-53.7944]},"properties":{"name":"Rio Grande"}},{"type":"Feature","geometry":{"type":"Point","coordinates":[-67.719,-49.2997]},"properties":{"name":"San Julian"}},{"type":"Feature","geometry":{"type":"Point","coordinates":[153.1415,-30.3075]},"properties":{"name":"Coffs Harbour"}},{"type":"Feature","geometry":{"type":"Point","coordinates":[121.8934,-33.8719]},"properties":{"name":"Esperance"}},{"type":"Feature","geometry":{"type":"Point","coordinates":[137.7567,-32.4886]},"properties":{"name":"Port Augusta"}},{"type":"Feature","geometry":{"type":"Point","coordinates":[148.2505,-20.0208]},"properties":{"name":"Bowen"}},{"type":"Feature","geometry":{"type":"Point","coordinates":[152.3885,-24.7672]},"properties":{"name":"Bundaberg"}},{"type":"Feature","geometry":{"type":"Point","coordinates":[139.7379,-17.5536]},"properties":{"name":"Burketown"}},{"type":"Feature","geometry":{"type":"Point","coordinates":[113.6429,-24.895]},"properties":{"name":"Carnarvon"}},{"type":"Feature","geometry":{"type":"Point","coordinates":[145.2438,-15.4597]},"properties":{"name":"Cooktown"}},{"type":"Feature","geometry":{"type":"Point","coordinates":[123.6051,-17.2922]},"properties":{"name":"Derby"}},{"type":"Feature","geometry":{"type":"Point","coordinates":[149.9053,-37.0719]},"properties":{"name":"Eden"}},{"type":"Feature","geometry":{"type":"Point","coordinates":[146.8202,-41.1097]},"properties":{"name":"George Town"}},{"type":"Feature","geometry":{"type":"Point","coordinates":[114.6007,-28.7728]},"properties":{"name":"Geraldton"}},{"type":"Feature","geometry":{"type":"Point","coordinates":[140.8333,-17.4894]},"properties":{"name":"Karumba"}},{"type":"Feature","geometry":{"type":"Point","coordinates":[137.6395,-35.655]},"properties":{"name":"Kingscote"}},{"type":"Feature","geometry":{"type":"Point","coordinates":[152.906,-25.295]},"properties":{"name":"Maryborough"}},{"type":"Feature","geometry":{"type":"Point","coordinates":[145.3206,-42.1583]},"properties":{"name":"Strahan"}},{"type":"Feature","geometry":{"type":"Point","coordinates":[89.586,22.4869]},"properties":{"name":"Mongla"}},{"type":"Feature","geometry":{"type":"Point","coordinates":[-37.0395,-10.9253]},"properties":{"name":"Aracaju"}},{"type":"Feature","geometry":{"type":"Point","coordinates":[-38.5214,-3.7175]},"properties":{"name":"Fortaleza"}},{"type":"Feature","geometry":{"type":"Point","coordinates":[-51.0427,0.0322]},"properties":{"name":"Macapa"}},{"type":"Feature","geometry":{"type":"Point","coordinates":[-48.6542,-26.8989]},"properties":{"name":"Navegantes"}},{"type":"Feature","geometry":{"type":"Point","coordinates":[-52.3237,-31.7819]},"properties":{"name":"Pelotas"}},{"type":"Feature","geometry":{"type":"Point","coordinates":[-125.2386,50.0319]},"properties":{"name":"Campbell River"}},{"type":"Feature","geometry":{"type":"Point","coordinates":[-60.3423,53.3844]},"properties":{"name":"Goose Bay"}},{"type":"Feature","geometry":{"type":"Point","coordinates":[-132.1411,54.0067]},"properties":{"name":"Masset"}},{"type":"Feature","geometry":{"type":"Point","coordinates":[-67.5713,48.8419]},"properties":{"name":"Matane"}},{"type":"Feature","geometry":{"type":"Point","coordinates":[-84.5431,73.0686]},"properties":{"name":"Nanisivik"}},{"type":"Feature","geometry":{"type":"Point","coordinates":[-65.8349,48.1386]},"properties":{"name":"New Richmond"}},{"type":"Feature","geometry":{"type":"Point","coordinates":[-127.4837,50.7211]},"properties":{"name":"Port Hardy"}},{"type":"Feature","geometry":{"type":"Point","coordinates":[-61.3557,45.61]},"properties":{"name":"Port Hawkesbury"}},{"type":"Feature","geometry":{"type":"Point","coordinates":[-123.1667,49.6831]},"properties":{"name":"Squamish"}},{"type":"Feature","geometry":{"type":"Point","coordinates":[-58.5408,48.5353]},"properties":{"name":"Stephenville"}},{"type":"Feature","geometry":{"type":"Point","coordinates":[-129.9895,55.9286]},"properties":{"name":"Stewart"}},{"type":"Feature","geometry":{"type":"Point","coordinates":[-126.6541,49.9175]},"properties":{"name":"Tahsis"}},{"type":"Feature","geometry":{"type":"Point","coordinates":[-131.8197,53.2553]},"properties":{"name":"Sandspit"}},{"type":"Feature","geometry":{"type":"Point","coordinates":[-132.9858,69.4314]},"properties":{"name":"Tuktoyaktuk"}},{"type":"Feature","geometry":{"type":"Point","coordinates":[-73.8257,-41.8686]},"properties":{"name":"Ancud"}},{"type":"Feature","geometry":{"type":"Point","coordinates":[-73.7668,-42.4828]},"properties":{"name":"Castro"}},{"type":"Feature","geometry":{"type":"Point","coordinates":[-70.6344,-26.3506]},"properties":{"name":"Chanaral"}},{"type":"Feature","geometry":{"type":"Point","coordinates":[-72.5094,-51.7311]},"properties":{"name":"Puerto Natales"}},{"type":"Feature","geometry":{"type":"Point","coordinates":[-70.4846,-25.3972]},"properties":{"name":"Taltal"}},{"type":"Feature","geometry":{"type":"Point","coordinates":[113.6711,22.6403]},"properties":{"name":"Guangzhou"}},{"type":"Feature","geometry":{"type":"Point","coordinates":[120.2213,31.9319]},"properties":{"name":"Jiangyin"}},{"type":"Feature","geometry":{"type":"Point","coordinates":[119.4085,34.7453]},"properties":{"name":"Lianyungang"}},{"type":"Feature","geometry":{"type":"Point","coordinates":[109.5005,18.2397]},"properties":{"name":"Sanya"}},{"type":"Feature","geometry":{"type":"Point","coordinates":[110.4064,21.1697]},"properties":{"name":"Zhanjiang"}},{"type":"Feature","geometry":{"type":"Point","coordinates":[122.1026,30.0033]},"properties":{"name":"Zhoushan"}},{"type":"Feature","geometry":{"type":"Point","coordinates":[-6.617,4.7431]},"properties":{"name":"San-Pedro"}},{"type":"Feature","geometry":{"type":"Point","coordinates":[-75.5257,10.4033]},"properties":{"name":"Cartagena"}},{"type":"Feature","geometry":{"type":"Point","coordinates":[-75.5853,9.5203]},"properties":{"name":"Tolu"}},{"type":"Feature","geometry":{"type":"Point","coordinates":[-78.7595,1.8131]},"properties":{"name":"Tumaco"}},{"type":"Feature","geometry":{"type":"Point","coordinates":[-76.7339,8.0878]},"properties":{"name":"Turbo"}},{"type":"Feature","geometry":{"type":"Point","coordinates":[-74.5023,20.3531]},"properties":{"name":"Baracoa"}},{"type":"Feature","geometry":{"type":"Point","coordinates":[-75.5509,20.7133]},"properties":{"name":"Nicaro"}},{"type":"Feature","geometry":{"type":"Point","coordinates":[-82.7932,21.9033]},"properties":{"name":"Nueva Gerona"}},{"type":"Feature","geometry":{"type":"Point","coordinates":[7.8913,54.1775]},"properties":{"name":"Helgoland"}},{"type":"Feature","geometry":{"type":"Point","coordinates":[10.8683,53.9522]},"properties":{"name":"Travemunde"}},{"type":"Feature","geometry":{"type":"Point","coordinates":[8.6922,56.9528]},"properties":{"name":"Thisted"}},{"type":"Feature","geometry":{"type":"Point","coordinates":[-80.7209,-0.9356]},"properties":{"name":"Manta"}},{"type":"Feature","geometry":{"type":"Point","coordinates":[-79.6427,0.9894]},"properties":{"name":"Esmeraldas"}},{"type":"Feature","geometry":{"type":"Point","coordinates":[-13.8588,28.7414]},"properties":{"name":"Corralejo"}},{"type":"Feature","geometry":{"type":"Point","coordinates":[-5.3104,35.8903]},"properties":{"name":"Ceuta"}},{"type":"Feature","geometry":{"type":"Point","coordinates":[-2.9228,35.28]},"properties":{"name":"Melilla"}},{"type":"Feature","geometry":{"type":"Point","coordinates":[-17.1051,28.0881]},"properties":{"name":"San Sebastian de la Gomera"}},{"type":"Feature","geometry":{"type":"Point","coordinates":[-17.7667,28.6758]},"properties":{"name":"Santa Cruz de La Palma"}},{"type":"Feature","geometry":{"type":"Point","coordinates":[24.4746,58.3811]},"properties":{"name":"Parnu"}},{"type":"Feature","geometry":{"type":"Point","coordinates":[27.6899,62.8883]},"properties":{"name":"Kuopio"}},{"type":"Feature","geometry":{"type":"Point","coordinates":[29.7771,62.6044]},"properties":{"name":"Joensuu"}},{"type":"Feature","geometry":{"type":"Point","coordinates":[27.8748,62.3125]},"properties":{"name":"Varkaus"}},{"type":"Feature","geometry":{"type":"Point","coordinates":[179.3094,-16.8178]},"properties":{"name":"Savusavu"}},{"type":"Feature","geometry":{"type":"Point","coordinates":[-1.6204,49.6464]},"properties":{"name":"Cherbourg"}},{"type":"Feature","geometry":{"type":"Point","coordinates":[-0.3264,49.1906]},"properties":{"name":"Caen"}},{"type":"Feature","geometry":{"type":"Point","coordinates":[8.7553,42.5658]},"properties":{"name":"Calvi"}},{"type":"Feature","geometry":{"type":"Point","coordinates":[8.9004,41.6769]},"properties":{"name":"Propriano"}},{"type":"Feature","geometry":{"type":"Point","coordinates":[-4.1081,47.9894]},"properties":{"name":"Quimper"}},{"type":"Feature","geometry":{"type":"Point","coordinates":[-2.7564,47.6439]},"properties":{"name":"Vannes"}},{"type":"Feature","geometry":{"type":"Point","coordinates":[138.1195,9.5133]},"properties":{"name":"Yap"}},{"type":"Feature","geometry":{"type":"Point","coordinates":[-2.7078,51.4989]},"properties":{"name":"Bristol"}},{"type":"Feature","geometry":{"type":"Point","coordinates":[-0.2851,53.7436]},"properties":{"name":"Hull"}},{"type":"Feature","geometry":{"type":"Point","coordinates":[-1.5909,54.965]},"properties":{"name":"Newcastle upon Tyne"}},{"type":"Feature","geometry":{"type":"Point","coordinates":[-1.4409,54.9944]},"properties":{"name":"Tyne"}},{"type":"Feature","geometry":{"type":"Point","coordinates":[0.6858,51.4347]},"properties":{"name":"Rochester"}},{"type":"Feature","geometry":{"type":"Point","coordinates":[0.0074,5.6319]},"properties":{"name":"Tema"}},{"type":"Feature","geometry":{"type":"Point","coordinates":[25.8892,40.8414]},"properties":{"name":"Alexandroupolis"}},{"type":"Feature","geometry":{"type":"Point","coordinates":[27.2899,36.8944]},"properties":{"name":"Kos"}},{"type":"Feature","geometry":{"type":"Point","coordinates":[25.1507,37.0878]},"properties":{"name":"Paros"}},{"type":"Feature","geometry":{"type":"Point","coordinates":[26.9667,37.7544]},"properties":{"name":"Samos"}},{"type":"Feature","geometry":{"type":"Point","coordinates":[-45.2381,60.1397]},"properties":{"name":"Nanortalik"}},{"type":"Feature","geometry":{"type":"Point","coordinates":[-69.2351,77.4669]},"properties":{"name":"Qaanaaq"}},{"type":"Feature","geometry":{"type":"Point","coordinates":[-57.5218,6.2378]},"properties":{"name":"New Amsterdam"}},{"type":"Feature","geometry":{"type":"Point","coordinates":[-86.7569,15.7939]},"properties":{"name":"La Ceiba"}},{"type":"Feature","geometry":{"type":"Point","coordinates":[-87.4558,15.7839]},"properties":{"name":"Tela"}},{"type":"Feature","geometry":{"type":"Point","coordinates":[14.4576,44.5383]},"properties":{"name":"Mali Losinj"}},{"type":"Feature","geometry":{"type":"Point","coordinates":[-72.536,18.2317]},"properties":{"name":"Jacmel"}},{"type":"Feature","geometry":{"type":"Point","coordinates":[-74.1071,18.6436]},"properties":{"name":"Jeremie"}},{"type":"Feature","geometry":{"type":"Point","coordinates":[131.0204,-1.3075]},"properties":{"name":"Sorong"}},{"type":"Feature","geometry":{"type":"Point","coordinates":[97.1429,5.1667]},"properties":{"name":"Lhokseumawe"}},{"type":"Feature","geometry":{"type":"Point","coordinates":[117.6549,4.1456]},"properties":{"name":"Nunukan"}},{"type":"Feature","geometry":{"type":"Point","coordinates":[105.3071,-5.4603]},"properties":{"name":"Panjang"}},{"type":"Feature","geometry":{"type":"Point","coordinates":[106.8904,-6.1014]},"properties":{"name":"Tanjung Priok"}},{"type":"Feature","geometry":{"type":"Point","coordinates":[74.8074,12.9269]},"properties":{"name":"Mangalore"}},{"type":"Feature","geometry":{"type":"Point","coordinates":[69.5874,21.6394]},"properties":{"name":"Porbandar"}},{"type":"Feature","geometry":{"type":"Point","coordinates":[73.2718,17.0019]},"properties":{"name":"Ratnagiri"}},{"type":"Feature","geometry":{"type":"Point","coordinates":[-9.4562,51.6806]},"properties":{"name":"Bantry"}},{"type":"Feature","geometry":{"type":"Point","coordinates":[-6.4562,52.3411]},"properties":{"name":"Wexford"}},{"type":"Feature","geometry":{"type":"Point","coordinates":[48.1855,30.4325]},"properties":{"name":"Khorramshahr"}},{"type":"Feature","geometry":{"type":"Point","coordinates":[-14.2865,64.6606]},"properties":{"name":"Djupivogur"}},{"type":"Feature","geometry":{"type":"Point","coordinates":[-14.0088,64.9297]},"properties":{"name":"Faskrudsfjordur"}},{"type":"Feature","geometry":{"type":"Point","coordinates":[-15.9415,66.4564]},"properties":{"name":"Raufarhofn"}},{"type":"Feature","geometry":{"type":"Point","coordinates":[11.9379,36.8333]},"properties":{"name":"Pantelleria"}},{"type":"Feature","geometry":{"type":"Point","coordinates":[15.0909,37.4958]},"properties":{"name":"Catania"}},{"type":"Feature","geometry":{"type":"Point","coordinates":[12.2355,41.7558]},"properties":{"name":"Fiumicino"}},{"type":"Feature","geometry":{"type":"Point","coordinates":[12.6025,35.4992]},"properties":{"name":"Lampedusa"}},{"type":"Feature","geometry":{"type":"Point","coordinates":[15.9253,41.6242]},"properties":{"name":"Manfredonia"}},{"type":"Feature","geometry":{"type":"Point","coordinates":[-77.1067,18.4103]},"properties":{"name":"Ocho Rios"}},{"type":"Feature","geometry":{"type":"Point","coordinates":[-76.4518,18.1811]},"properties":{"name":"Port Antonio"}},{"type":"Feature","geometry":{"type":"Point","coordinates":[130.9856,30.7317]},"properties":{"name":"Nishinoomote"}},{"type":"Feature","geometry":{"type":"Point","coordinates":[140.0399,39.7622]},"properties":{"name":"Akita"}},{"type":"Feature","geometry":{"type":"Point","coordinates":[141.5236,40.5458]},"properties":{"name":"Hachinohe"}},{"type":"Feature","geometry":{"type":"Point","coordinates":[124.1512,24.3356]},"properties":{"name":"Ishigaki"}},{"type":"Feature","geometry":{"type":"Point","coordinates":[132.6934,33.8553]},"properties":{"name":"Matsuyama"}},{"type":"Feature","geometry":{"type":"Point","coordinates":[139.8035,38.9394]},"properties":{"name":"Sakata"}},{"type":"Feature","geometry":{"type":"Point","coordinates":[134.0534,34.3553]},"properties":{"name":"Takamatsu"}},{"type":"Feature","geometry":{"type":"Point","coordinates":[141.6892,45.4106]},"properties":{"name":"Wakkanai"}},{"type":"Feature","geometry":{"type":"Point","coordinates":[134.1879,35.5403]},"properties":{"name":"Tottori"}},{"type":"Feature","geometry":{"type":"Point","coordinates":[40.9016,-2.2681]},"properties":{"name":"Lamu"}},{"type":"Feature","geometry":{"type":"Point","coordinates":[126.5881,35.9597]},"properties":{"name":"Gunsan"}},{"type":"Feature","geometry":{"type":"Point","coordinates":[129.4028,36.0197]},"properties":{"name":"Pohang"}},{"type":"Feature","geometry":{"type":"Point","coordinates":[129.1883,37.4336]},"properties":{"name":"Samcheok"}},{"type":"Feature","geometry":{"type":"Point","coordinates":[128.5923,38.2069]},"properties":{"name":"Sokcho"}},{"type":"Feature","geometry":{"type":"Point","coordinates":[129.3856,35.4878]},"properties":{"name":"Ulsan"}},{"type":"Feature","geometry":{"type":"Point","coordinates":[35.8191,34.4553]},"properties":{"name":"Tripoli"}},{"type":"Feature","geometry":{"type":"Point","coordinates":[-10.0526,5.8581]},"properties":{"name":"Buchanan"}},{"type":"Feature","geometry":{"type":"Point","coordinates":[13.1936,32.9075]},"properties":{"name":"Tripoli"}},{"type":"Feature","geometry":{"type":"Point","coordinates":[-9.6349,30.4239]},"properties":{"name":"Agadir"}},{"type":"Feature","geometry":{"type":"Point","coordinates":[-3.9198,35.2478]},"properties":{"name":"Al Hoceima"}},{"type":"Feature","geometry":{"type":"Point","coordinates":[-15.9339,23.6822]},"properties":{"name":"Dakhla"}},{"type":"Feature","geometry":{"type":"Point","coordinates":[50.2762,-14.9]},"properties":{"name":"Antalaha"}},{"type":"Feature","geometry":{"type":"Point","coordinates":[48.0188,-22.1425]},"properties":{"name":"Manakara"}},{"type":"Feature","geometry":{"type":"Point","coordinates":[48.3262,-21.2492]},"properties":{"name":"Mananjary"}},{"type":"Feature","geometry":{"type":"Point","coordinates":[44.272,-20.2886]},"properties":{"name":"Morondava"}},{"type":"Feature","geometry":{"type":"Point","coordinates":[49.422,-18.1572]},"properties":{"name":"Toamasina"}},{"type":"Feature","geometry":{"type":"Point","coordinates":[-111.3369,26.0147]},"properties":{"name":"Loreto"}},{"type":"Feature","geometry":{"type":"Point","coordinates":[-90.5904,19.8125]},"properties":{"name":"Campeche"}},{"type":"Feature","geometry":{"type":"Point","coordinates":[-86.9574,20.495]},"properties":{"name":"Cozumel"}},{"type":"Feature","geometry":{"type":"Point","coordinates":[-110.3104,24.1694]},"properties":{"name":"La Paz"}},{"type":"Feature","geometry":{"type":"Point","coordinates":[-87.0677,20.6244]},"properties":{"name":"Playa del Carmen"}},{"type":"Feature","geometry":{"type":"Point","coordinates":[-113.5423,31.3061]},"properties":{"name":"Puerto Penasco"}},{"type":"Feature","geometry":{"type":"Point","coordinates":[-105.2409,20.6592]},"properties":{"name":"Puerto Vallarta"}},{"type":"Feature","geometry":{"type":"Point","coordinates":[-94.419,18.1297]},"properties":{"name":"Coatzacoalcos"}},{"type":"Feature","geometry":{"type":"Point","coordinates":[94.7234,16.7797]},"properties":{"name":"Bassein"}},{"type":"Feature","geometry":{"type":"Point","coordinates":[40.6672,-14.5414]},"properties":{"name":"Nacala"}},{"type":"Feature","geometry":{"type":"Point","coordinates":[40.4849,-12.9667]},"properties":{"name":"Pemba"}},{"type":"Feature","geometry":{"type":"Point","coordinates":[36.8771,-17.8817]},"properties":{"name":"Quelimane"}},{"type":"Feature","geometry":{"type":"Point","coordinates":[57.4899,-20.1481]},"properties":{"name":"Port Louis"}},{"type":"Feature","geometry":{"type":"Point","coordinates":[102.1234,2.2489]},"properties":{"name":"Malacca"}},{"type":"Feature","geometry":{"type":"Point","coordinates":[101.7886,2.5361]},"properties":{"name":"Port Dickson"}},{"type":"Feature","geometry":{"type":"Point","coordinates":[14.5005,-22.9406]},"properties":{"name":"Walvis Bay"}},{"type":"Feature","geometry":{"type":"Point","coordinates":[8.3168,4.9864]},"properties":{"name":"Calabar"}},{"type":"Feature","geometry":{"type":"Point","coordinates":[6.5869,53.2183]},"properties":{"name":"Groningen"}},{"type":"Feature","geometry":{"type":"Point","coordinates":[23.237,69.9678]},"properties":{"name":"Alta"}},{"type":"Feature","geometry":{"type":"Point","coordinates":[16.1237,69.3242]},"properties":{"name":"Andenes"}},{"type":"Feature","geometry":{"type":"Point","coordinates":[12.2019,65.4725]},"properties":{"name":"Bronnoysund"}},{"type":"Feature","geometry":{"type":"Point","coordinates":[6.7899,58.0886]},"properties":{"name":"Farsund"}},{"type":"Feature","geometry":{"type":"Point","coordinates":[5.0028,61.5978]},"properties":{"name":"Floro"}},{"type":"Feature","geometry":{"type":"Point","coordinates":[7.9863,58.1419]},"properties":{"name":"Kristiansand"}},{"type":"Feature","geometry":{"type":"Point","coordinates":[11.49,64.4642]},"properties":{"name":"Namsos"}},{"type":"Feature","geometry":{"type":"Point","coordinates":[11.2269,64.8606]},"properties":{"name":"Rorvik"}},{"type":"Feature","geometry":{"type":"Point","coordinates":[12.6188,66.0217]},"properties":{"name":"Sandnessjoen"}},{"type":"Feature","geometry":{"type":"Point","coordinates":[14.9099,68.5683]},"properties":{"name":"Stokmarknes"}},{"type":"Feature","geometry":{"type":"Point","coordinates":[5.5014,59.78]},"properties":{"name":"Stord"}},{"type":"Feature","geometry":{"type":"Point","coordinates":[174.0044,-41.2856]},"properties":{"name":"Picton"}},{"type":"Feature","geometry":{"type":"Point","coordinates":[170.5193,-45.8758]},"properties":{"name":"Dunedin"}},{"type":"Feature","geometry":{"type":"Point","coordinates":[54.0032,16.9417]},"properties":{"name":"Salalah"}},{"type":"Feature","geometry":{"type":"Point","coordinates":[62.3386,25.1122]},"properties":{"name":"Gwadar"}},{"type":"Feature","geometry":{"type":"Point","coordinates":[-82.2376,9.34]},"properties":{"name":"Bocas del Toro"}},{"type":"Feature","geometry":{"type":"Point","coordinates":[-78.1511,8.4136]},"properties":{"name":"La Palma"}},{"type":"Feature","geometry":{"type":"Point","coordinates":[-78.6078,-9.0767]},"properties":{"name":"Chimbote"}},{"type":"Feature","geometry":{"type":"Point","coordinates":[-71.3438,-17.6469]},"properties":{"name":"Ilo"}},{"type":"Feature","geometry":{"type":"Point","coordinates":[-72.0102,-17.0311]},"properties":{"name":"Mollendo"}},{"type":"Feature","geometry":{"type":"Point","coordinates":[-76.222,-13.7331]},"properties":{"name":"Pisco"}},{"type":"Feature","geometry":{"type":"Point","coordinates":[123.3081,9.3119]},"properties":{"name":"Dumaguete"}},{"type":"Feature","geometry":{"type":"Point","coordinates":[125.1542,6.0861]},"properties":{"name":"General Santos"}},{"type":"Feature","geometry":{"type":"Point","coordinates":[154.672,-5.4319]},"properties":{"name":"Buka"}},{"type":"Feature","geometry":{"type":"Point","coordinates":[143.2065,-9.0683]},"properties":{"name":"Daru"}},{"type":"Feature","geometry":{"type":"Point","coordinates":[146.9847,-6.7411]},"properties":{"name":"Lae"}},{"type":"Feature","geometry":{"type":"Point","coordinates":[145.8004,-5.2133]},"properties":{"name":"Madang"}},{"type":"Feature","geometry":{"type":"Point","coordinates":[18.6688,54.3933]},"properties":{"name":"Gdansk"}},{"type":"Feature","geometry":{"type":"Point","coordinates":[18.5385,54.5333]},"properties":{"name":"Gdynia"}},{"type":"Feature","geometry":{"type":"Point","coordinates":[-67.1571,18.4294]},"properties":{"name":"Aguadilla"}},{"type":"Feature","geometry":{"type":"Point","coordinates":[-66.7004,18.4814]},"properties":{"name":"Arecibo"}},{"type":"Feature","geometry":{"type":"Point","coordinates":[-67.1569,18.2139]},"properties":{"name":"Mayaguez"}},{"type":"Feature","geometry":{"type":"Point","coordinates":[-7.926,37.0106]},"properties":{"name":"Faro"}},{"type":"Feature","geometry":{"type":"Point","coordinates":[-151.75,-16.5167]},"properties":{"name":"Bora-Bora"}},{"type":"Feature","geometry":{"type":"Point","coordinates":[28.8168,45.1911]},"properties":{"name":"Tulcea"}},{"type":"Feature","geometry":{"type":"Point","coordinates":[61.5592,69.7561]},"properties":{"name":"Amderma"}},{"type":"Feature","geometry":{"type":"Point","coordinates":[177.5386,64.7442]},"properties":{"name":"Anadyr"}},{"type":"Feature","geometry":{"type":"Point","coordinates":[170.2771,69.7017]},"properties":{"name":"Pevek"}},{"type":"Feature","geometry":{"type":"Point","coordinates":[-16.072,14.1294]},"properties":{"name":"Kaolack"}},{"type":"Feature","geometry":{"type":"Point","coordinates":[-16.2681,12.5897]},"properties":{"name":"Ziguinchor"}},{"type":"Feature","geometry":{"type":"Point","coordinates":[15.6237,78.2261]},"properties":{"name":"Longyearbyen"}},{"type":"Feature","geometry":{"type":"Point","coordinates":[156.8388,-8.1014]},"properties":{"name":"Gizo"}},{"type":"Feature","geometry":{"type":"Point","coordinates":[157.726,-8.4997]},"properties":{"name":"Viru Harbour"}},{"type":"Feature","geometry":{"type":"Point","coordinates":[42.5411,-0.3742]},"properties":{"name":"Kismayu"}},{"type":"Feature","geometry":{"type":"Point","coordinates":[13.5202,59.3753]},"properties":{"name":"Karlstad"}},{"type":"Feature","geometry":{"type":"Point","coordinates":[13.1594,58.5092]},"properties":{"name":"Lidkoping"}},{"type":"Feature","geometry":{"type":"Point","coordinates":[21.2518,64.6783]},"properties":{"name":"Skelleftea"}},{"type":"Feature","geometry":{"type":"Point","coordinates":[20.2677,63.8167]},"properties":{"name":"Umea"}},{"type":"Feature","geometry":{"type":"Point","coordinates":[-72.256,21.7628]},"properties":{"name":"Providenciales"}},{"type":"Feature","geometry":{"type":"Point","coordinates":[100.5697,7.2286]},"properties":{"name":"Songkhla"}},{"type":"Feature","geometry":{"type":"Point","coordinates":[27.9572,40.3542]},"properties":{"name":"Bandirma"}},{"type":"Feature","geometry":{"type":"Point","coordinates":[36.3404,41.2997]},"properties":{"name":"Samsun"}},{"type":"Feature","geometry":{"type":"Point","coordinates":[35.1429,42.0233]},"properties":{"name":"Sinop"}},{"type":"Feature","geometry":{"type":"Point","coordinates":[39.7365,41.0056]},"properties":{"name":"Trabzon"}},{"type":"Feature","geometry":{"type":"Point","coordinates":[33.5415,44.6189]},"properties":{"name":"Sevastopol"}},{"type":"Feature","geometry":{"type":"Point","coordinates":[-135.3223,59.4508]},"properties":{"name":"Skagway"}},{"type":"Feature","geometry":{"type":"Point","coordinates":[-146.3571,61.1036]},"properties":{"name":"Valdez"}},{"type":"Feature","geometry":{"type":"Point","coordinates":[-84.9867,29.7275]},"properties":{"name":"Apalachicola"}},{"type":"Feature","geometry":{"type":"Point","coordinates":[-76.4743,38.965]},"properties":{"name":"Annapolis"}},{"type":"Feature","geometry":{"type":"Point","coordinates":[-76.0711,38.5742]},"properties":{"name":"Cambridge"}},{"type":"Feature","geometry":{"type":"Point","coordinates":[-122.7837,45.6058]},"properties":{"name":"Portland"}},{"type":"Feature","geometry":{"type":"Point","coordinates":[-122.6377,47.5625]},"properties":{"name":"Bremerton"}},{"type":"Feature","geometry":{"type":"Point","coordinates":[-69.1021,44.1031]},"properties":{"name":"Rockland"}},{"type":"Feature","geometry":{"type":"Point","coordinates":[-122.0014,36.9664]},"properties":{"name":"Santa Cruz"}},{"type":"Feature","geometry":{"type":"Point","coordinates":[-76.2395,36.7225]},"properties":{"name":"Chesapeake"}},{"type":"Feature","geometry":{"type":"Point","coordinates":[-64.1877,10.4742]},"properties":{"name":"Cumana"}},{"type":"Feature","geometry":{"type":"Point","coordinates":[106.6751,20.8672]},"properties":{"name":"Hai Phong"}},{"type":"Feature","geometry":{"type":"Point","coordinates":[19.9106,39.6219]},"properties":{"name":"Corfu"}},{"type":"Feature","geometry":{"type":"Point","coordinates":[30.1677,31.3349]},"properties":{"name":"Alexandria"}},{"type":"Feature","geometry":{"type":"Point","coordinates":[-5.825,35.7961]},"properties":{"name":"Tangier"}},{"type":"Feature","geometry":{"type":"Point","coordinates":[-79.85,43.25]},"properties":{"name":"Hamilton"}},{"type":"Feature","geometry":{"type":"Point","coordinates":[-83.03,42.31]},"properties":{"name":"Windsor"}},{"type":"Feature","geometry":{"type":"Point","coordinates":[-83.11,42.28]},"properties":{"name":"Rouge River"}},{"type":"Feature","geometry":{"type":"Point","coordinates":[-80.93,44.58]},"properties":{"name":"Owen Sound"}},{"type":"Feature","geometry":{"type":"Point","coordinates":[-84.35,46.51]},"properties":{"name":"Sault Ste Marie"}},{"type":"Feature","geometry":{"type":"Point","coordinates":[-83.93,43.43]},"properties":{"name":"Saginaw"}},{"type":"Feature","geometry":{"type":"Point","coordinates":[-84.46,45.65]},"properties":{"name":"Cheboygan"}},{"type":"Feature","geometry":{"type":"Point","coordinates":[-84.35,46.5]},"properties":{"name":"Sault Ste Marie"}},{"type":"Feature","geometry":{"type":"Point","coordinates":[-86.26,43.23]},"properties":{"name":"Muskegon"}},{"type":"Feature","geometry":{"type":"Point","coordinates":[-87.33,41.61]},"properties":{"name":"Gary"}},{"type":"Feature","geometry":{"type":"Point","coordinates":[-87.81,42.36]},"properties":{"name":"Waukegan"}},{"type":"Feature","geometry":{"type":"Point","coordinates":[-88.56,47.11]},"properties":{"name":"Houghton"}},{"type":"Feature","geometry":{"type":"Point","coordinates":[-132.38,56.46]},"properties":{"name":"Wrangell"}},{"type":"Feature","geometry":{"type":"Point","coordinates":[-132.95,56.81]},"properties":{"name":"Petersburg"}},{"type":"Feature","geometry":{"type":"Point","coordinates":[24.56,65.73]},"properties":{"name":"Kemi"}},{"type":"Feature","geometry":{"type":"Point","coordinates":[21.58,63.1]},"properties":{"name":"Vaasa"}},{"type":"Feature","geometry":{"type":"Point","coordinates":[22.23,60.45]},"properties":{"name":"Turku"}},{"type":"Feature","geometry":{"type":"Point","coordinates":[21.01,56.51]},"properties":{"name":"Liepaja"}},{"type":"Feature","geometry":{"type":"Point","coordinates":[4.11,51.95]},"properties":{"name":"Europoort"}},{"type":"Feature","geometry":{"type":"Point","coordinates":[-6.36,58.18]},"properties":{"name":"Stornoway Harbor"}},{"type":"Feature","geometry":{"type":"Point","coordinates":[-9.16,38.7]},"properties":{"name":"Lisboa"}},{"type":"Feature","geometry":{"type":"Point","coordinates":[-6.33,36.8]},"properties":{"name":"Bonanza"}},{"type":"Feature","geometry":{"type":"Point","coordinates":[1.45,38.9]},"properties":{"name":"Ibiza"}},{"type":"Feature","geometry":{"type":"Point","coordinates":[39.71,47.16]},"properties":{"name":"Rostov-Na-Donu"}},{"type":"Feature","geometry":{"type":"Point","coordinates":[34.76,32.06]},"properties":{"name":"Tel Aviv Yafo"}},{"type":"Feature","geometry":{"type":"Point","coordinates":[10.25,36.8]},"properties":{"name":"Tunis"}},{"type":"Feature","geometry":{"type":"Point","coordinates":[5.08,36.75]},"properties":{"name":"Bejaia"}},{"type":"Feature","geometry":{"type":"Point","coordinates":[3.06,36.76]},"properties":{"name":"Alger"}},{"type":"Feature","geometry":{"type":"Point","coordinates":[-16.51,16.01]},"properties":{"name":"St Louis"}},{"type":"Feature","geometry":{"type":"Point","coordinates":[3.3,6.41]},"properties":{"name":"Tin Can Island"}},{"type":"Feature","geometry":{"type":"Point","coordinates":[40.73,-15.03]},"properties":{"name":"Mocambique"}},{"type":"Feature","geometry":{"type":"Point","coordinates":[42.75,13]},"properties":{"name":"Assab"}},{"type":"Feature","geometry":{"type":"Point","coordinates":[39.46,15.61]},"properties":{"name":"Massawa"}},{"type":"Feature","geometry":{"type":"Point","coordinates":[34.95,29.55]},"properties":{"name":"Elat"}},{"type":"Feature","geometry":{"type":"Point","coordinates":[47.96,29.38]},"properties":{"name":"Al Kuwayt"}},{"type":"Feature","geometry":{"type":"Point","coordinates":[72.83,18.83]},"properties":{"name":"Bombay"}},{"type":"Feature","geometry":{"type":"Point","coordinates":[72.93,18.95]},"properties":{"name":"Jawaharlal Nehru Port"}},{"type":"Feature","geometry":{"type":"Point","coordinates":[76.23,9.96]},"properties":{"name":"Cochin"}},{"type":"Feature","geometry":{"type":"Point","coordinates":[80.3,13.1]},"properties":{"name":"Madras"}},{"type":"Feature","geometry":{"type":"Point","coordinates":[88.31,22.55]},"properties":{"name":"Calcutta"}},{"type":"Feature","geometry":{"type":"Point","coordinates":[98.4,7.83]},"properties":{"name":"Phuket"}},{"type":"Feature","geometry":{"type":"Point","coordinates":[100.35,5.41]},"properties":{"name":"Pulau Pinang"}},{"type":"Feature","geometry":{"type":"Point","coordinates":[98.68,3.78]},"properties":{"name":"Belawan"}},{"type":"Feature","geometry":{"type":"Point","coordinates":[110.41,-6.95]},"properties":{"name":"Semarang"}},{"type":"Feature","geometry":{"type":"Point","coordinates":[123.58,-10.16]},"properties":{"name":"Kupang"}},{"type":"Feature","geometry":{"type":"Point","coordinates":[110.35,1.56]},"properties":{"name":"Kuching"}},{"type":"Feature","geometry":{"type":"Point","coordinates":[113.96,4.38]},"properties":{"name":"Miri"}},{"type":"Feature","geometry":{"type":"Point","coordinates":[116.06,5.98]},"properties":{"name":"Kota Kinabalu"}},{"type":"Feature","geometry":{"type":"Point","coordinates":[118.11,5.83]},"properties":{"name":"Pelabuhan Sandakan"}},{"type":"Feature","geometry":{"type":"Point","coordinates":[119.4,-5.13]},"properties":{"name":"Ujungpandang"}},{"type":"Feature","geometry":{"type":"Point","coordinates":[125.61,7.06]},"properties":{"name":"Davao"}},{"type":"Feature","geometry":{"type":"Point","coordinates":[118.75,32.08]},"properties":{"name":"Nanjing"}},{"type":"Feature","geometry":{"type":"Point","coordinates":[114.28,30.58]},"properties":{"name":"Hankow"}},{"type":"Feature","geometry":{"type":"Point","coordinates":[112.98,28.2]},"properties":{"name":"Chang Sha"}},{"type":"Feature","geometry":{"type":"Point","coordinates":[135.16,48.5]},"properties":{"name":"Khabarovsk"}},{"type":"Feature","geometry":{"type":"Point","coordinates":[158.65,53.05]},"properties":{"name":"Petropavlovsk"}},{"type":"Feature","geometry":{"type":"Point","coordinates":[12.1355,-15.1936]},"properties":{"name":"Namibe"}},{"type":"Feature","geometry":{"type":"Point","coordinates":[-62.2709,-38.7914]},"properties":{"name":"Bahia Blanca"}},{"type":"Feature","geometry":{"type":"Point","coordinates":[-57.8902,-34.8553]},"properties":{"name":"La Plata"}},{"type":"Feature","geometry":{"type":"Point","coordinates":[-68.3009,-54.8094]},"properties":{"name":"Ushuaia"}},{"type":"Feature","geometry":{"type":"Point","coordinates":[-65.0333,-42.7361]},"properties":{"name":"Puerto Madryn"}},{"type":"Feature","geometry":{"type":"Point","coordinates":[-170.6879,-14.2742]},"properties":{"name":"Pago Pago"}},{"type":"Feature","geometry":{"type":"Point","coordinates":[149.2237,-21.1083]},"properties":{"name":"Mackay"}},{"type":"Feature","geometry":{"type":"Point","coordinates":[135.8695,-34.7183]},"properties":{"name":"Port Lincoln"}},{"type":"Feature","geometry":{"type":"Point","coordinates":[138.0072,-33.1769]},"properties":{"name":"Port Pirie"}},{"type":"Feature","geometry":{"type":"Point","coordinates":[117.8867,-35.0317]},"properties":{"name":"Albany"}},{"type":"Feature","geometry":{"type":"Point","coordinates":[115.4709,-20.7258]},"properties":{"name":"Barrow Island"}},{"type":"Feature","geometry":{"type":"Point","coordinates":[115.6512,-33.3153]},"properties":{"name":"Bunbury"}},{"type":"Feature","geometry":{"type":"Point","coordinates":[145.9081,-41.0528]},"properties":{"name":"Burnie"}},{"type":"Feature","geometry":{"type":"Point","coordinates":[144.3874,-38.1267]},"properties":{"name":"Geelong"}},{"type":"Feature","geometry":{"type":"Point","coordinates":[151.2518,-23.83]},"properties":{"name":"Gladstone"}},{"type":"Feature","geometry":{"type":"Point","coordinates":[151.7691,-32.9075]},"properties":{"name":"Newcastle"}},{"type":"Feature","geometry":{"type":"Point","coordinates":[150.8936,-34.4625]},"properties":{"name":"Port Kembla"}},{"type":"Feature","geometry":{"type":"Point","coordinates":[141.6094,-38.3492]},"properties":{"name":"Portland"}},{"type":"Feature","geometry":{"type":"Point","coordinates":[142.219,-10.5856]},"properties":{"name":"Thursday Island"}},{"type":"Feature","geometry":{"type":"Point","coordinates":[146.8248,-19.2508]},"properties":{"name":"Townsville"}},{"type":"Feature","geometry":{"type":"Point","coordinates":[141.8667,-12.67]},"properties":{"name":"Weipa"}},{"type":"Feature","geometry":{"type":"Point","coordinates":[137.5908,-33.0383]},"properties":{"name":"Whyalla"}},{"type":"Feature","geometry":{"type":"Point","coordinates":[128.1009,-15.4514]},"properties":{"name":"Wyndham"}},{"type":"Feature","geometry":{"type":"Point","coordinates":[4.3862,50.8861]},"properties":{"name":"Brussel (Bruxelles)"}},{"type":"Feature","geometry":{"type":"Point","coordinates":[3.7674,51.1144]},"properties":{"name":"Gent (Ghent)"}},{"type":"Feature","geometry":{"type":"Point","coordinates":[-39.0257,-14.7803]},"properties":{"name":"Ilheus"}},{"type":"Feature","geometry":{"type":"Point","coordinates":[-35.7223,-9.6789]},"properties":{"name":"Maceio"}},{"type":"Feature","geometry":{"type":"Point","coordinates":[-35.2,-5.7831]},"properties":{"name":"Natal"}},{"type":"Feature","geometry":{"type":"Point","coordinates":[-52.0762,-32.0561]},"properties":{"name":"Rio Grande"}},{"type":"Feature","geometry":{"type":"Point","coordinates":[-40.3351,-20.3233]},"properties":{"name":"Vitoria"}},{"type":"Feature","geometry":{"type":"Point","coordinates":[-127.6888,52.3508]},"properties":{"name":"Ocean Falls"}},{"type":"Feature","geometry":{"type":"Point","coordinates":[-53.9869,47.2931]},"properties":{"name":"Argentia"}},{"type":"Feature","geometry":{"type":"Point","coordinates":[-65.65,47.6167]},"properties":{"name":"Bathurst"}},{"type":"Feature","geometry":{"type":"Point","coordinates":[-64.4372,48.8244]},"properties":{"name":"Gaspe"}},{"type":"Feature","geometry":{"type":"Point","coordinates":[-124.8193,49.23]},"properties":{"name":"Port Alberni"}},{"type":"Feature","geometry":{"type":"Point","coordinates":[-124.5248,49.835]},"properties":{"name":"Powell River"}},{"type":"Feature","geometry":{"type":"Point","coordinates":[-66.3839,50.2064]},"properties":{"name":"Sept-Iles"}},{"type":"Feature","geometry":{"type":"Point","coordinates":[-60.203,46.1419]},"properties":{"name":"Sydney"}},{"type":"Feature","geometry":{"type":"Point","coordinates":[-72.539,46.3358]},"properties":{"name":"Trois-Rivieres (Three Rivers)"}},{"type":"Feature","geometry":{"type":"Point","coordinates":[-66.1209,43.8356]},"properties":{"name":"Yarmouth"}},{"type":"Feature","geometry":{"type":"Point","coordinates":[-68.5081,48.4778]},"properties":{"name":"Rimouski"}},{"type":"Feature","geometry":{"type":"Point","coordinates":[-69.5681,47.8467]},"properties":{"name":"Riviere-du-Loup"}},{"type":"Feature","geometry":{"type":"Point","coordinates":[-55.5771,51.3667]},"properties":{"name":"Saint-Anthony"}},{"type":"Feature","geometry":{"type":"Point","coordinates":[-63.787,46.3886]},"properties":{"name":"Summerside"}},{"type":"Feature","geometry":{"type":"Point","coordinates":[-70.322,-18.4731]},"properties":{"name":"Arica"}},{"type":"Feature","geometry":{"type":"Point","coordinates":[-70.2057,-22.0861]},"properties":{"name":"Tocopilla"}},{"type":"Feature","geometry":{"type":"Point","coordinates":[109.0706,21.4586]},"properties":{"name":"Beihai"}},{"type":"Feature","geometry":{"type":"Point","coordinates":[113.0019,22.5025]},"properties":{"name":"Jiangmen"}},{"type":"Feature","geometry":{"type":"Point","coordinates":[120.8847,27.9983]},"properties":{"name":"Wenzhou"}},{"type":"Feature","geometry":{"type":"Point","coordinates":[121.389,37.5711]},"properties":{"name":"Yantai"}},{"type":"Feature","geometry":{"type":"Point","coordinates":[113.5842,22.2397]},"properties":{"name":"Zhuhai"}},{"type":"Feature","geometry":{"type":"Point","coordinates":[-74.217,11.2519]},"properties":{"name":"Santa Marta"}},{"type":"Feature","geometry":{"type":"Point","coordinates":[-77.0534,3.8831]},"properties":{"name":"Buenaventura"}},{"type":"Feature","geometry":{"type":"Point","coordinates":[-23.5032,14.9447]},"properties":{"name":"Praia"}},{"type":"Feature","geometry":{"type":"Point","coordinates":[-83.1667,8.6378]},"properties":{"name":"Golfito"}},{"type":"Feature","geometry":{"type":"Point","coordinates":[-80.4537,22.14]},"properties":{"name":"Cienfuegos"}},{"type":"Feature","geometry":{"type":"Point","coordinates":[-77.1335,20.3375]},"properties":{"name":"Manzanillo"}},{"type":"Feature","geometry":{"type":"Point","coordinates":[-81.537,23.0514]},"properties":{"name":"Matanzas"}},{"type":"Feature","geometry":{"type":"Point","coordinates":[-75.8567,20.0017]},"properties":{"name":"Santiago de Cuba"}},{"type":"Feature","geometry":{"type":"Point","coordinates":[7.1929,53.3461]},"properties":{"name":"Emden"}},{"type":"Feature","geometry":{"type":"Point","coordinates":[9.4369,54.8033]},"properties":{"name":"Flensburg"}},{"type":"Feature","geometry":{"type":"Point","coordinates":[8.1221,53.53]},"properties":{"name":"Wilhelmshaven"}},{"type":"Feature","geometry":{"type":"Point","coordinates":[8.4339,55.4656]},"properties":{"name":"Esbjerg"}},{"type":"Feature","geometry":{"type":"Point","coordinates":[10.3869,55.4175]},"properties":{"name":"Odense"}},{"type":"Feature","geometry":{"type":"Point","coordinates":[9.7767,54.9069]},"properties":{"name":"Sonderborg"}},{"type":"Feature","geometry":{"type":"Point","coordinates":[14.6877,55.0961]},"properties":{"name":"Ronne"}},{"type":"Feature","geometry":{"type":"Point","coordinates":[-71.0865,18.2122]},"properties":{"name":"Barahona"}},{"type":"Feature","geometry":{"type":"Point","coordinates":[-71.6549,17.9253]},"properties":{"name":"Cabo Rojo"}},{"type":"Feature","geometry":{"type":"Point","coordinates":[-0.6367,35.7125]},"properties":{"name":"Oran"}},{"type":"Feature","geometry":{"type":"Point","coordinates":[-8.3879,43.3631]},"properties":{"name":"A Coruna"}},{"type":"Feature","geometry":{"type":"Point","coordinates":[-2.4713,36.8322]},"properties":{"name":"Almeria"}},{"type":"Feature","geometry":{"type":"Point","coordinates":[-5.6886,43.5586]},"properties":{"name":"Gijon"}},{"type":"Feature","geometry":{"type":"Point","coordinates":[-1.9869,43.3228]},"properties":{"name":"San Sebastian"}},{"type":"Feature","geometry":{"type":"Point","coordinates":[-3.8049,43.4422]},"properties":{"name":"Santander"}},{"type":"Feature","geometry":{"type":"Point","coordinates":[1.2202,41.0961]},"properties":{"name":"Tarragona"}},{"type":"Feature","geometry":{"type":"Point","coordinates":[25.4546,65.0158]},"properties":{"name":"Oulu"}},{"type":"Feature","geometry":{"type":"Point","coordinates":[-1.4938,43.5197]},"properties":{"name":"Bayonne"}},{"type":"Feature","geometry":{"type":"Point","coordinates":[1.5755,50.7236]},"properties":{"name":"Boulogne-sur-Mer"}},{"type":"Feature","geometry":{"type":"Point","coordinates":[-4.4714,48.3806]},"properties":{"name":"Brest"}},{"type":"Feature","geometry":{"type":"Point","coordinates":[7.0092,43.5481]},"properties":{"name":"Cannes"}},{"type":"Feature","geometry":{"type":"Point","coordinates":[-1.6176,49.6522]},"properties":{"name":"Cherbourg"}},{"type":"Feature","geometry":{"type":"Point","coordinates":[1.086,49.9264]},"properties":{"name":"Dieppe"}},{"type":"Feature","geometry":{"type":"Point","coordinates":[-1.6011,48.8347]},"properties":{"name":"Granville"}},{"type":"Feature","geometry":{"type":"Point","coordinates":[-1.1578,46.1467]},"properties":{"name":"La Rochelle"}},{"type":"Feature","geometry":{"type":"Point","coordinates":[-3.3521,47.7342]},"properties":{"name":"Lorient"}},{"type":"Feature","geometry":{"type":"Point","coordinates":[-3.8349,48.5853]},"properties":{"name":"Morlaix"}},{"type":"Feature","geometry":{"type":"Point","coordinates":[-0.953,45.9492]},"properties":{"name":"Rochefort"}},{"type":"Feature","geometry":{"type":"Point","coordinates":[5.9048,43.1106]},"properties":{"name":"Toulon"}},{"type":"Feature","geometry":{"type":"Point","coordinates":[9.5009,0.2883]},"properties":{"name":"Owendo"}},{"type":"Feature","geometry":{"type":"Point","coordinates":[-2.0746,57.1422]},"properties":{"name":"Aberdeen"}},{"type":"Feature","geometry":{"type":"Point","coordinates":[-3.0072,53.4364]},"properties":{"name":"Liverpool"}},{"type":"Feature","geometry":{"type":"Point","coordinates":[-4.1541,50.3647]},"properties":{"name":"Plymouth"}},{"type":"Feature","geometry":{"type":"Point","coordinates":[-1.1,50.8075]},"properties":{"name":"Portsmouth"}},{"type":"Feature","geometry":{"type":"Point","coordinates":[41.6505,41.6489]},"properties":{"name":"Batumi"}},{"type":"Feature","geometry":{"type":"Point","coordinates":[24.4019,40.9314]},"properties":{"name":"Kavala"}},{"type":"Feature","geometry":{"type":"Point","coordinates":[26.1378,38.3772]},"properties":{"name":"Chios"}},{"type":"Feature","geometry":{"type":"Point","coordinates":[22.1081,37.0228]},"properties":{"name":"Kalamata"}},{"type":"Feature","geometry":{"type":"Point","coordinates":[21.7349,38.2544]},"properties":{"name":"Patras"}},{"type":"Feature","geometry":{"type":"Point","coordinates":[22.9367,39.3528]},"properties":{"name":"Volos"}},{"type":"Feature","geometry":{"type":"Point","coordinates":[-52.1191,70.6747]},"properties":{"name":"Uummannaq"}},{"type":"Feature","geometry":{"type":"Point","coordinates":[-88.6041,15.7283]},"properties":{"name":"Puerto Barrios"}},{"type":"Feature","geometry":{"type":"Point","coordinates":[13.8347,44.8717]},"properties":{"name":"Pula"}},{"type":"Feature","geometry":{"type":"Point","coordinates":[14.4223,45.3275]},"properties":{"name":"Rijeka"}},{"type":"Feature","geometry":{"type":"Point","coordinates":[16.4255,43.515]},"properties":{"name":"Split"}},{"type":"Feature","geometry":{"type":"Point","coordinates":[114.5553,-3.3219]},"properties":{"name":"Banjarmasin"}},{"type":"Feature","geometry":{"type":"Point","coordinates":[107.6271,-2.75]},"properties":{"name":"Tanjung Pandan"}},{"type":"Feature","geometry":{"type":"Point","coordinates":[92.7239,11.6722]},"properties":{"name":"Port Blair"}},{"type":"Feature","geometry":{"type":"Point","coordinates":[70.2223,23.0136]},"properties":{"name":"Kandla"}},{"type":"Feature","geometry":{"type":"Point","coordinates":[79.8223,11.9142]},"properties":{"name":"Pondicherry"}},{"type":"Feature","geometry":{"type":"Point","coordinates":[-8.4244,51.9011]},"properties":{"name":"Cork"}},{"type":"Feature","geometry":{"type":"Point","coordinates":[-9.0438,53.27]},"properties":{"name":"Galway"}},{"type":"Feature","geometry":{"type":"Point","coordinates":[50.8369,28.9847]},"properties":{"name":"Bushehr"}},{"type":"Feature","geometry":{"type":"Point","coordinates":[13.4923,43.6183]},"properties":{"name":"Ancona"}},{"type":"Feature","geometry":{"type":"Point","coordinates":[16.8553,41.1369]},"properties":{"name":"Bari"}},{"type":"Feature","geometry":{"type":"Point","coordinates":[9.1076,39.2042]},"properties":{"name":"Cagliari"}},{"type":"Feature","geometry":{"type":"Point","coordinates":[9.5179,40.9228]},"properties":{"name":"Olbia"}},{"type":"Feature","geometry":{"type":"Point","coordinates":[14.2237,42.4678]},"properties":{"name":"Pescara"}},{"type":"Feature","geometry":{"type":"Point","coordinates":[15.6438,38.1244]},"properties":{"name":"Reggio Calabria"}},{"type":"Feature","geometry":{"type":"Point","coordinates":[12.5039,38.0136]},"properties":{"name":"Trapani"}},{"type":"Feature","geometry":{"type":"Point","coordinates":[140.7429,40.8314]},"properties":{"name":"Aomori"}},{"type":"Feature","geometry":{"type":"Point","coordinates":[140.709,41.7878]},"properties":{"name":"Hakodate"}},{"type":"Feature","geometry":{"type":"Point","coordinates":[130.5688,31.5925]},"properties":{"name":"Kagoshima"}},{"type":"Feature","geometry":{"type":"Point","coordinates":[133.5571,33.5242]},"properties":{"name":"Kochi"}},{"type":"Feature","geometry":{"type":"Point","coordinates":[144.3523,42.9886]},"properties":{"name":"Kushiro"}},{"type":"Feature","geometry":{"type":"Point","coordinates":[133.2595,33.9708]},"properties":{"name":"Niihama"}},{"type":"Feature","geometry":{"type":"Point","coordinates":[131.676,33.2722]},"properties":{"name":"Oita"}},{"type":"Feature","geometry":{"type":"Point","coordinates":[130.9011,33.9344]},"properties":{"name":"Shimonoseki"}},{"type":"Feature","geometry":{"type":"Point","coordinates":[141.6534,42.6375]},"properties":{"name":"Tomakomai"}},{"type":"Feature","geometry":{"type":"Point","coordinates":[137.2227,36.7572]},"properties":{"name":"Toyama"}},{"type":"Feature","geometry":{"type":"Point","coordinates":[131.2378,33.9383]},"properties":{"name":"Ube"}},{"type":"Feature","geometry":{"type":"Point","coordinates":[40.123,-3.2136]},"properties":{"name":"Malindi"}},{"type":"Feature","geometry":{"type":"Point","coordinates":[81.2039,8.5583]},"properties":{"name":"Trincomalee"}},{"type":"Feature","geometry":{"type":"Point","coordinates":[21.1342,55.6872]},"properties":{"name":"Klaipeda"}},{"type":"Feature","geometry":{"type":"Point","coordinates":[-9.2427,32.3075]},"properties":{"name":"Safi"}},{"type":"Feature","geometry":{"type":"Point","coordinates":[-116.6228,31.8508]},"properties":{"name":"Ensenada"}},{"type":"Feature","geometry":{"type":"Point","coordinates":[-110.8688,27.9192]},"properties":{"name":"Guaymas"}},{"type":"Feature","geometry":{"type":"Point","coordinates":[-104.3009,19.0706]},"properties":{"name":"Manzanillo"}},{"type":"Feature","geometry":{"type":"Point","coordinates":[-95.2019,16.1572]},"properties":{"name":"Salina Cruz"}},{"type":"Feature","geometry":{"type":"Point","coordinates":[145.7349,15.2258]},"properties":{"name":"Saipan"}},{"type":"Feature","geometry":{"type":"Point","coordinates":[-17.0418,20.9075]},"properties":{"name":"Nouadhibou"}},{"type":"Feature","geometry":{"type":"Point","coordinates":[15.1537,-26.6378]},"properties":{"name":"Luderitz"}},{"type":"Feature","geometry":{"type":"Point","coordinates":[-83.7569,12.0119]},"properties":{"name":"Bluefields"}},{"type":"Feature","geometry":{"type":"Point","coordinates":[6.1716,62.4725]},"properties":{"name":"Alesund"}},{"type":"Feature","geometry":{"type":"Point","coordinates":[29.7177,70.6342]},"properties":{"name":"Batsfjord"}},{"type":"Feature","geometry":{"type":"Point","coordinates":[14.3727,67.2889]},"properties":{"name":"Bodo"}},{"type":"Feature","geometry":{"type":"Point","coordinates":[23.6711,70.6672]},"properties":{"name":"Hammerfest"}},{"type":"Feature","geometry":{"type":"Point","coordinates":[5.2557,59.4122]},"properties":{"name":"Haugesund"}},{"type":"Feature","geometry":{"type":"Point","coordinates":[30.0557,69.7283]},"properties":{"name":"Kirkenes"}},{"type":"Feature","geometry":{"type":"Point","coordinates":[7.7333,63.115]},"properties":{"name":"Kristiansund"}},{"type":"Feature","geometry":{"type":"Point","coordinates":[14.1237,66.315]},"properties":{"name":"Mo i Rana"}},{"type":"Feature","geometry":{"type":"Point","coordinates":[7.1574,62.7364]},"properties":{"name":"Molde"}},{"type":"Feature","geometry":{"type":"Point","coordinates":[13.1869,65.8519]},"properties":{"name":"Mosjoen"}},{"type":"Feature","geometry":{"type":"Point","coordinates":[17.4186,68.4386]},"properties":{"name":"Narvik"}},{"type":"Feature","geometry":{"type":"Point","coordinates":[5.7372,58.9789]},"properties":{"name":"Stavanger"}},{"type":"Feature","geometry":{"type":"Point","coordinates":[29.7376,70.0711]},"properties":{"name":"Vadso"}},{"type":"Feature","geometry":{"type":"Point","coordinates":[31.1039,70.3733]},"properties":{"name":"Vardo"}},{"type":"Feature","geometry":{"type":"Point","coordinates":[174.0377,-39.0572]},"properties":{"name":"New Plymouth"}},{"type":"Feature","geometry":{"type":"Point","coordinates":[178.0225,-38.6725]},"properties":{"name":"Gisborne"}},{"type":"Feature","geometry":{"type":"Point","coordinates":[171.2005,-42.4447]},"properties":{"name":"Greymouth"}},{"type":"Feature","geometry":{"type":"Point","coordinates":[176.9181,-39.475]},"properties":{"name":"Napier"}},{"type":"Feature","geometry":{"type":"Point","coordinates":[176.1741,-37.6594]},"properties":{"name":"Tauranga"}},{"type":"Feature","geometry":{"type":"Point","coordinates":[174.9895,-39.9442]},"properties":{"name":"Wanganui"}},{"type":"Feature","geometry":{"type":"Point","coordinates":[171.5913,-41.7503]},"properties":{"name":"Westport"}},{"type":"Feature","geometry":{"type":"Point","coordinates":[174.3427,-35.7511]},"properties":{"name":"Whangarei"}},{"type":"Feature","geometry":{"type":"Point","coordinates":[171.2542,-44.3892]},"properties":{"name":"Timaru"}},{"type":"Feature","geometry":{"type":"Point","coordinates":[-81.2746,-4.5731]},"properties":{"name":"Talara"}},{"type":"Feature","geometry":{"type":"Point","coordinates":[123.6198,12.3681]},"properties":{"name":"Masbate"}},{"type":"Feature","geometry":{"type":"Point","coordinates":[120.2748,14.8083]},"properties":{"name":"Subic Bay"}},{"type":"Feature","geometry":{"type":"Point","coordinates":[150.4511,-10.3128]},"properties":{"name":"Alotau"}},{"type":"Feature","geometry":{"type":"Point","coordinates":[150.7867,-2.5847]},"properties":{"name":"Kavieng"}},{"type":"Feature","geometry":{"type":"Point","coordinates":[155.6269,-6.2153]},"properties":{"name":"Kieta"}},{"type":"Feature","geometry":{"type":"Point","coordinates":[152.1851,-4.2411]},"properties":{"name":"Rabaul"}},{"type":"Feature","geometry":{"type":"Point","coordinates":[141.2923,-2.6836]},"properties":{"name":"Vanimo"}},{"type":"Feature","geometry":{"type":"Point","coordinates":[-66.6102,17.9681]},"properties":{"name":"Ponce"}},{"type":"Feature","geometry":{"type":"Point","coordinates":[-8.867,37.9428]},"properties":{"name":"Sines"}},{"type":"Feature","geometry":{"type":"Point","coordinates":[-28.622,38.53]},"properties":{"name":"Horta"}},{"type":"Feature","geometry":{"type":"Point","coordinates":[40.5564,64.5425]},"properties":{"name":"Arkhangelsk"}},{"type":"Feature","geometry":{"type":"Point","coordinates":[33.0415,68.9725]},"properties":{"name":"Murmansk"}},{"type":"Feature","geometry":{"type":"Point","coordinates":[128.8728,71.6431]},"properties":{"name":"Tiksi"}},{"type":"Feature","geometry":{"type":"Point","coordinates":[42.5353,16.8903]},"properties":{"name":"Jizan"}},{"type":"Feature","geometry":{"type":"Point","coordinates":[45,10.4408]},"properties":{"name":"Berbera"}},{"type":"Feature","geometry":{"type":"Point","coordinates":[-57.0018,5.9517]},"properties":{"name":"Nieuw Nickerie"}},{"type":"Feature","geometry":{"type":"Point","coordinates":[13.0016,55.6256]},"properties":{"name":"Malmo"}},{"type":"Feature","geometry":{"type":"Point","coordinates":[17.1927,60.6844]},"properties":{"name":"Gavle"}},{"type":"Feature","geometry":{"type":"Point","coordinates":[12.85,56.655]},"properties":{"name":"Halmstad"}},{"type":"Feature","geometry":{"type":"Point","coordinates":[12.6876,56.0333]},"properties":{"name":"Helsingborg"}},{"type":"Feature","geometry":{"type":"Point","coordinates":[17.1186,61.7217]},"properties":{"name":"Hudiksvall"}},{"type":"Feature","geometry":{"type":"Point","coordinates":[16.3691,56.6592]},"properties":{"name":"Kalmar"}},{"type":"Feature","geometry":{"type":"Point","coordinates":[18.7259,63.2761]},"properties":{"name":"Ornskoldsvik"}},{"type":"Feature","geometry":{"type":"Point","coordinates":[15.3,56.1747]},"properties":{"name":"Ronneby"}},{"type":"Feature","geometry":{"type":"Point","coordinates":[17.0893,61.3083]},"properties":{"name":"Soderhamn"}},{"type":"Feature","geometry":{"type":"Point","coordinates":[16.6519,57.7558]},"properties":{"name":"Vastervik"}},{"type":"Feature","geometry":{"type":"Point","coordinates":[18.2746,57.6356]},"properties":{"name":"Visby"}},{"type":"Feature","geometry":{"type":"Point","coordinates":[27.508,40.9675]},"properties":{"name":"Tekirdag"}},{"type":"Feature","geometry":{"type":"Point","coordinates":[39.1032,-5.0656]},"properties":{"name":"Tanga"}},{"type":"Feature","geometry":{"type":"Point","coordinates":[32.6074,46.6186]},"properties":{"name":"Kherson"}},{"type":"Feature","geometry":{"type":"Point","coordinates":[-57.8422,-34.4717]},"properties":{"name":"Colonia"}},{"type":"Feature","geometry":{"type":"Point","coordinates":[-145.7564,60.55]},"properties":{"name":"Cordova"}},{"type":"Feature","geometry":{"type":"Point","coordinates":[-131.6713,55.3469]},"properties":{"name":"Ketchikan"}},{"type":"Feature","geometry":{"type":"Point","coordinates":[-68.7698,44.7919]},"properties":{"name":"Bangor"}},{"type":"Feature","geometry":{"type":"Point","coordinates":[-121.323,37.9506]},"properties":{"name":"Stockton"}},{"type":"Feature","geometry":{"type":"Point","coordinates":[-73.1764,41.1725]},"properties":{"name":"Bridgeport"}},{"type":"Feature","geometry":{"type":"Point","coordinates":[-72.9095,41.2864]},"properties":{"name":"New Haven"}},{"type":"Feature","geometry":{"type":"Point","coordinates":[-80.1087,26.0844]},"properties":{"name":"Port Everglades"}},{"type":"Feature","geometry":{"type":"Point","coordinates":[-81.1225,32.1108]},"properties":{"name":"Savannah"}},{"type":"Feature","geometry":{"type":"Point","coordinates":[-70.2395,43.6533]},"properties":{"name":"Portland"}},{"type":"Feature","geometry":{"type":"Point","coordinates":[-89.0885,30.3586]},"properties":{"name":"Gulfport"}},{"type":"Feature","geometry":{"type":"Point","coordinates":[-70.7686,43.0875]},"properties":{"name":"Portsmouth"}},{"type":"Feature","geometry":{"type":"Point","coordinates":[-74.1372,40.7]},"properties":{"name":"Newark"}},{"type":"Feature","geometry":{"type":"Point","coordinates":[-123.8262,46.1894]},"properties":{"name":"Astoria"}},{"type":"Feature","geometry":{"type":"Point","coordinates":[-80.1087,26.0844]},"properties":{"name":"Port Everglades"}},{"type":"Feature","geometry":{"type":"Point","coordinates":[-97.4046,27.8128]},"properties":{"name":"Corpus Christi"}},{"type":"Feature","geometry":{"type":"Point","coordinates":[-88.5372,30.3514]},"properties":{"name":"Pascagoula"}},{"type":"Feature","geometry":{"type":"Point","coordinates":[-122.4042,47.2672]},"properties":{"name":"Tacoma"}},{"type":"Feature","geometry":{"type":"Point","coordinates":[-94.0842,30.0778]},"properties":{"name":"Beaumont"}},{"type":"Feature","geometry":{"type":"Point","coordinates":[-122.9007,47.0533]},"properties":{"name":"Olympia"}},{"type":"Feature","geometry":{"type":"Point","coordinates":[-123.4351,48.1308]},"properties":{"name":"Port Angeles"}},{"type":"Feature","geometry":{"type":"Point","coordinates":[-122.7532,48.1144]},"properties":{"name":"Port Townsend"}},{"type":"Feature","geometry":{"type":"Point","coordinates":[-67.9931,10.4772]},"properties":{"name":"Puerto Cabello"}},{"type":"Feature","geometry":{"type":"Point","coordinates":[49.1438,14.5222]},"properties":{"name":"Mukalla"}},{"type":"Feature","geometry":{"type":"Point","coordinates":[27.9048,-33.0253]},"properties":{"name":"East London"}},{"type":"Feature","geometry":{"type":"Point","coordinates":[21.4183,-34.3753]},"properties":{"name":"Mossel Bay"}},{"type":"Feature","geometry":{"type":"Point","coordinates":[32.0562,-28.8047]},"properties":{"name":"Richards Bay"}},{"type":"Feature","geometry":{"type":"Point","coordinates":[-80.1,42.15]},"properties":{"name":"Erie"}},{"type":"Feature","geometry":{"type":"Point","coordinates":[-83.86,43.6]},"properties":{"name":"Bay City"}},{"type":"Feature","geometry":{"type":"Point","coordinates":[-87.88,43.03]},"properties":{"name":"Milwaukee"}},{"type":"Feature","geometry":{"type":"Point","coordinates":[-124.21,43.36]},"properties":{"name":"Coos Bay"}},{"type":"Feature","geometry":{"type":"Point","coordinates":[-135.33,57.05]},"properties":{"name":"Sitka"}},{"type":"Feature","geometry":{"type":"Point","coordinates":[-152.4,57.78]},"properties":{"name":"Kodiak"}},{"type":"Feature","geometry":{"type":"Point","coordinates":[13.5693,-12.3369]},"properties":{"name":"Lobito"}},{"type":"Feature","geometry":{"type":"Point","coordinates":[54.3727,24.525]},"properties":{"name":"Abu Dhabi"}},{"type":"Feature","geometry":{"type":"Point","coordinates":[-67.4599,-45.8558]},"properties":{"name":"Comodoro Rivadavia"}},{"type":"Feature","geometry":{"type":"Point","coordinates":[-57.5333,-38.0428]},"properties":{"name":"Mar del Plata"}},{"type":"Feature","geometry":{"type":"Point","coordinates":[145.7755,-16.9297]},"properties":{"name":"Cairns"}},{"type":"Feature","geometry":{"type":"Point","coordinates":[122.2092,-18.0025]},"properties":{"name":"Broome"}},{"type":"Feature","geometry":{"type":"Point","coordinates":[146.3675,-41.1678]},"properties":{"name":"Devonport"}},{"type":"Feature","geometry":{"type":"Point","coordinates":[147.3358,-42.8803]},"properties":{"name":"Hobart"}},{"type":"Feature","geometry":{"type":"Point","coordinates":[4.2938,51.2978]},"properties":{"name":"Antwerpen"}},{"type":"Feature","geometry":{"type":"Point","coordinates":[27.8886,43.1944]},"properties":{"name":"Varna"}},{"type":"Feature","geometry":{"type":"Point","coordinates":[-88.2019,17.4797]},"properties":{"name":"Belize City"}},{"type":"Feature","geometry":{"type":"Point","coordinates":[-64.7764,32.2911]},"properties":{"name":"Hamilton"}},{"type":"Feature","geometry":{"type":"Point","coordinates":[-48.4847,-1.4517]},"properties":{"name":"Belem"}},{"type":"Feature","geometry":{"type":"Point","coordinates":[-48.5191,-25.5008]},"properties":{"name":"Paranagua"}},{"type":"Feature","geometry":{"type":"Point","coordinates":[-51.2241,-30.0175]},"properties":{"name":"Porto Alegre"}},{"type":"Feature","geometry":{"type":"Point","coordinates":[-34.869,-8.0536]},"properties":{"name":"Recife"}},{"type":"Feature","geometry":{"type":"Point","coordinates":[-38.5048,-12.9586]},"properties":{"name":"Salvador"}},{"type":"Feature","geometry":{"type":"Point","coordinates":[-46.3005,-23.9689]},"properties":{"name":"Santos"}},{"type":"Feature","geometry":{"type":"Point","coordinates":[-63.119,46.2317]},"properties":{"name":"Charlottetown"}},{"type":"Feature","geometry":{"type":"Point","coordinates":[-63.5744,44.6569]},"properties":{"name":"Halifax"}},{"type":"Feature","geometry":{"type":"Point","coordinates":[-123.9264,49.1694]},"properties":{"name":"Nanaimo"}},{"type":"Feature","geometry":{"type":"Point","coordinates":[-71.209,46.8058]},"properties":{"name":"Quebec"}},{"type":"Feature","geometry":{"type":"Point","coordinates":[-123.4065,48.4311]},"properties":{"name":"Victoria"}},{"type":"Feature","geometry":{"type":"Point","coordinates":[-130.337,54.3097]},"properties":{"name":"Prince Rupert"}},{"type":"Feature","geometry":{"type":"Point","coordinates":[-66.0599,45.2678]},"properties":{"name":"Saint-John"}},{"type":"Feature","geometry":{"type":"Point","coordinates":[-70.4037,-23.6503]},"properties":{"name":"Antofagasta"}},{"type":"Feature","geometry":{"type":"Point","coordinates":[-70.1518,-20.2028]},"properties":{"name":"Iquique"}},{"type":"Feature","geometry":{"type":"Point","coordinates":[-72.9544,-41.4836]},"properties":{"name":"Puerto Montt"}},{"type":"Feature","geometry":{"type":"Point","coordinates":[110.275,20.0278]},"properties":{"name":"Haikou"}},{"type":"Feature","geometry":{"type":"Point","coordinates":[121.5534,29.8667]},"properties":{"name":"Ningbo"}},{"type":"Feature","geometry":{"type":"Point","coordinates":[118.02,24.45]},"properties":{"name":"Xiamen"}},{"type":"Feature","geometry":{"type":"Point","coordinates":[-3.9667,5.2331]},"properties":{"name":"Abidjan"}},{"type":"Feature","geometry":{"type":"Point","coordinates":[9.6856,4.055]},"properties":{"name":"Douala"}},{"type":"Feature","geometry":{"type":"Point","coordinates":[11.8269,-4.7844]},"properties":{"name":"Pointe Noire"}},{"type":"Feature","geometry":{"type":"Point","coordinates":[-74.7562,10.9672]},"properties":{"name":"Barranquilla"}},{"type":"Feature","geometry":{"type":"Point","coordinates":[43.2432,-11.7014]},"properties":{"name":"Moroni"}},{"type":"Feature","geometry":{"type":"Point","coordinates":[-82.756,23.0064]},"properties":{"name":"Mariel"}},{"type":"Feature","geometry":{"type":"Point","coordinates":[33.6393,34.9242]},"properties":{"name":"Larnaca"}},{"type":"Feature","geometry":{"type":"Point","coordinates":[33.0177,34.65]},"properties":{"name":"Limassol"}},{"type":"Feature","geometry":{"type":"Point","coordinates":[8.7511,53.0975]},"properties":{"name":"Bremen"}},{"type":"Feature","geometry":{"type":"Point","coordinates":[9.9585,53.5247]},"properties":{"name":"Hamburg"}},{"type":"Feature","geometry":{"type":"Point","coordinates":[43.1356,11.6019]},"properties":{"name":"Djibouti"}},{"type":"Feature","geometry":{"type":"Point","coordinates":[10.0053,57.0611]},"properties":{"name":"Aalborg"}},{"type":"Feature","geometry":{"type":"Point","coordinates":[9.7406,55.5581]},"properties":{"name":"Fredericia"}},{"type":"Feature","geometry":{"type":"Point","coordinates":[-0.4883,38.3353]},"properties":{"name":"Alicante"}},{"type":"Feature","geometry":{"type":"Point","coordinates":[-3.0269,43.3425]},"properties":{"name":"Bilbao"}},{"type":"Feature","geometry":{"type":"Point","coordinates":[-0.3184,39.4442]},"properties":{"name":"Valencia"}},{"type":"Feature","geometry":{"type":"Point","coordinates":[-60.0707,-51.9556]},"properties":{"name":"Fox Bay"}},{"type":"Feature","geometry":{"type":"Point","coordinates":[8.7388,41.92]},"properties":{"name":"Ajaccio"}},{"type":"Feature","geometry":{"type":"Point","coordinates":[9.4519,42.7]},"properties":{"name":"Bastia"}},{"type":"Feature","geometry":{"type":"Point","coordinates":[-0.5532,44.8653]},"properties":{"name":"Bordeaux"}},{"type":"Feature","geometry":{"type":"Point","coordinates":[1.8502,50.9658]},"properties":{"name":"Calais"}},{"type":"Feature","geometry":{"type":"Point","coordinates":[2.1709,51.0217]},"properties":{"name":"Dunkerque"}},{"type":"Feature","geometry":{"type":"Point","coordinates":[0.2351,49.4222]},"properties":{"name":"Honfleur"}},{"type":"Feature","geometry":{"type":"Point","coordinates":[9.4337,0.4008]},"properties":{"name":"Libreville"}},{"type":"Feature","geometry":{"type":"Point","coordinates":[8.7853,-0.7119]},"properties":{"name":"Port Gentil"}},{"type":"Feature","geometry":{"type":"Point","coordinates":[-5.8911,54.6206]},"properties":{"name":"Belfast"}},{"type":"Feature","geometry":{"type":"Point","coordinates":[1.3221,51.1208]},"properties":{"name":"Dover"}},{"type":"Feature","geometry":{"type":"Point","coordinates":[-4.2347,57.4867]},"properties":{"name":"Inverness"}},{"type":"Feature","geometry":{"type":"Point","coordinates":[-1.7385,4.8842]},"properties":{"name":"Takoradi"}},{"type":"Feature","geometry":{"type":"Point","coordinates":[-61.7271,15.9964]},"properties":{"name":"Basse-Terre"}},{"type":"Feature","geometry":{"type":"Point","coordinates":[-61.5385,16.2339]},"properties":{"name":"Pointe-a-Pitre"}},{"type":"Feature","geometry":{"type":"Point","coordinates":[-16.5704,13.4444]},"properties":{"name":"Banjul"}},{"type":"Feature","geometry":{"type":"Point","coordinates":[9.7381,1.8242]},"properties":{"name":"Bata"}},{"type":"Feature","geometry":{"type":"Point","coordinates":[25.1411,35.3456]},"properties":{"name":"Iraklion"}},{"type":"Feature","geometry":{"type":"Point","coordinates":[22.9177,40.635]},"properties":{"name":"Thessaloniki"}},{"type":"Feature","geometry":{"type":"Point","coordinates":[-52.3362,4.9353]},"properties":{"name":"Cayenne"}},{"type":"Feature","geometry":{"type":"Point","coordinates":[-52.6243,5.1589]},"properties":{"name":"Kourou"}},{"type":"Feature","geometry":{"type":"Point","coordinates":[-58.1672,6.8194]},"properties":{"name":"Georgetown"}},{"type":"Feature","geometry":{"type":"Point","coordinates":[-87.9402,15.8333]},"properties":{"name":"Puerto Cortes"}},{"type":"Feature","geometry":{"type":"Point","coordinates":[15.2193,44.1175]},"properties":{"name":"Zadar"}},{"type":"Feature","geometry":{"type":"Point","coordinates":[113.9167,-7.6167]},"properties":{"name":"Surabaya"}},{"type":"Feature","geometry":{"type":"Point","coordinates":[124.8259,1.4819]},"properties":{"name":"Manado"}},{"type":"Feature","geometry":{"type":"Point","coordinates":[117.2167,-1.05]},"properties":{"name":"Senipah"}},{"type":"Feature","geometry":{"type":"Point","coordinates":[72.206,21.77]},"properties":{"name":"Bhavnagar"}},{"type":"Feature","geometry":{"type":"Point","coordinates":[83.2872,17.6933]},"properties":{"name":"Visakhapatnam"}},{"type":"Feature","geometry":{"type":"Point","coordinates":[-8.6333,52.6628]},"properties":{"name":"Limerick"}},{"type":"Feature","geometry":{"type":"Point","coordinates":[56.2042,27.1408]},"properties":{"name":"Bandar Abbas"}},{"type":"Feature","geometry":{"type":"Point","coordinates":[-21.8379,64.1483]},"properties":{"name":"Reykjavik"}},{"type":"Feature","geometry":{"type":"Point","coordinates":[-14.0042,65.2628]},"properties":{"name":"Seydisfjordur"}},{"type":"Feature","geometry":{"type":"Point","coordinates":[13.7542,45.645]},"properties":{"name":"Trieste"}},{"type":"Feature","geometry":{"type":"Point","coordinates":[132.4214,34.3653]},"properties":{"name":"Hiroshima"}},{"type":"Feature","geometry":{"type":"Point","coordinates":[135.2381,34.6842]},"properties":{"name":"Kobe"}},{"type":"Feature","geometry":{"type":"Point","coordinates":[129.8595,32.7403]},"properties":{"name":"Nagasaki"}},{"type":"Feature","geometry":{"type":"Point","coordinates":[141.0167,43.1969]},"properties":{"name":"Otaru"}},{"type":"Feature","geometry":{"type":"Point","coordinates":[139.7885,35.6247]},"properties":{"name":"Tokyo"}},{"type":"Feature","geometry":{"type":"Point","coordinates":[-10.7938,6.3456]},"properties":{"name":"Monrovia"}},{"type":"Feature","geometry":{"type":"Point","coordinates":[79.8502,6.9514]},"properties":{"name":"Colombo"}},{"type":"Feature","geometry":{"type":"Point","coordinates":[-7.6002,33.6089]},"properties":{"name":"Casablanca"}},{"type":"Feature","geometry":{"type":"Point","coordinates":[7.4209,43.7319]},"properties":{"name":"Monaco"}},{"type":"Feature","geometry":{"type":"Point","coordinates":[-99.9025,16.8444]},"properties":{"name":"Acapulco"}},{"type":"Feature","geometry":{"type":"Point","coordinates":[-106.3934,23.1922]},"properties":{"name":"Mazatlan"}},{"type":"Feature","geometry":{"type":"Point","coordinates":[-97.8337,22.2369]},"properties":{"name":"Tampico"}},{"type":"Feature","geometry":{"type":"Point","coordinates":[34.8335,-19.8192]},"properties":{"name":"Beira"}},{"type":"Feature","geometry":{"type":"Point","coordinates":[32.5571,-25.9728]},"properties":{"name":"Maputo"}},{"type":"Feature","geometry":{"type":"Point","coordinates":[-16.0214,18.0353]},"properties":{"name":"Nouakchott"}},{"type":"Feature","geometry":{"type":"Point","coordinates":[-62.2198,16.7033]},"properties":{"name":"Plymouth"}},{"type":"Feature","geometry":{"type":"Point","coordinates":[-61.0569,14.5992]},"properties":{"name":"Fort-de-France"}},{"type":"Feature","geometry":{"type":"Point","coordinates":[166.4259,-22.2597]},"properties":{"name":"Noumea"}},{"type":"Feature","geometry":{"type":"Point","coordinates":[7.0032,4.7692]},"properties":{"name":"Port Harcourt"}},{"type":"Feature","geometry":{"type":"Point","coordinates":[-87.1691,12.4819]},"properties":{"name":"Corinto"}},{"type":"Feature","geometry":{"type":"Point","coordinates":[4.2929,51.9272]},"properties":{"name":"Rotterdam"}},{"type":"Feature","geometry":{"type":"Point","coordinates":[5.3197,60.3969]},"properties":{"name":"Bergen"}},{"type":"Feature","geometry":{"type":"Point","coordinates":[18.9688,69.6558]},"properties":{"name":"Tromso"}},{"type":"Feature","geometry":{"type":"Point","coordinates":[10.389,63.4378]},"properties":{"name":"Trondheim"}},{"type":"Feature","geometry":{"type":"Point","coordinates":[173.272,-41.2597]},"properties":{"name":"Nelson"}},{"type":"Feature","geometry":{"type":"Point","coordinates":[58.409,23.6067]},"properties":{"name":"Muscat"}},{"type":"Feature","geometry":{"type":"Point","coordinates":[123.9227,10.3064]},"properties":{"name":"Cebu"}},{"type":"Feature","geometry":{"type":"Point","coordinates":[122.0714,6.9028]},"properties":{"name":"Zamboanga"}},{"type":"Feature","geometry":{"type":"Point","coordinates":[147.1511,-9.4672]},"properties":{"name":"Port Moresby"}},{"type":"Feature","geometry":{"type":"Point","coordinates":[143.6505,-3.57]},"properties":{"name":"Wewak"}},{"type":"Feature","geometry":{"type":"Point","coordinates":[-8.6186,41.1411]},"properties":{"name":"Porto"}},{"type":"Feature","geometry":{"type":"Point","coordinates":[-25.6588,37.7369]},"properties":{"name":"Ponta Delgada"}},{"type":"Feature","geometry":{"type":"Point","coordinates":[-149.5697,-17.5311]},"properties":{"name":"Papeete"}},{"type":"Feature","geometry":{"type":"Point","coordinates":[51.5557,25.2981]},"properties":{"name":"Doha"}},{"type":"Feature","geometry":{"type":"Point","coordinates":[20.4555,54.7]},"properties":{"name":"Kaliningrad"}},{"type":"Feature","geometry":{"type":"Point","coordinates":[131.8878,43.0944]},"properties":{"name":"Vladivostok"}},{"type":"Feature","geometry":{"type":"Point","coordinates":[28.7264,60.705]},"properties":{"name":"Vyborg"}},{"type":"Feature","geometry":{"type":"Point","coordinates":[37.2216,19.6158]},"properties":{"name":"Port Sudan"}},{"type":"Feature","geometry":{"type":"Point","coordinates":[45.3409,2.0289]},"properties":{"name":"Mogadishu"}},{"type":"Feature","geometry":{"type":"Point","coordinates":[-55.139,5.82]},"properties":{"name":"Paramaribo"}},{"type":"Feature","geometry":{"type":"Point","coordinates":[11.87,57.6892]},"properties":{"name":"Goteborg"}},{"type":"Feature","geometry":{"type":"Point","coordinates":[22.1583,65.5789]},"properties":{"name":"Lulea"}},{"type":"Feature","geometry":{"type":"Point","coordinates":[16.2257,58.6103]},"properties":{"name":"Norrkoping"}},{"type":"Feature","geometry":{"type":"Point","coordinates":[1.2849,6.1392]},"properties":{"name":"Lome"}},{"type":"Feature","geometry":{"type":"Point","coordinates":[27.1539,38.4439]},"properties":{"name":"Izmir"}},{"type":"Feature","geometry":{"type":"Point","coordinates":[120.3071,22.5653]},"properties":{"name":"Kaohsiung"}},{"type":"Feature","geometry":{"type":"Point","coordinates":[120.5039,24.2583]},"properties":{"name":"Taichung"}},{"type":"Feature","geometry":{"type":"Point","coordinates":[30.737,46.5011]},"properties":{"name":"Odessa"}},{"type":"Feature","geometry":{"type":"Point","coordinates":[-56.2042,-34.9006]},"properties":{"name":"Montevideo"}},{"type":"Feature","geometry":{"type":"Point","coordinates":[-134.67,58.3792]},"properties":{"name":"Juneau"}},{"type":"Feature","geometry":{"type":"Point","coordinates":[-165.4251,64.4983]},"properties":{"name":"Nome"}},{"type":"Feature","geometry":{"type":"Point","coordinates":[-155.0686,19.7333]},"properties":{"name":"Hilo"}},{"type":"Feature","geometry":{"type":"Point","coordinates":[-122.5004,48.7406]},"properties":{"name":"Bellingham"}},{"type":"Feature","geometry":{"type":"Point","coordinates":[-95.2021,29.7392]},"properties":{"name":"Houston"}},{"type":"Feature","geometry":{"type":"Point","coordinates":[-97.3846,25.9572]},"properties":{"name":"Brownsville"}},{"type":"Feature","geometry":{"type":"Point","coordinates":[-122.967,46.1128]},"properties":{"name":"Longview"}},{"type":"Feature","geometry":{"type":"Point","coordinates":[-61.2429,13.1692]},"properties":{"name":"Kingstown"}},{"type":"Feature","geometry":{"type":"Point","coordinates":[-66.9402,10.6028]},"properties":{"name":"La Guaira"}},{"type":"Feature","geometry":{"type":"Point","coordinates":[-71.5883,10.6836]},"properties":{"name":"Maracaibo"}},{"type":"Feature","geometry":{"type":"Point","coordinates":[108.2232,16.0822]},"properties":{"name":"Da Nang"}},{"type":"Feature","geometry":{"type":"Point","coordinates":[168.3058,-17.7472]},"properties":{"name":"Port Vila"}},{"type":"Feature","geometry":{"type":"Point","coordinates":[-171.7579,-13.8283]},"properties":{"name":"Apia"}},{"type":"Feature","geometry":{"type":"Point","coordinates":[42.9353,14.8336]},"properties":{"name":"Hodeidah"}},{"type":"Feature","geometry":{"type":"Point","coordinates":[-75.7,45.43]},"properties":{"name":"Ottawa"}},{"type":"Feature","geometry":{"type":"Point","coordinates":[-78.88,42.88]},"properties":{"name":"Buffalo"}},{"type":"Feature","geometry":{"type":"Point","coordinates":[-81.71,41.5]},"properties":{"name":"Cleveland"}},{"type":"Feature","geometry":{"type":"Point","coordinates":[-88.01,44.51]},"properties":{"name":"Green Bay"}},{"type":"Feature","geometry":{"type":"Point","coordinates":[-92.1,46.76]},"properties":{"name":"Duluth"}},{"type":"Feature","geometry":{"type":"Point","coordinates":[-124.18,40.8]},"properties":{"name":"Eureka"}},{"type":"Feature","geometry":{"type":"Point","coordinates":[13.2509,-8.7839]},"properties":{"name":"Luanda"}},{"type":"Feature","geometry":{"type":"Point","coordinates":[-68.2736,12.1483]},"properties":{"name":"Kralendijk, Bonaire"}},{"type":"Feature","geometry":{"type":"Point","coordinates":[-63.0438,18.0144]},"properties":{"name":"Philipsburg"}},{"type":"Feature","geometry":{"type":"Point","coordinates":[138.5079,-34.7992]},"properties":{"name":"Adelaide"}},{"type":"Feature","geometry":{"type":"Point","coordinates":[153.1684,-27.3825]},"properties":{"name":"Brisbane"}},{"type":"Feature","geometry":{"type":"Point","coordinates":[118.5732,-20.3175]},"properties":{"name":"Port Hedland"}},{"type":"Feature","geometry":{"type":"Point","coordinates":[91.8259,22.2689]},"properties":{"name":"Chittagong"}},{"type":"Feature","geometry":{"type":"Point","coordinates":[-59.6241,13.1069]},"properties":{"name":"Bridgetown"}},{"type":"Feature","geometry":{"type":"Point","coordinates":[-73.5246,45.5436]},"properties":{"name":"Montreal"}},{"type":"Feature","geometry":{"type":"Point","coordinates":[-70.9048,-53.1683]},"properties":{"name":"Punta Arenas"}},{"type":"Feature","geometry":{"type":"Point","coordinates":[-73.2266,-39.8167]},"properties":{"name":"Valdivia"}},{"type":"Feature","geometry":{"type":"Point","coordinates":[121.6504,38.9336]},"properties":{"name":"Dalian"}},{"type":"Feature","geometry":{"type":"Point","coordinates":[119.3005,26.0475]},"properties":{"name":"Fuzhou"}},{"type":"Feature","geometry":{"type":"Point","coordinates":[120.317,36.0958]},"properties":{"name":"Qingdao"}},{"type":"Feature","geometry":{"type":"Point","coordinates":[121.4872,31.2219]},"properties":{"name":"Shanghai"}},{"type":"Feature","geometry":{"type":"Point","coordinates":[116.7041,23.3547]},"properties":{"name":"Shantou"}},{"type":"Feature","geometry":{"type":"Point","coordinates":[-84.8042,9.9817]},"properties":{"name":"Puntarenas"}},{"type":"Feature","geometry":{"type":"Point","coordinates":[10.1569,54.3308]},"properties":{"name":"Kiel"}},{"type":"Feature","geometry":{"type":"Point","coordinates":[-61.386,15.2964]},"properties":{"name":"Roseau"}},{"type":"Feature","geometry":{"type":"Point","coordinates":[-69.8759,18.4753]},"properties":{"name":"Santo Domingo"}},{"type":"Feature","geometry":{"type":"Point","coordinates":[-0.986,37.5894]},"properties":{"name":"Cartagena"}},{"type":"Feature","geometry":{"type":"Point","coordinates":[-8.7262,42.2425]},"properties":{"name":"Vigo"}},{"type":"Feature","geometry":{"type":"Point","coordinates":[-16.2266,28.4747]},"properties":{"name":"Santa Cruz de Tenerife"}},{"type":"Feature","geometry":{"type":"Point","coordinates":[24.6908,59.46]},"properties":{"name":"Tallinn"}},{"type":"Feature","geometry":{"type":"Point","coordinates":[178.4211,-18.1325]},"properties":{"name":"Suva"}},{"type":"Feature","geometry":{"type":"Point","coordinates":[6.6333,43.2706]},"properties":{"name":"Saint-Tropez"}},{"type":"Feature","geometry":{"type":"Point","coordinates":[-4.3032,55.8631]},"properties":{"name":"Glasgow"}},{"type":"Feature","geometry":{"type":"Point","coordinates":[-1.4244,50.9025]},"properties":{"name":"Southampton"}},{"type":"Feature","geometry":{"type":"Point","coordinates":[-5.3572,36.1369]},"properties":{"name":"Gibraltar"}},{"type":"Feature","geometry":{"type":"Point","coordinates":[-13.7099,9.5164]},"properties":{"name":"Conakry"}},{"type":"Feature","geometry":{"type":"Point","coordinates":[-15.5727,11.8583]},"properties":{"name":"Bissau"}},{"type":"Feature","geometry":{"type":"Point","coordinates":[24.0097,35.5181]},"properties":{"name":"Canea"}},{"type":"Feature","geometry":{"type":"Point","coordinates":[21.3186,37.6464]},"properties":{"name":"Katakolon"}},{"type":"Feature","geometry":{"type":"Point","coordinates":[-90.8413,13.9156]},"properties":{"name":"San Jose"}},{"type":"Feature","geometry":{"type":"Point","coordinates":[114.1562,22.3211]},"properties":{"name":"Hong Kong"}},{"type":"Feature","geometry":{"type":"Point","coordinates":[-72.3397,18.5658]},"properties":{"name":"Port-au-Prince"}},{"type":"Feature","geometry":{"type":"Point","coordinates":[112.7239,-7.2064]},"properties":{"name":"Surabaya"}},{"type":"Feature","geometry":{"type":"Point","coordinates":[-6.206,53.3444]},"properties":{"name":"Dublin"}},{"type":"Feature","geometry":{"type":"Point","coordinates":[-7.1188,52.2664]},"properties":{"name":"Waterford"}},{"type":"Feature","geometry":{"type":"Point","coordinates":[35.0183,32.8225]},"properties":{"name":"Haifa"}},{"type":"Feature","geometry":{"type":"Point","coordinates":[10.3019,43.5558]},"properties":{"name":"Livorno"}},{"type":"Feature","geometry":{"type":"Point","coordinates":[13.9381,40.7453]},"properties":{"name":"Ischia"}},{"type":"Feature","geometry":{"type":"Point","coordinates":[-76.8248,17.9817]},"properties":{"name":"Kingston"}},{"type":"Feature","geometry":{"type":"Point","coordinates":[130.8542,33.9225]},"properties":{"name":"Kitakyushu"}},{"type":"Feature","geometry":{"type":"Point","coordinates":[39.6221,-4.0531]},"properties":{"name":"Mombasa"}},{"type":"Feature","geometry":{"type":"Point","coordinates":[104.9209,11.5831]},"properties":{"name":"Phnom Penh"}},{"type":"Feature","geometry":{"type":"Point","coordinates":[35.5195,33.905]},"properties":{"name":"Beirut"}},{"type":"Feature","geometry":{"type":"Point","coordinates":[73.5071,4.175]},"properties":{"name":"Male"}},{"type":"Feature","geometry":{"type":"Point","coordinates":[-96.1337,19.2083]},"properties":{"name":"Veracruz"}},{"type":"Feature","geometry":{"type":"Point","coordinates":[96.1688,16.7658]},"properties":{"name":"Yangon"}},{"type":"Feature","geometry":{"type":"Point","coordinates":[174.7899,-41.2775]},"properties":{"name":"Wellington"}},{"type":"Feature","geometry":{"type":"Point","coordinates":[14.5858,53.4306]},"properties":{"name":"Szczecin"}},{"type":"Feature","geometry":{"type":"Point","coordinates":[39.159,21.4586]},"properties":{"name":"Jeddah"}},{"type":"Feature","geometry":{"type":"Point","coordinates":[-17.4251,14.6822]},"properties":{"name":"Dakar"}},{"type":"Feature","geometry":{"type":"Point","coordinates":[103.7221,1.2928]},"properties":{"name":"Singapore"}},{"type":"Feature","geometry":{"type":"Point","coordinates":[-13.208,8.4942]},"properties":{"name":"Freetown"}},{"type":"Feature","geometry":{"type":"Point","coordinates":[18.1094,59.335]},"properties":{"name":"Stockholm"}},{"type":"Feature","geometry":{"type":"Point","coordinates":[100.5691,13.6069]},"properties":{"name":"Bangkok"}},{"type":"Feature","geometry":{"type":"Point","coordinates":[26.522,40.2647]},"properties":{"name":"Canakkale"}},{"type":"Feature","geometry":{"type":"Point","coordinates":[-149.8878,61.2356]},"properties":{"name":"Anchorage"}},{"type":"Feature","geometry":{"type":"Point","coordinates":[-118.2007,33.7489]},"properties":{"name":"Long Beach"}},{"type":"Feature","geometry":{"type":"Point","coordinates":[-122.3012,37.7994]},"properties":{"name":"Oakland"}},{"type":"Feature","geometry":{"type":"Point","coordinates":[-81.5592,30.3808]},"properties":{"name":"Jacksonville"}},{"type":"Feature","geometry":{"type":"Point","coordinates":[-75.1346,39.8953]},"properties":{"name":"Philadelphia"}},{"type":"Feature","geometry":{"type":"Point","coordinates":[-79.9236,32.8222]},"properties":{"name":"Charleston"}},{"type":"Feature","geometry":{"type":"Point","coordinates":[-71.3244,41.4825]},"properties":{"name":"Newport"}},{"type":"Feature","geometry":{"type":"Point","coordinates":[106.7218,10.7939]},"properties":{"name":"Ho Chi Minh City"}},{"type":"Feature","geometry":{"type":"Point","coordinates":[44.9897,12.7956]},"properties":{"name":"Aden"}},{"type":"Feature","geometry":{"type":"Point","coordinates":[31.0234,-29.8811]},"properties":{"name":"Durban"}},{"type":"Feature","geometry":{"type":"Point","coordinates":[25.6353,-33.9614]},"properties":{"name":"Port Elizabeth"}},{"type":"Feature","geometry":{"type":"Point","coordinates":[25.6353,-33.9614]},"properties":{"name":"Port Elizabeth"}},{"type":"Feature","geometry":{"type":"Point","coordinates":[-83.03,42.33]},"properties":{"name":"Detroit"}},{"type":"Feature","geometry":{"type":"Point","coordinates":[-90.16,35.06]},"properties":{"name":"Port Of Memphis"}},{"type":"Feature","geometry":{"type":"Point","coordinates":[-90.2,38.71]},"properties":{"name":"Tri-City Port"}},{"type":"Feature","geometry":{"type":"Point","coordinates":[24.96,60.16]},"properties":{"name":"Helsinki"}},{"type":"Feature","geometry":{"type":"Point","coordinates":[30.3,59.93]},"properties":{"name":"Sankt-Peterburg"}},{"type":"Feature","geometry":{"type":"Point","coordinates":[-70.0388,12.52]},"properties":{"name":"Oranjestad"}},{"type":"Feature","geometry":{"type":"Point","coordinates":[55.2693,25.2672]},"properties":{"name":"Dubai"}},{"type":"Feature","geometry":{"type":"Point","coordinates":[-58.3697,-34.5992]},"properties":{"name":"Buenos Aires"}},{"type":"Feature","geometry":{"type":"Point","coordinates":[130.8549,-12.4703]},"properties":{"name":"Darwin"}},{"type":"Feature","geometry":{"type":"Point","coordinates":[144.9172,-37.8328]},"properties":{"name":"Melbourne"}},{"type":"Feature","geometry":{"type":"Point","coordinates":[115.8555,-31.9653]},"properties":{"name":"Perth"}},{"type":"Feature","geometry":{"type":"Point","coordinates":[151.1892,-33.8622]},"properties":{"name":"Sydney"}},{"type":"Feature","geometry":{"type":"Point","coordinates":[2.4223,6.3467]},"properties":{"name":"Cotonou"}},{"type":"Feature","geometry":{"type":"Point","coordinates":[-77.3213,25.0767]},"properties":{"name":"Nassau"}},{"type":"Feature","geometry":{"type":"Point","coordinates":[-43.1918,-22.8831]},"properties":{"name":"Rio de Janeiro"}},{"type":"Feature","geometry":{"type":"Point","coordinates":[-123.0714,49.2978]},"properties":{"name":"Vancouver"}},{"type":"Feature","geometry":{"type":"Point","coordinates":[-64.7037,44.0433]},"properties":{"name":"Liverpool"}},{"type":"Feature","geometry":{"type":"Point","coordinates":[-71.6191,-33.0353]},"properties":{"name":"Valparaiso"}},{"type":"Feature","geometry":{"type":"Point","coordinates":[113.4094,23.0942]},"properties":{"name":"Guangzhou"}},{"type":"Feature","geometry":{"type":"Point","coordinates":[117.4565,39.0094]},"properties":{"name":"Tianjin"}},{"type":"Feature","geometry":{"type":"Point","coordinates":[-4.0213,5.2833]},"properties":{"name":"Abidjan"}},{"type":"Feature","geometry":{"type":"Point","coordinates":[8.553,53.5636]},"properties":{"name":"Bremerhaven"}},{"type":"Feature","geometry":{"type":"Point","coordinates":[12.1179,54.1525]},"properties":{"name":"Rostock"}},{"type":"Feature","geometry":{"type":"Point","coordinates":[12.584,55.7261]},"properties":{"name":"Tuborg"}},{"type":"Feature","geometry":{"type":"Point","coordinates":[-79.9025,-2.2842]},"properties":{"name":"Guayaquil"}},{"type":"Feature","geometry":{"type":"Point","coordinates":[32.306,31.2533]},"properties":{"name":"Port Said"}},{"type":"Feature","geometry":{"type":"Point","coordinates":[2.1688,41.3547]},"properties":{"name":"Barcelona"}},{"type":"Feature","geometry":{"type":"Point","coordinates":[-4.4183,36.7094]},"properties":{"name":"Malaga"}},{"type":"Feature","geometry":{"type":"Point","coordinates":[2.6253,39.5511]},"properties":{"name":"Palma de Mallorca"}},{"type":"Feature","geometry":{"type":"Point","coordinates":[0.1737,49.4669]},"properties":{"name":"Le Havre"}},{"type":"Feature","geometry":{"type":"Point","coordinates":[5.3413,43.3294]},"properties":{"name":"Marseille"}},{"type":"Feature","geometry":{"type":"Point","coordinates":[7.2856,43.6939]},"properties":{"name":"Nice"}},{"type":"Feature","geometry":{"type":"Point","coordinates":[-0.0672,51.5028]},"properties":{"name":"London"}},{"type":"Feature","geometry":{"type":"Point","coordinates":[22.5676,36.76]},"properties":{"name":"Gythion"}},{"type":"Feature","geometry":{"type":"Point","coordinates":[28.2335,36.4436]},"properties":{"name":"Rhodes"}},{"type":"Feature","geometry":{"type":"Point","coordinates":[18.0764,42.66]},"properties":{"name":"Dubrovnik"}},{"type":"Feature","geometry":{"type":"Point","coordinates":[11.7757,42.0989]},"properties":{"name":"Civitavecchia"}},{"type":"Feature","geometry":{"type":"Point","coordinates":[13.3698,38.1308]},"properties":{"name":"Palermo"}},{"type":"Feature","geometry":{"type":"Point","coordinates":[8.4895,44.3117]},"properties":{"name":"Savona"}},{"type":"Feature","geometry":{"type":"Point","coordinates":[12.2406,45.4531]},"properties":{"name":"Marghera"}},{"type":"Feature","geometry":{"type":"Point","coordinates":[-77.9355,18.4675]},"properties":{"name":"Montego Bay"}},{"type":"Feature","geometry":{"type":"Point","coordinates":[135.4339,34.6358]},"properties":{"name":"Osaka"}},{"type":"Feature","geometry":{"type":"Point","coordinates":[139.6674,35.4364]},"properties":{"name":"Yokohama"}},{"type":"Feature","geometry":{"type":"Point","coordinates":[24.0881,57.0078]},"properties":{"name":"Riga"}},{"type":"Feature","geometry":{"type":"Point","coordinates":[-109.9007,22.8839]},"properties":{"name":"Cabo San Lucas"}},{"type":"Feature","geometry":{"type":"Point","coordinates":[14.5413,35.8261]},"properties":{"name":"Marsaxlokk"}},{"type":"Feature","geometry":{"type":"Point","coordinates":[4.8241,52.4131]},"properties":{"name":"Amsterdam"}},{"type":"Feature","geometry":{"type":"Point","coordinates":[10.7346,59.8972]},"properties":{"name":"Oslo"}},{"type":"Feature","geometry":{"type":"Point","coordinates":[174.7695,-36.8364]},"properties":{"name":"Auckland"}},{"type":"Feature","geometry":{"type":"Point","coordinates":[66.9737,24.835]},"properties":{"name":"Karachi"}},{"type":"Feature","geometry":{"type":"Point","coordinates":[-79.8851,9.3733]},"properties":{"name":"Colon"}},{"type":"Feature","geometry":{"type":"Point","coordinates":[120.9434,14.5242]},"properties":{"name":"Manila"}},{"type":"Feature","geometry":{"type":"Point","coordinates":[-66.0913,18.4361]},"properties":{"name":"San Juan"}},{"type":"Feature","geometry":{"type":"Point","coordinates":[28.9934,41.0128]},"properties":{"name":"Istanbul"}},{"type":"Feature","geometry":{"type":"Point","coordinates":[121.3746,25.1519]},"properties":{"name":"Taipei"}},{"type":"Feature","geometry":{"type":"Point","coordinates":[39.2934,-6.8344]},"properties":{"name":"Dar es Salaam"}},{"type":"Feature","geometry":{"type":"Point","coordinates":[-88.0378,30.7114]},"properties":{"name":"Mobile"}},{"type":"Feature","geometry":{"type":"Point","coordinates":[-118.2597,33.7319]},"properties":{"name":"Los Angeles"}},{"type":"Feature","geometry":{"type":"Point","coordinates":[-117.1572,32.6844]},"properties":{"name":"San Diego"}},{"type":"Feature","geometry":{"type":"Point","coordinates":[-122.4009,37.7886]},"properties":{"name":"San Francisco"}},{"type":"Feature","geometry":{"type":"Point","coordinates":[-80.167,25.775]},"properties":{"name":"Miami"}},{"type":"Feature","geometry":{"type":"Point","coordinates":[-82.4362,27.93]},"properties":{"name":"Tampa"}},{"type":"Feature","geometry":{"type":"Point","coordinates":[-157.8737,21.3094]},"properties":{"name":"Honolulu"}},{"type":"Feature","geometry":{"type":"Point","coordinates":[-71.0355,42.3636]},"properties":{"name":"Boston"}},{"type":"Feature","geometry":{"type":"Point","coordinates":[-76.5557,39.2325]},"properties":{"name":"Baltimore"}},{"type":"Feature","geometry":{"type":"Point","coordinates":[-74.0243,40.6883]},"properties":{"name":"New York"}},{"type":"Feature","geometry":{"type":"Point","coordinates":[-94.8179,29.3042]},"properties":{"name":"Galveston"}},{"type":"Feature","geometry":{"type":"Point","coordinates":[-76.2925,36.9019]},"properties":{"name":"Norfolk"}},{"type":"Feature","geometry":{"type":"Point","coordinates":[-122.3597,47.6022]},"properties":{"name":"Seattle"}},{"type":"Feature","geometry":{"type":"Point","coordinates":[18.4353,-33.9092]},"properties":{"name":"Cape Town"}},{"type":"Feature","geometry":{"type":"Point","coordinates":[-79.38,43.61]},"properties":{"name":"Toronto"}},{"type":"Feature","geometry":{"type":"Point","coordinates":[-87.6,41.88]},"properties":{"name":"Chicago"}}]}