{"type":"FeatureCollection","features":[{"type":"Feature","geometry":{"type":"MultiLineString","coordinates":[[[-79.5367,8.9648],[-79.4249,8.1905],[-78.9749,7.2988],[-79.1999,5.062],[-81.4499,2.3679],[-82.3499,0.5686],[-82.1249,-1.981],[-81.4499,-2.4681],[-80.856,-2.3298]],[[-79.8749,11.9559],[-79.6499,12.1759],[-78.7499,12.3225],[-75.3749,11.4418],[-74.7798,10.9404]],[[-81.7958,26.1391],[-83.2499,24.5327],[-84.8249,23.7113],[-86.2874,21.6353],[-85.9499,20.375],[-85.0499,19.1044],[-84.3749,17.395],[-83.0249,16.1023],[-81.6749,13.9293],[-79.8749,11.9559],[-79.7624,9.9679],[-79.9003,9.3509]]]},"properties":{"id":"carnival-submarine-network-1-csn-1","name":"Carnival Submarine Network-1 (CSN-1)","owners":"","rfs":"","length":""}},{"type":"Feature","geometry":{"type":"MultiLineString","coordinates":[[[113.85,17.1085],[117.0,16.7498],[119.925,16.7498],[120.3209,16.6159]],[[108.0,5.8459],[109.125,4.1649],[109.8,2.8175],[110.3625,1.9182],[110.3537,1.5202]],[[114.075,18.2518],[111.15,18.2874],[110.0494,18.3899]],[[105.75,4.5014],[104.836,5.3981],[103.0488,7.0052],[101.7,7.1313],[100.5997,7.0759]],[[104.625,2.8175],[104.4,2.5927],[103.8507,2.2957]],[[103.6461,1.3386],[103.8375,1.1685],[104.14,1.158],[104.26,1.4684],[104.625,2.8175],[105.75,4.5014],[107.1,5.174],[108.0,5.8459],[110.025,7.7449],[111.2625,9.9679],[112.275,12.6154],[113.85,17.1085],[114.075,18.2518],[113.9625,20.7963],[114.2031,22.2221]]]},"properties":{"id":"sea-h2x","name":"SEA-H2X","owners":"","rfs":"","length":""}},{"type":"Feature","geometry":{"type":"MultiLineString","coordinates":[[[5.4001,55.3559],[5.2876,55.3239],[5.1805,55.3221]],[[8.4069,55.4485],[7.6501,55.3985],[5.4001,55.3559],[4.5131,55.4187]]]},"properties":{"id":"hronn","name":"Hronn","owners":"","rfs":"","length":""}},{"type":"Feature","geometry":{"type":"MultiLineString","coordinates":[[[174.236,-41.339],[174.4312,-41.3705],[174.6134,-41.3016]]]},"properties":{"id":"cook-strait","name":"Cook Strait","owners":"","rfs":"","length":""}},{"type":"Feature","geometry":{"type":"MultiLineString","coordinates":[[[23.0357,36.5232],[23.2876,36.2407],[23.5126,36.059],[23.7225,35.5123],[23.4001,36.059],[23.1751,36.2407],[23.0357,36.5232]]]},"properties":{"id":"minoas-east-and-west","name":"Minoas East and West","owners":"","rfs":"","length":""}},{"type":"Feature","geometry":{"type":"MultiLineString","coordinates":[[[23.3632,37.974],[23.3444,37.7679],[23.4006,37.6789],[23.5126,37.5898],[23.9626,36.5124],[24.4126,35.9073],[24.9316,35.4047],[24.5251,35.9073],[24.0751,36.5124],[23.6251,37.5898],[23.4567,37.6789],[23.4006,37.7679],[23.3632,37.974]]]},"properties":{"id":"apollo-east-and-west","name":"Apollo East and West","owners":"","rfs":"","length":""}},{"type":"Feature","geometry":{"type":"MultiLineString","coordinates":[[[65.7549,16.4553],[65.475,20.375],[66.15,23.2986],[67.0285,24.8897]],[[70.2549,13.2518],[71.1,16.9651],[72.7634,19.0761]],[[74.7,5.6594],[74.25,4.8378],[73.5403,4.2119]],[[90.0,1.0186],[90.9,5.062],[91.35,9.5244],[92.7,14.8012],[92.7,17.8239],[91.9948,21.4293]],[[101.25,2.0307],[101.475,2.5927],[101.4436,2.7512]],[[79.65,2.9673],[79.875,3.1919],[80.55,5.4354],[80.5399,5.9408]],[[44.55,10.9636],[43.65,11.3999],[43.148,11.5949]],[[33.0828,28.3659],[33.3568,28.1611],[33.8063,27.3647],[34.3407,26.5625],[34.7625,25.7547],[35.775,24.1226],[37.0125,22.053],[37.8,20.375],[39.15,18.2518],[40.1625,16.5342],[41.6813,14.8012],[42.1875,13.9293],[42.8344,13.0542],[43.1438,12.8349],[43.2282,12.6154],[43.5094,12.3957],[44.55,10.9636],[45.45,10.8531],[48.6,11.6255],[52.65,12.6154],[54.0,12.8349],[55.35,13.0542],[58.95,14.8012],[65.7549,16.4553],[70.2549,13.2518],[71.7147,9.1995],[73.9098,6.5251],[74.7,5.6594],[78.3,3.4914],[79.65,2.9673],[81.0,2.5927],[85.5,0.1186],[90.0,1.0186],[92.7,4.3893],[94.275,5.2861],[95.4,5.9578],[97.425,5.5101],[97.875,5.2861],[98.55,4.6136],[99.9,3.2668],[101.25,2.0307],[102.15,1.5247],[102.6828,1.4177],[103.3407,1.0749],[103.5,1.145],[103.6461,1.3386]],[[32.2845,31.2593],[32.0626,30.837],[32.0626,30.0774],[32.2876,29.0827],[33.0828,28.3659]],[[32.2845,31.2593],[32.1751,30.837],[32.1751,30.0774],[32.4001,29.0827],[33.0828,28.3659]],[[5.3725,43.2936],[5.2876,41.7444],[5.8501,38.6518],[6.7501,37.9455],[9.0001,37.4113],[10.3486,37.4113],[11.1376,37.2324],[11.8126,35.4198],[14.4001,33.5655],[16.6501,32.623],[19.3501,33.0012],[22.0501,33.174],[25.2001,32.4333],[27.9001,31.7662],[31.0501,31.7981],[32.2845,31.2593]],[[35.775,24.1226],[36.9,24.362],[37.8,24.3278],[38.107,24.0706]]]},"properties":{"id":"seamewe-6","name":"SeaMeWe-6","owners":"","rfs":"","length":""}},{"type":"Feature","geometry":{"type":"MultiLineString","coordinates":[[[105.8839,-6.0737],[105.7219,-5.9737],[105.585,-5.7693]],[[105.1643,-2.0651],[104.9625,-2.2433],[104.8745,-2.2953]]]},"properties":{"id":"biznet-nusantara-cable-system-1-bncs-1","name":"Biznet Nusantara Cable System-1 (BNCS-1)","owners":"","rfs":"","length":""}},{"type":"Feature","geometry":{"type":"MultiLineString","coordinates":[[[140.3436,39.692],[139.5,40.0437],[139.275,40.3873],[138.825,42.0792],[138.825,42.7437],[139.05,43.0733],[140.4,43.6459],[140.85,43.6459],[141.3544,43.0621]]]},"properties":{"id":"hokkaido-akita-cable","name":"Hokkaido-Akita Cable","owners":"","rfs":"","length":""}},{"type":"Feature","geometry":{"type":"MultiLineString","coordinates":[[[-124.8075,49.234],[-123.9748,49.3558],[-123.114,49.2604]],[[142.2,36.8732],[142.425,36.1499],[142.2,35.0522],[140.85,33.9396],[138.6,33.1897],[137.7,33.5655],[136.874,34.3368]],[[179.9999,49.5873],[172.8,49.5873],[160.2,46.5824],[149.4,40.0437],[142.2,36.8732],[141.075,36.6329],[140.7183,36.7131]],[[-124.8075,49.234],[-124.8186,49.0986],[-125.0998,48.9511],[-125.5498,48.8031],[-138.5998,49.0003],[-151.1998,49.5873],[-179.9998,49.5873]]]},"properties":{"id":"topaz","name":"Topaz","owners":"","rfs":"","length":""}},{"type":"Feature","geometry":{"type":"MultiLineString","coordinates":[[[103.8531,1.2939],[103.3407,1.103],[102.6828,1.4458],[102.15,1.5809],[101.25,2.0869],[100.35,2.8736],[99.7875,3.323],[99.45,3.585],[98.8875,3.8844],[98.676,3.752]],[[107.775,-3.7787],[107.775,-4.6015],[107.325,-5.2739],[106.8278,-6.1719]],[[117.3799,-5.9457],[118.8,-5.2739],[119.4124,-5.1522]],[[123.75,-6.9146],[125.325,-7.9557],[125.5807,-8.5707]],[[126.9,2.0681],[126.0,2.1431],[124.875,1.8058],[124.8396,1.4908]],[[104.3351,1.0911],[104.1101,1.0911],[104.0166,1.0668]],[[127.8,-4.6762],[123.75,-6.9146],[120.15,-6.9146],[117.3799,-5.9457],[116.5831,-5.5252],[114.4697,-5.7219],[112.05,-5.0499],[109.35,-3.4793],[107.775,-3.7787],[106.9312,-3.03],[106.7645,-2.1309],[106.425,-0.3314],[105.3,0.7936],[104.85,0.9061],[104.625,1.0748],[104.3351,1.0911],[103.8531,1.2939]],[[179.9999,19.9526],[151.2,16.1023],[146.25,14.2566],[145.35,13.6015],[144.9,13.3827],[144.6947,13.4648],[144.0,12.8349],[137.25,9.9679],[133.2,8.1905],[128.25,5.062],[126.9,2.0681],[126.45,0.1186],[126.45,-1.2313],[126.5745,-1.7517],[127.2375,-2.5805],[127.4625,-3.2547],[127.8,-4.6762],[127.8,-6.4676],[127.35,-8.2527],[127.8,-9.5864],[128.925,-10.6201],[129.9376,-12.219],[130.5,-12.4389],[130.8431,-12.4675]],[[-179.9998,19.9526],[-172.7998,21.6353],[-163.7998,21.6353],[-161.4406,22.4694],[-152.9998,26.9643],[-147.5998,28.9516],[-138.5998,30.5145],[-127.7998,33.1897],[-122.3998,33.1897],[-120.5998,33.4717],[-118.7998,33.9396],[-118.2454,34.0534]]]},"properties":{"id":"asia-connect-cable-1-acc1","name":"Asia Connect Cable 1 (ACC1)","owners":"","rfs":"","length":""}},{"type":"Feature","geometry":{"type":"MultiLineString","coordinates":[[[23.4001,34.5287],[24.3001,34.8986],[24.7684,35.0716]],[[11.8126,37.2324],[12.0605,37.5468],[12.5914,37.6506]],[[8.1001,38.2112],[6.9751,37.4411],[6.5572,37.003]],[[2.2501,37.4113],[2.8126,37.2324],[3.0357,36.7621]],[[4.9501,41.1823],[2.7001,41.2669],[2.1687,41.3856]],[[6.0751,38.6518],[5.4001,41.7444],[5.3725,43.2936],[5.0626,41.7444],[4.9501,41.1823],[4.8376,40.0437],[4.7251,38.6518]],[[-2.2499,35.8769],[-2.4749,35.4503],[-2.933,35.17]],[[-4.4999,35.7857],[-4.7249,35.6029],[-5.3918,35.5659]],[[-9.4499,38.1227],[-9.1124,37.9455],[-8.8696,37.9572]],[[-9.1502,38.7257],[-9.4499,38.1227],[-9.6749,37.2324],[-9.5624,36.693],[-8.9999,36.3313],[-5.8438,36.1348],[-5.5124,36.1801],[-5.2792,36.2979],[-4.4999,35.7857],[-2.2499,35.8769],[2.2501,37.4113],[4.7251,38.6518],[6.0751,38.6518],[8.1001,38.2112],[9.0001,37.9455],[10.3486,37.9455],[10.9126,37.5898],[11.8126,37.2324],[12.9938,35.968],[14.4001,35.2362],[16.6501,34.8678],[19.3501,35.2362],[22.0501,34.8524],[23.4001,34.5287],[25.2001,34.1261],[28.8001,32.7177],[31.5001,31.7981],[32.2845,31.2593]]]},"properties":{"id":"medusa-submarine-cable-system","name":"Medusa Submarine Cable System","owners":"","rfs":"","length":""}},{"type":"Feature","geometry":{"type":"MultiLineString","coordinates":[[[37.8,23.8485],[37.9688,23.9171],[38.107,24.0706]],[[35.6063,26.5625],[35.6063,27.0979],[35.6965,27.354]],[[39.1829,21.4815],[38.8125,22.053],[37.8,23.8485],[36.5625,25.7547],[35.6063,26.5625],[34.5739,28.0163],[34.8239,29.089],[34.9522,29.2839]]]},"properties":{"id":"saudi-vision","name":"Saudi Vision","owners":"","rfs":"","length":""}},{"type":"Feature","geometry":{"type":"MultiLineString","coordinates":[[[-5.8098,54.8578],[-5.6249,55.0456],[-5.1749,55.2385],[-4.8542,55.2404]]]},"properties":{"id":"scotland-northern-ireland-4","name":"Scotland-Northern Ireland 4","owners":"","rfs":"","length":""}},{"type":"Feature","geometry":{"type":"MultiLineString","coordinates":[[[-5.5387,54.643],[-5.2874,54.6895],[-5.1749,54.7545],[-5.1155,54.844]]]},"properties":{"id":"scotland-northern-ireland-3","name":"Scotland-Northern Ireland 3","owners":"","rfs":"","length":""}},{"type":"Feature","geometry":{"type":"MultiLineString","coordinates":[[[104.1496,1.1845],[104.0166,1.0668]],[[109.575,-3.4793],[108.225,-4.6015],[107.775,-5.2739],[106.8279,-6.1716]],[[129.375,-8.6978],[129.15,-10.6201],[129.9376,-12.109],[130.5,-12.329],[130.8432,-12.4675]],[[171.9,-46.9337],[171.225,-46.3156],[170.5028,-45.8788]],[[166.05,-47.5447],[166.95,-46.9337],[167.85,-46.5482],[168.3475,-46.4131]],[[149.4,-38.6423],[154.8,-42.7898],[161.55,-46.0039],[166.05,-47.5447],[168.75,-47.8476],[171.9,-46.9337],[173.25,-44.4189],[172.6362,-43.5321]],[[151.207,-33.8697],[151.3488,-34.827],[150.275,-37.9425],[149.4,-38.6423],[147.6,-39.1676],[146.25,-39.3418],[145.35,-39.1676],[144.6924,-38.5235],[144.6924,-38.259],[144.9672,-37.8175]],[[158.85,-25.5409],[157.95,-26.3502],[153.9,-27.3539],[153.0228,-27.4689]],[[163.8,-13.699],[161.1,-18.8801],[158.85,-25.5409],[157.05,-28.7438],[154.8,-32.0424],[152.1,-33.649],[151.207,-33.8697]],[[-156.8248,18.2518],[-156.8248,19.1044],[-156.3748,19.741],[-155.8312,20.0403]],[[-153.8998,17.5381],[-156.8248,18.2518],[-157.4998,18.8917],[-158.0623,20.7963],[-158.0569,21.3354]],[[179.9999,-6.0203],[163.8,-13.699],[154.8,-15.8743],[152.1,-15.0068],[148.5,-12.3838],[144.9,-10.4726],[142.2,-9.5864],[138.6,-9.9559],[134.55,-9.5864],[131.4,-9.1424],[129.375,-8.6978],[128.25,-7.8071],[126.9,-7.3611],[123.75,-6.6911],[120.15,-6.6911],[117.3799,-5.7219],[116.5831,-5.3012],[114.5398,-5.498],[112.05,-4.8257],[109.575,-3.4793],[108.9,-3.03],[106.0875,-0.3314],[104.85,0.6248],[104.4,0.8498],[104.2875,0.9623],[104.1496,1.1845],[103.8531,1.2939]],[[-118.2454,34.0534],[-118.7998,33.893],[-120.5998,33.3778],[-127.7998,29.3446],[-138.5998,24.1226],[-147.5998,19.6704],[-153.8998,17.5381],[-158.3998,12.7617],[-170.9998,2.3679],[-179.9998,-6.0203]]]},"properties":{"id":"hawaiki-nui","name":"Hawaiki Nui","owners":"","rfs":"","length":""}},{"type":"Feature","geometry":{"type":"MultiLineString","coordinates":[[[31.0501,33.2838],[31.5001,34.064],[32.4667,34.7666]],[[23.7376,35.8769],[24.0122,35.512]],[[10.5751,41.5201],[9.9001,41.1823],[9.5214,40.9236]],[[14.8501,38.6811],[13.9501,38.4171],[13.3587,38.1161]],[[11.0251,41.2388],[11.7001,41.5201],[12.4958,41.9031]],[[9.7876,43.0733],[9.5626,42.9087],[9.4509,42.6883]],[[8.7751,43.51],[8.8876,44.0515],[8.9389,44.4104]],[[35.0051,29.6028],[34.7625,31.03],[34.7697,32.045],[33.7501,32.5282],[31.0501,33.2838],[28.8001,34.2192],[26.5501,35.328],[26.1001,35.5114],[23.7376,35.8769],[23.4866,35.9595],[19.3501,36.8077],[18.0001,37.053],[15.7501,37.6789],[15.5251,38.0637],[15.6376,38.2406],[15.3001,38.5052],[14.8501,38.6811],[13.5001,38.8565],[12.1501,39.6983],[11.0251,41.2388],[10.5751,41.5201],[10.0126,42.4124],[9.7876,43.0733],[8.7751,43.51],[7.2001,43.1554],[6.4126,42.8263],[5.9626,42.8263],[5.3725,43.2936]]]},"properties":{"id":"blue","name":"Blue","owners":"","rfs":"","length":""}},{"type":"Feature","geometry":{"type":"MultiLineString","coordinates":[[[62.775,20.375],[62.775,22.4694],[59.85,24.2253],[58.5,23.8914],[58.0044,23.6796]],[[55.35,15.886],[54.7875,16.5342],[54.1481,17.0958]],[[44.55,12.2858],[43.65,11.9009],[43.1617,11.5492]],[[35.6965,27.354],[35.55,28.2932],[35.0051,29.581]],[[72.8759,19.0761],[70.2,19.6351],[66.6,20.164],[62.775,20.375],[58.95,17.6096],[55.35,15.886],[48.6,13.2732],[45.45,12.5056],[44.55,12.2858],[43.882,12.4588],[43.425,12.6154],[43.3407,12.8349],[43.2563,13.0542],[43.0313,13.9293],[42.525,14.8012],[41.85,16.5342],[39.4875,20.375],[39.15,20.9365],[38.7,22.053],[37.4625,24.1226],[36.45,25.7547],[35.6965,27.354]]]},"properties":{"id":"raman","name":"Raman","owners":"","rfs":"","length":""}},{"type":"Feature","geometry":{"type":"MultiLineString","coordinates":[[[20.508,54.7089],[20.2501,55.1636],[20.2501,56.1786],[20.4751,57.5719],[21.3751,58.6417],[22.2751,59.1646],[23.1751,59.3945],[23.8501,59.5659],[24.4126,59.6797],[25.3126,59.7364],[27.4501,59.6228],[28.6698,59.4459]]]},"properties":{"id":"kaliningrad-cable","name":"Kaliningrad Cable","owners":"","rfs":"","length":""}},{"type":"Feature","geometry":{"type":"MultiLineString","coordinates":[[[5.7308,58.9708],[3.6001,59.9061],[0.0001,60.9789],[-2.2499,60.9789],[-5.3999,60.4654],[-7.6499,60.0187],[-8.9999,59.6797],[-12.5999,59.0684],[-23.3999,57.0861],[-39.5999,55.3346],[-53.9999,54.6461],[-56.2499,54.5157],[-58.0499,54.2537],[-59.3999,53.7246],[-60.3261,53.3017]]]},"properties":{"id":"leif-erikson","name":"Leif Erikson","owners":"","rfs":"","length":""}},{"type":"Feature","geometry":{"type":"MultiLineString","coordinates":[[[-57.3749,8.6357],[-57.4874,8.1905],[-57.8249,7.2988],[-58.1549,6.8043]],[[-55.4556,7.4259],[-55.3499,6.5542],[-55.1739,5.824]],[[-61.6508,10.6863],[-61.4811,11.074],[-61.0874,11.1844],[-60.7353,11.1825],[-60.5249,11.2212],[-60.2999,11.074],[-57.3749,8.6357],[-56.4749,7.7449],[-55.4556,7.4259],[-53.9999,7.5591],[-53.0946,7.3574],[-52.4249,5.9578],[-52.3209,4.9415]]]},"properties":{"id":"deep-blue-one","name":"Deep Blue One","owners":"","rfs":"","length":""}},{"type":"Feature","geometry":{"type":"MultiLineString","coordinates":[[[109.125,-3.03],[107.8875,-4.6015],[107.4375,-5.2739],[106.8529,-6.1716]],[[126.5735,5.4047],[126.3375,5.6594],[126.1125,5.9578],[125.6129,7.08]],[[125.55,16.2464],[123.525,15.5973],[121.95,15.6695],[121.5602,15.7615]],[[127.35,19.2461],[126.0,21.3212],[124.1488,23.7578],[122.85,24.635],[121.8014,24.8635]],[[126.45,18.2518],[131.4,17.395],[138.6,15.6695],[143.1,13.9293],[144.0,13.6015],[144.6947,13.4648]],[[103.6461,1.3386],[103.5,1.0185],[103.5,0.7936],[104.175,0.3416],[104.85,0.2351],[106.2,-0.3314],[109.125,-3.03],[109.8,-3.4793],[112.05,-4.6015],[114.6098,-5.2739],[116.8081,-4.18],[117.7125,-2.7304],[117.9644,-1.5153],[118.7663,-0.8106],[119.7,0.5686],[119.925,1.0185],[120.6,1.4684],[126.5735,5.4047],[128.25,7.4475],[127.35,11.8825],[125.55,16.2464],[126.45,18.2518],[127.35,19.2461],[130.95,20.7963],[138.6,23.7113],[139.725,24.9414],[140.85,30.9014],[141.075,32.4333],[140.9625,33.9396],[140.5687,34.405],[140.3718,34.6907],[140.1047,34.8524],[139.961,34.9741]]]},"properties":{"id":"apricot","name":"Apricot","owners":"","rfs":"","length":""}},{"type":"Feature","geometry":{"type":"MultiLineString","coordinates":[[[1.7293,52.4688],[2.2501,52.6233],[3.8251,52.6233],[4.2751,52.5549],[4.6137,52.4585]]]},"properties":{"id":"scylla","name":"Scylla","owners":"","rfs":"","length":""}},{"type":"Feature","geometry":{"type":"MultiLineString","coordinates":[[[132.874,42.8127],[132.3,42.6886],[131.9107,43.1546],[132.3,42.357],[133.2,41.8562],[134.55,41.7444],[137.925,43.0733],[140.85,45.5941],[141.975,45.7513],[142.65,45.9081],[142.65,46.3758],[142.7262,46.949],[142.875,46.3758],[143.1,45.9081],[144.0,45.7513],[148.5,46.3758],[153.45,48.3566],[158.85,50.8351],[159.3,52.2346],[158.65,53.0167],[159.75,52.5093],[162.0,52.7823],[168.3,53.8575],[174.025,55.9063],[179.978,60.5285]],[[-179.9998,60.5285],[-179.5278,60.8695],[-178.6278,62.7811],[-179.9778,63.7924]],[[179.9999,63.7924],[178.6499,64.3823],[177.5021,64.7272],[178.6499,64.4794],[179.9999,64.1871]],[[-179.9998,64.1871],[-172.7998,63.9904],[-170.0998,64.7687],[-169.1998,66.0785],[-170.5498,67.6686],[-175.9498,69.4759],[-179.9998,70.1742]],[[179.9999,70.1742],[177.7499,70.5523],[171.9,70.7016],[170.1,70.2504],[170.307,69.7029],[169.65,70.2504],[159.75,72.1348],[148.95,72.8123],[141.75,73.0763],[135.0,72.8123],[131.4,71.9962],[128.8645,71.6375],[130.5,72.2724],[130.95,74.0933],[123.75,76.2757],[112.95,77.4998],[104.85,77.8835],[99.45,77.4998],[94.5,77.2043],[86.85,75.9517],[81.0,74.4591],[80.531,73.5077],[78.75,73.7191],[71.55,73.9695],[65.7,72.8123],[63.0,70.5523],[61.6637,69.7512],[60.75,70.4019],[59.4,70.5523],[57.6,70.4019],[53.1,69.944],[44.1,69.6331],[34.65,69.4759],[33.7501,69.3175],[33.0868,68.9728]]]},"properties":{"id":"polar-express","name":"Polar Express","owners":"","rfs":"","length":""}},{"type":"Feature","geometry":{"type":"MultiLineString","coordinates":[[[118.5772,-20.3134],[117.975,-20.0487],[115.2,-19.8001],[111.6,-19.8001],[109.8,-20.4339]]]},"properties":{"id":"darwin-jakarta-singapore-cable-djsc","name":"Darwin-Jakarta-Singapore Cable (DJSC)","owners":"","rfs":"","length":""}},{"type":"Feature","geometry":{"type":"MultiLineString","coordinates":[[[1.7293,52.4688],[2.2501,52.4865],[3.8251,52.4865],[4.5242,52.3637]]]},"properties":{"id":"zeus","name":"Zeus","owners":"","rfs":"","length":""}},{"type":"Feature","geometry":{"type":"MultiLineString","coordinates":[[[75.375,5.6594],[74.25,4.6136],[73.5404,4.2123]],[[101.25,2.1431],[101.4188,2.5927],[101.4436,2.7512]],[[98.1,5.2861],[99.0,5.9578],[100.0661,6.6135]],[[85.5,1.0185],[83.925,5.5101],[83.025,7.7449],[82.575,9.5244],[81.45,11.7357],[80.243,13.0639]],[[79.65,3.1919],[80.4375,5.4354],[80.5399,5.9408]],[[72.8759,19.0761],[71.325,16.9651],[71.0451,13.4921],[72.5049,9.362],[74.7,6.6887],[75.375,5.6594],[78.3,3.716],[79.65,3.1919],[81.0,2.8175],[85.5,1.0185],[90.0,1.9182],[92.7,4.6136],[94.275,5.5101],[95.4,6.0697],[97.425,5.622],[98.1,5.2861],[98.775,4.6136],[100.0125,3.2668],[101.25,2.1431],[102.15,1.8058],[102.6828,1.5583],[103.3407,1.384],[103.5,1.3275],[103.6461,1.3386]]]},"properties":{"id":"india-asia-xpress-iax","name":"India Asia Xpress (IAX)","owners":"","rfs":"","length":""}},{"type":"Feature","geometry":{"type":"MultiLineString","coordinates":[[[25.2001,34.5441],[24.9751,34.8678],[24.7684,35.0716]],[[35.5219,26.5625],[35.55,27.0979],[35.6965,27.354]],[[37.3405,24.1381],[37.8,24.1226],[38.107,24.0706]],[[44.55,11.5153],[43.65,11.6206],[43.148,11.5949]],[[54.0,13.3827],[54.1125,14.5835],[54.1125,16.5342],[54.1481,17.0958]],[[32.6532,29.1136],[33.0751,28.9516],[33.5393,28.1611],[34.5375,27.3647],[35.5219,26.5625],[36.3375,25.7547],[37.35,24.1226],[38.5875,22.053],[39.0375,20.9365],[39.375,20.375],[41.7375,16.5342],[42.4688,14.8012],[42.975,13.9293],[43.2282,13.0542],[43.3266,12.8349],[43.411,12.6154],[43.875,12.3957],[44.55,11.5153],[45.45,11.405],[48.6,12.1759],[52.65,13.1637],[54.0,13.3827],[55.35,13.4921],[58.95,15.2358],[60.975,16.5342],[66.6,18.6786],[70.2,18.8917],[72.8759,19.0761]],[[29.6724,31.0476],[29.9813,30.8531],[30.3751,30.7807],[31.0501,30.4175],[31.7251,30.1747],[32.1751,29.5891],[32.6532,29.1136]],[[29.6724,31.0476],[29.9813,30.8048],[30.3751,30.684],[31.0501,30.3205],[31.7251,30.0774],[32.1751,29.5402],[32.6532,29.1136]],[[8.4838,44.3057],[9.1126,44.0515],[9.6751,43.0733],[9.9001,42.4124],[10.4626,41.5201],[11.4751,39.6983],[11.8126,37.8567],[13.6688,35.968],[14.4001,35.7857],[16.6501,35.6029],[19.3501,35.968],[22.0501,35.4045],[23.4001,34.8986],[25.2001,34.5441],[27.9001,32.5282],[29.6724,31.0476]]]},"properties":{"id":"india-europe-xpress-iex","name":"India Europe Xpress (IEX)","owners":"","rfs":"","length":""}},{"type":"Feature","geometry":{"type":"MultiLineString","coordinates":[[[-41.8499,-27.9517],[-45.2249,-25.1342],[-46.4125,-24.0089]],[[-50.8499,-35.9581],[-53.9999,-35.4099],[-54.95,-34.9667]],[[-78.8827,33.6936],[-78.379,33.1897],[-77.3999,32.37],[-74.6999,30.9014],[-73.3499,30.3205],[-69.2999,28.3592],[-63.4499,25.7547],[-48.5999,16.5342],[-38.6999,7.7449],[-33.7499,0.5686],[-30.4874,-3.8161],[-27.8999,-9.2904],[-28.3497,-13.6978],[-30.1497,-18.0253],[-36.3374,-24.4192],[-39.5999,-25.9462],[-41.8499,-27.9517],[-44.0999,-32.6128],[-50.8499,-35.9581],[-53.9999,-36.6833],[-56.6954,-36.471]]]},"properties":{"id":"firmina","name":"Firmina","owners":"","rfs":"","length":""}},{"type":"Feature","geometry":{"type":"MultiLineString","coordinates":[[[17.1272,39.0807],[17.7751,39.0315],[19.8001,38.9441],[20.7517,38.9593]]]},"properties":{"id":"ionian","name":"Ionian","owners":"","rfs":"","length":""}},{"type":"Feature","geometry":{"type":"MultiLineString","coordinates":[[[118.9762,-8.5056],[119.25,-8.197],[119.5875,-8.1414],[119.8687,-8.197],[119.9076,-8.4756]],[[121.6427,-8.8457],[121.725,-9.0683],[122.85,-9.8081],[123.3,-9.9005],[123.5834,-10.1829]]]},"properties":{"id":"sape-labuanbajo-ende-kupang-cable-systems","name":"Sape-LabuanBajo-Ende-Kupang Cable Systems","owners":"","rfs":"","length":""}},{"type":"Feature","geometry":{"type":"MultiLineString","coordinates":[[[123.5833,-10.1833],[123.4687,-9.6973],[123.525,-9.1424],[123.75,-9.0313],[124.0875,-8.9202],[124.2,-8.6978],[124.4038,-8.3207]]]},"properties":{"id":"kupang-alor-cable-systems","name":"Kupang-Alor Cable Systems","owners":"","rfs":"","length":""}},{"type":"Feature","geometry":{"type":"MultiLineString","coordinates":[[[118.0822,-8.8411],[118.0125,-9.1424],[117.675,-9.3644],[117.225,-9.3644],[116.55,-9.3644],[116.1,-9.2534],[115.65,-9.1424],[115.425,-8.9202],[115.2606,-8.6571]],[[115.65,-9.1424],[115.7062,-8.8646],[115.875,-8.6793],[116.0725,-8.5614]],[[118.0822,-8.8411],[118.2375,-9.1424],[118.6875,-9.2534],[119.25,-9.1794],[120.0375,-9.1794],[120.2625,-9.3644],[120.253,-9.6458]]]},"properties":{"id":"denpasar-waingapu-cable-systems","name":"Denpasar-Waingapu Cable Systems","owners":"","rfs":"","length":""}},{"type":"Feature","geometry":{"type":"MultiLineString","coordinates":[[[-86.7676,21.0957],[-86.5124,21.426],[-86.1749,21.6353],[-84.8249,23.5051],[-83.2499,24.3278],[-80.9999,24.5327],[-80.5499,24.7372],[-80.0999,25.3487],[-79.7624,25.9572],[-80.0889,26.3506]]]},"properties":{"id":"gignet-1","name":"GigNet-1","owners":"","rfs":"","length":""}},{"type":"Feature","geometry":{"type":"MultiLineString","coordinates":[[[109.35,-3.03],[108.0,-4.6015],[107.55,-5.2739],[106.8278,-6.1719]],[[126.45,5.6594],[126.225,5.9578],[125.6129,7.08]],[[179.9999,40.7292],[172.7999,40.7292],[160.2,37.2324],[148.5,23.0228],[144.675,14.3657],[144.5625,13.9293],[144.6947,13.4648],[144.0,13.2732],[137.25,11.7357],[133.2,9.9679],[129.6,7.8935],[126.45,5.6594],[120.6,2.3679],[119.475,1.0185],[119.25,0.5686],[118.3163,-0.8106],[117.7394,-1.5153],[117.4875,-2.7304],[116.5831,-4.18],[114.6799,-5.0499],[112.05,-4.3771],[110.025,-3.4793],[109.35,-3.03],[106.3125,-0.3314],[105.6375,0.1186],[104.85,0.5686],[104.175,0.6851],[103.8938,0.7936],[103.8938,1.0185],[103.853,1.2941]],[[-118.2454,34.0534],[-118.7998,33.9863],[-120.5998,33.5655],[-122.3998,33.5655],[-129.5998,36.5124],[-138.825,39.3512],[-151.1998,40.7289],[-179.9998,40.7289]]]},"properties":{"id":"bifrost","name":"Bifrost","owners":"","rfs":"","length":""}},{"type":"Feature","geometry":{"type":"MultiLineString","coordinates":[[[144.6575,13.3853],[144.0,13.3827],[143.55,13.4192]],[[143.8875,13.9657],[144.225,13.7108],[144.6947,13.4648]],[[135.45,6.5542],[134.775,7.0011],[134.5609,7.5317]],[[109.575,-3.03],[108.1125,-4.6015],[107.6625,-5.2739],[107.121,-5.9812]],[[179.9999,45.3311],[172.7999,45.3311],[160.2,37.9455],[148.5,23.4363],[143.8875,13.9657],[143.55,13.4192],[139.5,9.6723],[135.45,6.5542],[131.4,3.8656],[129.6,1.6184],[128.7,-1.981],[128.025,-2.8802],[127.35,-4.6762],[123.75,-6.4676],[120.15,-6.4676],[116.5831,-4.853],[114.75,-4.8257],[112.05,-4.1528],[110.25,-3.4793],[109.575,-3.03],[106.5375,-0.3314],[105.3,0.9061],[104.85,1.1873],[104.625,1.2506],[104.2879,1.2998],[104.1898,1.3102],[103.987,1.3895]],[[-124.1596,40.8033],[-130.4998,42.7437],[-138.5998,44.0515],[-151.1998,45.3311],[-179.9998,45.3311]]]},"properties":{"id":"echo","name":"Echo","owners":"","rfs":"","length":""}},{"type":"Feature","geometry":{"type":"MultiLineString","coordinates":[[[-77.9214,18.4694],[-78.1874,18.5543],[-78.3561,18.4476],[-78.3483,18.2787],[-78.2999,18.0737],[-78.0749,17.9667],[-77.8484,18.0237],[-77.8499,17.8596],[-77.3999,17.7168],[-76.9499,17.7704],[-76.6667,17.9499]]]},"properties":{"id":"jscfs","name":"JSCFS","owners":"","rfs":"","length":""}},{"type":"Feature","geometry":{"type":"MultiLineString","coordinates":[[[-74.6999,36.9032],[-76.0592,36.755]],[[-79.1999,29.9313],[-80.5499,30.2233],[-81.6557,30.332]],[[-77.3999,32.5598],[-78.2665,33.1897],[-78.8827,33.6936]],[[-74.0629,40.1529],[-73.9375,40.0285],[-74.0249,39.0024],[-74.6999,36.9032],[-74.9249,35.5419],[-76.0499,33.6904],[-77.3999,32.5598],[-79.1999,29.9313],[-79.6499,26.4618],[-80.1215,25.9385]]]},"properties":{"id":"confluence-1","name":"Confluence-1","owners":"","rfs":"","length":""}},{"type":"Feature","geometry":{"type":"MultiLineString","coordinates":[[[28.9882,41.0406],[29.0251,41.4358],[28.3501,41.8562],[27.9854,41.8842],[28.2376,42.1905],[28.2376,42.8538],[28.3501,43.1828]],[[27.9129,43.2084],[28.3501,43.1828],[28.8001,43.4284],[28.8001,43.673],[28.5828,43.8172]]]},"properties":{"id":"kafos","name":"KAFOS","owners":"","rfs":"","length":""}},{"type":"Feature","geometry":{"type":"MultiLineString","coordinates":[[[-85.0499,21.6353],[-86.1749,21.1115],[-86.5124,21.164],[-86.7676,21.0957]],[[-79.5374,9.9679],[-76.0499,10.5092],[-75.5057,10.3868]],[[-80.0533,26.7153],[-79.6499,26.4618],[-79.5374,25.9572],[-79.4249,25.3487],[-79.4249,24.7372],[-80.9999,23.5051],[-83.2499,23.2986],[-84.8249,22.4694],[-85.0499,21.6353],[-85.2749,20.375],[-84.3749,19.1044],[-81.6749,17.395],[-80.3249,16.1023],[-80.0999,13.9293],[-79.4249,11.9559],[-79.5374,9.9679],[-79.7535,9.4377]]]},"properties":{"id":"caribbean-express-cx","name":"Caribbean Express (CX)","owners":"","rfs":"","length":""}},{"type":"Feature","geometry":{"type":"MultiLineString","coordinates":[[[106.8278,-6.1719],[106.5375,-5.2739],[106.7625,-4.6015],[106.7625,-3.4793],[106.5475,-3.0799],[106.3125,-2.5805],[105.8625,-1.9061],[105.5827,-1.5539],[105.525,-1.2313],[105.1875,0.1186],[104.85,0.3456],[104.175,0.4561],[103.725,0.7936],[103.725,1.0185],[103.8781,1.1347],[103.9626,1.1347],[103.9219,1.1854],[103.9465,1.3273]]]},"properties":{"id":"b2js-jakarta-bangka-batam-singapore-cable-system","name":"B2JS (Jakarta-Bangka-Batam-Singapore) Cable System","owners":"","rfs":"","length":""}},{"type":"Feature","geometry":{"type":"MultiLineString","coordinates":[[[-16.1999,23.8485],[-16.0874,23.7456],[-15.9344,23.7211]],[[-3.7124,3.2668],[-4.0262,5.3235]],[[1.3501,4.1649],[1.3501,5.062],[1.2278,6.1263]],[[2.2501,4.0527],[2.2501,5.062],[2.4401,6.3567]],[[-7.6319,33.6054],[-8.9999,33.3152],[-12.1499,30.126],[-13.2749,28.1611],[-14.3999,26.9643],[-16.1999,23.8485],[-16.6499,22.8847],[-17.9999,19.9526],[-17.9999,16.5342],[-17.9999,11.7357],[-16.6499,8.6357],[-15.2999,7.7449],[-14.3999,6.8522],[-12.1499,5.062],[-10.7999,3.716],[-6.2999,3.716],[-3.7124,3.2668],[-0.8999,3.2798],[1.3501,4.1649],[2.2501,4.0527],[5.4001,1.9182],[7.2001,0.7936],[8.5501,0.5686],[9.4543,0.3945]]]},"properties":{"id":"maroc-telecom-west-africa","name":"Maroc Telecom West Africa","owners":"","rfs":"","length":""}},{"type":"Feature","geometry":{"type":"MultiLineString","coordinates":[[[-89.6144,-0.9092],[-89.8874,-0.9689],[-90.1124,-0.9126],[-90.3113,-0.7424],[-90.4499,-0.9126],[-90.6749,-0.9689],[-90.9621,-0.961]],[[-80.7161,-0.9497],[-81.4499,-1.0813],[-89.0999,-1.0813],[-89.6144,-0.9092]]]},"properties":{"id":"galapagos-cable-system","name":"Galapagos Cable System","owners":"","rfs":"","length":""}},{"type":"Feature","geometry":{"type":"MultiLineString","coordinates":[[[35.6965,27.354],[35.1,27.0979],[34.5094,26.5625]],[[42.8907,13.0542],[43.1787,13.1445],[43.2473,13.3203]],[[60.975,16.7498],[60.975,22.4694],[59.85,23.4019],[58.5,24.0456],[56.925,24.7116],[56.3399,25.0515]],[[32.2845,31.2593],[31.2751,31.7981],[27.9001,31.9573],[25.2001,32.7177],[22.0501,33.4561],[19.3501,33.3778],[16.6501,33.0012],[14.4001,33.8463],[12.1501,35.4198],[11.9251,35.7857],[11.7001,36.2407],[11.3626,37.2324],[10.3486,37.5898],[9.0001,37.5898],[7.4251,37.9455],[6.7501,38.6518],[5.7376,41.7444],[5.3725,43.2936]],[[32.2845,31.2593],[32.2876,30.837],[32.2876,30.0774],[32.4281,29.6383],[32.5971,29.3446],[32.9345,28.9516]],[[44.55,11.1844],[43.65,11.4895],[43.148,11.5949]],[[45.45,10.9636],[45.2358,10.7054],[45.0109,10.4351]],[[32.9345,28.9516],[33.0828,28.3659],[33.3849,28.1611],[33.9188,27.3647],[34.5094,26.5625],[34.9875,25.7547],[36.0,24.1226],[37.2375,22.053],[38.025,20.375],[39.375,18.2518],[40.3875,16.5342],[41.7938,14.8012],[42.3,13.9293],[42.8907,13.0542],[43.1719,12.8349],[43.2563,12.6154],[43.5094,12.3957],[44.55,11.074],[45.45,10.9636],[48.6,11.7357],[52.65,12.7252],[54.0,12.9445],[54.675,12.6154],[53.55,9.5244],[50.85,5.5101],[47.7,1.4684],[45.225,-1.0064],[42.3,-3.2547],[39.6729,-4.0529]],[[54.0,12.9445],[55.35,13.7108],[58.95,15.4528],[60.975,16.7498],[65.7,20.375],[66.2625,23.2986],[67.0285,24.8897]]]},"properties":{"id":"africa-1","name":"Africa-1","owners":"","rfs":"","length":""}},{"type":"Feature","geometry":{"type":"MultiLineString","coordinates":[[[-53.9999,54.6461],[-62.9999,61.3047],[-64.7999,62.1571],[-66.1499,62.5745],[-67.9499,63.3921],[-68.3999,63.593],[-68.5197,63.7486]]]},"properties":{"id":"sednalink-fibre","name":"SednaLink Fibre","owners":"","rfs":"","length":""}},{"type":"Feature","geometry":{"type":"MultiLineString","coordinates":[[[1.441,51.3586],[1.8001,51.3767],[2.4751,51.3767],[2.9128,51.2312]],[[1.6936,52.7152],[2.2501,52.7823],[3.1501,52.7823],[4.0501,52.9182],[4.7008,52.8369]]]},"properties":{"id":"bt-north-sea","name":"BT North Sea","owners":"","rfs":"","length":""}},{"type":"Feature","geometry":{"type":"MultiLineString","coordinates":[[[-149.1748,-22.4235],[-150.7498,-22.4235],[-151.3429,-22.4513]],[[-149.4859,-23.3469],[-149.1748,-22.4235],[-148.9498,-20.855],[-148.9498,-18.0977],[-149.0623,-17.7766],[-149.3081,-17.7233]]]},"properties":{"id":"natitua-sud","name":"Natitua Sud","owners":"","rfs":"","length":""}},{"type":"Feature","geometry":{"type":"MultiLineString","coordinates":[[[-64.309,48.4718],[-63.8999,48.3566],[-62.5499,47.755],[-61.9557,47.3826]],[[-64.309,48.4718],[-63.8999,48.2068],[-62.5499,47.6035],[-61.9557,47.3826]]]},"properties":{"id":"cogim","name":"COGIM","owners":"","rfs":"","length":""}},{"type":"Feature","geometry":{"type":"MultiLineString","coordinates":[[[12.3521,-6.141],[12.1501,-6.244],[11.7001,-6.244]],[[13.235,-8.8126],[12.6001,-8.2527],[11.9251,-7.3611],[11.7001,-6.6911],[11.7001,-6.244],[11.7001,-5.7965],[11.9251,-5.5726],[12.1899,-5.5566]]]},"properties":{"id":"nzadi-cable-system","name":"Nzadi Cable System","owners":"","rfs":"","length":""}},{"type":"Feature","geometry":{"type":"MultiLineString","coordinates":[[[-162.8998,54.6245],[-163.0123,54.7546],[-163.2373,54.8195],[-163.415,54.851]],[[-165.9373,54.3632],[-165.8248,54.2976],[-165.7731,54.1356]],[[-166.5333,53.8845],[-166.4998,54.0341],[-166.2748,54.2976],[-165.9373,54.3632],[-165.5998,54.4287],[-165.1498,54.2976],[-164.2498,54.2976],[-163.3498,54.4287],[-162.8998,54.6245],[-162.5623,54.8195],[-162.4498,54.9812],[-162.3044,55.0492]],[[-158.8498,55.5898],[-158.9623,55.7801],[-159.1448,55.9175]],[[-154.3498,57.8125],[-153.9123,57.669],[-153.986,57.5373]],[[-158.7721,56.255],[-158.6248,56.2829],[-158.5072,56.3214],[-158.1748,56.3453],[-158.0498,56.2794],[-157.9561,56.0672],[-158.3998,55.7167],[-158.8498,55.5898],[-159.2998,55.4624],[-159.7498,55.3986],[-160.1998,55.3347],[-160.4963,55.3416],[-160.6498,55.4305],[-160.8748,55.3986],[-161.0998,55.3347],[-161.3248,55.3027],[-161.5498,55.3027],[-161.7748,55.2386],[-161.9998,55.0779],[-162.1123,55.0134],[-162.3044,55.0492],[-162.4498,55.0134],[-162.5623,55.0779],[-162.704,55.2041]],[[-152.3951,57.7944],[-152.2123,57.8724],[-152.2123,57.9918],[-152.5498,58.0216],[-152.9998,57.962],[-153.1686,57.9918],[-153.4498,58.0216],[-153.8998,57.9918],[-154.3498,57.8125],[-154.7998,57.6924],[-155.4748,57.3299],[-156.8248,56.4698],[-157.4998,56.4076],[-157.9498,56.4145],[-158.4088,56.2945]]]},"properties":{"id":"au-aleutian","name":"AU-Aleutian","owners":"","rfs":"","length":""}},{"type":"Feature","geometry":{"type":"MultiLineString","coordinates":[[[-132.8295,56.0152],[-132.9113,56.127],[-132.8973,56.1905],[-132.7297,56.2641],[-132.6823,56.2909],[-132.6481,56.3505],[-132.6481,56.3816],[-132.6481,56.475],[-132.7044,56.5372],[-132.7607,56.5991],[-132.817,56.661],[-132.8733,56.7228],[-132.9699,56.8078],[-132.8449,56.9134],[-132.952,57.021],[-133.2329,57.0817],[-133.5163,57.125],[-133.5733,57.1682],[-133.6019,57.2297],[-133.5742,57.314],[-133.6085,57.373],[-133.6352,57.5588],[-133.7463,57.7079],[-133.7685,57.8237],[-133.9352,57.9864],[-134.0686,58.1012],[-134.1928,58.1651],[-134.2958,58.2075],[-134.5799,58.2426],[-134.6555,58.2917],[-134.7869,58.4122],[-134.7829,58.4981],[-134.7473,58.551]]]},"properties":{"id":"sealink","name":"SEALink","owners":"","rfs":"","length":""}},{"type":"Feature","geometry":{"type":"MultiLineString","coordinates":[[[-74.2053,11.2419],[-74.3624,11.3315],[-74.4749,11.2212],[-74.6119,11.0122]],[[-74.9528,11.0052],[-75.1499,11.074],[-75.2624,10.9636],[-75.5057,10.3868],[-75.8249,10.1894],[-75.8249,9.894],[-75.5587,9.4964]]]},"properties":{"id":"colombian-festoon","name":"Colombian Festoon","owners":"","rfs":"","length":""}},{"type":"Feature","geometry":{"type":"MultiLineString","coordinates":[[[-9.0483,53.2739],[-9.8999,53.0537],[-10.7999,53.0537],[-11.2499,53.3233],[-12.5999,54.9488],[-12.5999,55.6744],[-12.3749,56.4283],[-12.5999,58.8363],[-13.9499,59.5279],[-21.1499,60.8695],[-21.8249,62.1571],[-22.7249,62.9862],[-22.2749,63.4927],[-21.3781,63.8563]]]},"properties":{"id":"iris","name":"IRIS","owners":"","rfs":"","length":""}},{"type":"Feature","geometry":{"type":"MultiLineString","coordinates":[[[-179.9998,41.4076],[-151.1998,41.4076],[-138.7124,40.0437],[-129.5998,36.8732],[-122.8498,35.2362],[-120.6215,35.1209]],[[120.858,18.6243],[121.6125,19.2461],[122.85,19.8468],[126.0,20.5858],[130.95,22.053],[138.6,25.3487],[160.2,38.6518],[172.7999,41.4077],[179.9999,41.4077]]]},"properties":{"id":"cap-1","name":"CAP-1","owners":"","rfs":"","length":""}},{"type":"Feature","geometry":{"type":"MultiLineString","coordinates":[[[-10.7999,49.4412],[-7.1999,50.8825],[-5.3999,51.0242],[-4.5444,50.8282]],[[-70.9503,42.4636],[-69.2999,42.4124],[-61.1999,41.7444],[-50.3999,43.5644],[-40.0,46.1741],[-23.3999,50.1673],[-16.1999,50.1673],[-10.7999,49.4412],[-5.8499,46.9932],[-3.1499,45.1198],[-1.2118,44.8938]]]},"properties":{"id":"amitie","name":"Amitie","owners":"","rfs":"","length":""}},{"type":"Feature","geometry":{"type":"MultiLineString","coordinates":[[[-95.3444,28.9495],[-94.0499,28.0949],[-91.7999,27.8962],[-88.6499,28.6887],[-88.1999,29.4752],[-88.5562,30.3658]]]},"properties":{"id":"gulf-of-mexico-fiber-optic-network","name":"Gulf of Mexico Fiber Optic Network","owners":"","rfs":"","length":""}},{"type":"Feature","geometry":{"type":"MultiLineString","coordinates":[[[8.6162,57.1117],[8.6626,57.2893],[7.9876,57.9321],[7.9963,58.1511]]]},"properties":{"id":"havsil","name":"Havsil","owners":"","rfs":"","length":""}},{"type":"Feature","geometry":{"type":"MultiLineString","coordinates":[[[-16.1999,46.2722],[-9.8999,46.8908],[-5.8499,45.9602],[-4.2749,44.6948],[-2.9492,43.2742]],[[-72.9379,40.7558],[-71.0999,39.7848],[-68.3999,39.525],[-61.1999,38.6518],[-50.3999,39.0024],[-39.5999,40.3873],[-23.3999,44.6948],[-16.1999,46.2722],[-10.7999,49.2947],[-8.0999,49.7329],[-4.5444,50.8282]]]},"properties":{"id":"grace-hopper","name":"Grace Hopper","owners":"","rfs":"","length":""}},{"type":"Feature","geometry":{"type":"MultiLineString","coordinates":[[[114.3,14.8012],[117.0,13.7108],[118.8,13.4921],[120.15,13.4921],[121.066,13.7624]],[[117.0,19.3169],[117.225,19.9526],[117.225,20.7963],[117.0,22.4694],[116.6775,23.355]],[[115.2,18.2518],[114.525,20.7963],[114.2029,22.2221]],[[113.175,12.6154],[112.95,12.8349],[111.6,13.4921],[110.025,13.8201],[109.2196,13.7829]],[[108.0,5.3421],[105.3,6.4052],[103.275,7.7449],[100.8,9.5244],[100.125,11.2947],[100.2375,12.1759],[100.575,12.8349],[100.9306,13.1744]],[[139.9755,35.0054],[140.175,34.8986],[140.3437,34.6907],[140.5125,34.405],[140.85,33.9396],[140.85,32.4333],[140.4,30.9014],[138.825,28.1611],[137.25,26.5625],[132.75,23.5051],[130.95,22.6772],[126.0,21.1115],[122.85,20.2695],[121.05,20.0583],[120.15,20.0583],[117.0,19.3169],[115.2,18.2518],[114.3,14.8012],[113.175,12.6154],[112.1625,9.9679],[110.925,7.7449],[108.0,5.3421],[105.75,4.3893],[104.6813,2.8175],[104.3162,1.4684],[104.2062,1.3419],[103.9197,1.2284],[103.6461,1.3386]]]},"properties":{"id":"asia-direct-cable-adc","name":"Asia Direct Cable (ADC)","owners":"","rfs":"","length":""}},{"type":"Feature","geometry":{"type":"MultiLineString","coordinates":[[[-75.5999,62.7811],[-75.5999,62.4707],[-75.6469,62.2013]],[[-78.7499,62.4707],[-78.2999,62.4707],[-77.9167,62.4167]],[[-79.1999,60.8695],[-78.7499,60.8695],[-78.1442,60.8177]],[[-78.5249,59.7553],[-78.7499,60.2056],[-79.1999,60.8695],[-79.1999,61.52],[-78.7499,62.4707],[-78.2999,62.7811],[-76.9499,62.8838],[-75.5999,62.7811],[-73.7999,62.8838],[-72.4499,62.5745],[-71.9999,62.1571],[-71.9539,61.5963]],[[-78.2999,55.6744],[-78.0749,55.4198],[-77.7638,55.2746]],[[-78.7499,58.1306],[-78.2999,58.3674],[-78.1051,58.4551]],[[-77.1749,56.5525],[-76.7249,56.5525],[-76.5471,56.5516]],[[-77.2692,60.0371],[-78.5249,59.7553],[-79.1999,59.0684],[-79.1999,58.6026],[-78.7499,58.1306],[-77.3999,57.4107],[-77.1749,56.5525],[-77.3999,56.1786],[-77.8499,55.9273],[-78.2999,55.6744],[-79.1999,55.4198],[-80.0999,54.9057],[-80.0999,54.3849],[-79.6499,53.8575],[-78.8935,53.7736]]]},"properties":{"id":"eastern-arctic-undersea-fibre-optic-network-eaufon","name":"Eastern Arctic Undersea Fibre Optic Network (EAUFON)","owners":"","rfs":"","length":""}},{"type":"Feature","geometry":{"type":"MultiLineString","coordinates":[[[55.35,26.2602],[54.9,25.7547],[54.45,24.8393],[54.4191,24.444]],[[60.525,16.1023],[60.975,16.3184],[66.6,18.2518],[70.2,18.7852],[72.8759,19.0761]],[[60.525,22.4694],[65.25,24.2594],[67.0285,24.8897]],[[58.5,23.8914],[58.1625,23.8657],[58.0044,23.6796]],[[57.0375,25.3487],[57.3801,24.4208],[57.7125,24.1226],[58.5,23.8914],[59.85,23.1952],[60.525,22.4694],[60.525,19.1044],[60.525,16.1023],[58.95,15.0186],[55.35,13.2732],[54.9,12.6154]],[[51.3,26.9643],[50.9625,26.5625],[50.576,26.2295]],[[52.2,26.5625],[51.8625,26.0583],[51.5193,25.2946]],[[50.625,27.3647],[50.2875,26.9643],[50.2142,26.2854]],[[49.1625,28.7545],[47.9748,29.3741]],[[48.5318,29.9236],[49.1625,28.7545],[50.175,28.0618],[50.625,27.3647],[51.3,26.9643],[52.2,26.5625],[53.55,26.2602],[55.35,26.2602],[55.8,26.3611],[56.25,26.7134],[56.8688,26.5625],[57.0375,26.1593],[57.0375,25.3487],[56.3399,25.0515]],[[34.5938,26.5625],[35.2125,27.0979],[35.6965,27.354]],[[37.35,22.053],[39.1828,21.4815]],[[41.85,-11.9439],[42.075,-12.054],[42.75,-12.054],[43.2433,-11.7006]],[[-18.6749,31.2867],[-16.6499,30.2557],[-15.8624,28.9516],[-15.5966,27.9577]],[[55.453,-4.5657],[55.35,-3.9283],[54.9,-1.0813],[54.0,1.1685],[51.75,5.5101]],[[5.4001,2.3679],[7.2001,3.1545],[7.6501,3.4914],[7.9993,4.5416]],[[1.8001,-11.3563],[11.7001,-8.8461],[12.6001,-8.8306],[13.235,-8.8126]],[[27.0001,-34.7347],[25.8751,-34.364],[25.6233,-33.9625]],[[5.3725,43.2936],[5.1751,42.8538],[4.0501,41.8562],[2.7001,41.3515],[2.1687,41.3856]],[[8.9389,44.4104],[8.7751,44.0515],[8.3251,43.7272],[7.2001,43.0733],[6.4126,42.7437],[5.9626,42.7437],[5.1751,42.8538]],[[32.2845,31.2593],[31.7251,31.7981],[30.6001,32.2432],[28.8001,32.9068],[25.2001,34.4746],[23.4001,34.8063],[22.0501,35.2668],[19.3501,35.7857],[16.6501,35.4198],[14.4001,35.6487],[13.1626,35.968],[12.4876,36.8732],[11.7001,37.8567],[11.2501,39.6983],[10.3501,41.5201],[9.7876,42.4124],[9.5626,43.0733],[9.3376,43.4011],[9.0001,44.0515],[8.9389,44.4104]],[[33.413,28.1611],[33.3001,28.2932],[33.0828,28.3659]],[[36.1125,24.1226],[36.9,24.2594],[37.8,24.2253],[38.107,24.0706]],[[38.1375,20.375],[37.5892,19.919],[37.2197,19.6156]],[[44.55,11.1844],[43.65,11.4551],[43.148,11.5949]],[[54.0,13.0542],[54.1125,13.3827],[54.225,14.5835],[54.225,16.5342],[54.1481,17.0958]],[[48.6,1.4684],[46.8,1.9182],[45.3442,2.0412]],[[41.175,-4.9004],[40.725,-4.6762],[39.6729,-4.0281]],[[40.95,-5.2739],[40.5,-4.6762],[39.6729,-4.053]],[[40.3875,-6.1695],[39.825,-6.4676],[39.2697,-6.8231]],[[42.3,-14.8619],[45.0,-15.2964],[46.3154,-15.7137]],[[42.3,-15.224],[41.4,-14.6443],[40.6854,-14.5656]],[[35.325,-26.5516],[33.7501,-26.3502],[32.5806,-25.9683]],[[33.7501,-28.3485],[32.8501,-28.8424],[31.758,-28.9506]],[[18.422,-33.9191],[17.7751,-34.116],[17.3251,-34.8578],[18.0001,-36.3215],[19.8001,-36.6833],[23.4001,-36.6833],[26.1001,-35.8366],[27.0001,-34.7347],[33.3001,-29.9207],[33.7501,-28.3485],[35.325,-26.5516],[41.175,-23.2874],[42.3,-20.5744],[42.3,-15.224],[42.3,-14.8619],[41.85,-11.9439],[41.4,-9.2904],[40.3875,-6.1695],[40.95,-5.2739],[41.175,-4.9004],[42.3,-3.4793],[45.45,-1.2313],[48.6,1.4684],[51.75,5.5101],[54.0,9.5244],[54.9,12.6154],[54.0,13.0542],[52.65,12.8349],[48.6,11.8458],[45.45,11.074],[44.55,11.1844],[43.3125,12.6154],[43.2141,12.8349],[42.975,13.0542],[42.3563,13.9293],[41.85,14.8012],[40.5,16.5342],[39.4875,18.2518],[38.1375,20.375],[37.35,22.053],[36.1125,24.1226],[35.1,25.7547],[34.5938,26.5625],[33.9188,27.3647],[33.413,28.1611],[32.9065,28.9516],[32.6532,29.1136],[32.6252,29.3446],[32.4562,29.6383],[32.5299,29.9725],[32.4001,30.837],[32.2845,31.2593]],[[10.8001,-5.1246],[11.2501,-5.5726],[12.35,-5.9334]],[[0.0001,-6.4676],[10.8001,-5.1246],[11.8636,-4.7788]],[[-3.5999,-2.5805],[0.0001,-6.4676],[1.8001,-11.3563],[6.7501,-18.0264],[8.1001,-23.4939],[13.0501,-30.31],[15.3001,-32.6128],[16.6501,-33.7426],[17.5501,-33.9295],[18.422,-33.9191]],[[3.4235,6.4391],[3.8251,4.1649],[2.2501,1.131],[1.5751,0.3436],[0.4501,-0.6314],[-3.5999,-2.5805],[-10.7999,-2.5805],[-15.2999,1.9182],[-19.7999,8.6357],[-21.1499,11.7357],[-21.1409,14.3657],[-21.1499,19.9526],[-20.2999,22.8847],[-18.6749,31.2867],[-17.0999,35.0522],[-16.2461,39.4671],[-16.1999,39.6983],[-16.1999,44.6948],[-11.2499,48.7042],[-7.1999,50.7403],[-5.3999,50.9534],[-4.5444,50.8282]],[[-0.2043,5.5583],[0.4501,3.2798],[0.4501,-0.6314]],[[-3.5999,-2.5805],[-4.3749,1.4684],[-4.4999,2.3679],[-4.2749,3.2668],[-4.0262,5.3235]],[[-21.1409,14.3657],[-18.4499,14.3657],[-17.4457,14.6866]],[[-16.1999,39.6983],[-13.9499,38.7689],[-10.7999,38.4759],[-9.3379,38.6888]],[[3.8251,4.1649],[5.4001,2.3679],[7.2001,1.2435],[8.5501,1.0185],[9.4543,0.3945]]]},"properties":{"id":"2africa","name":"2Africa","owners":"","rfs":"","length":""}},{"type":"Feature","geometry":{"type":"MultiLineString","coordinates":[[[55.3922,25.3523],[55.0688,25.5519],[54.45,25.4503],[54.2211,25.2409]]]},"properties":{"id":"sir-abu-nuayr-cable","name":"Sir Abu Nu\u2019ayr Cable","owners":"","rfs":"","length":""}},{"type":"Feature","geometry":{"type":"MultiLineString","coordinates":[[[-17.4457,14.6866],[-18.4499,14.5835],[-22.4999,14.5835],[-23.5212,14.923]]]},"properties":{"id":"senegal-horn-of-africa-regional-express-share-cable","name":"Senegal Horn of Africa Regional Express (SHARE) Cable","owners":"","rfs":"","length":""}},{"type":"Feature","geometry":{"type":"MultiLineString","coordinates":[[[167.4,-22.0069],[167.176,-22.0069],[166.9451,-22.159]],[[167.4,-21.5891],[167.625,-21.4845],[167.8795,-21.5481]],[[167.834,-20.9697],[167.609,-20.8646],[167.2605,-20.937]],[[166.95,-22.5275],[167.175,-22.7352],[167.4943,-22.6719]],[[166.6125,-22.5621],[166.6125,-22.4466],[166.5636,-22.2654]],[[178.4374,-18.1238],[178.0874,-18.5605],[167.834,-20.9697],[167.4,-21.5891],[167.4,-22.0069],[166.95,-22.5275],[166.6125,-22.5621],[166.4393,-22.3033]]]},"properties":{"id":"gondwana-2picot-2","name":"Gondwana-2/Picot-2","owners":"","rfs":"","length":""}},{"type":"Feature","geometry":{"type":"MultiLineString","coordinates":[[[112.7197,-7.2719],[112.7812,-6.6167],[112.8375,-6.3931],[113.9625,-4.8257],[114.1875,-4.3771],[114.6667,-3.8828],[114.525,-4.2525],[114.75,-4.3771],[116.5831,-4.4044],[118.8,-5.0499],[119.3847,-5.3432]]]},"properties":{"id":"java-kalimantan-sulawesi-jakasusi","name":"Java-Kalimantan-Sulawesi (JAKASUSI)","owners":"","rfs":"","length":""}},{"type":"Feature","geometry":{"type":"MultiLineString","coordinates":[[[-87.0703,20.6297],[-87.0185,20.5156],[-86.8792,20.4287]]]},"properties":{"id":"ixchel","name":"Ixchel","owners":"","rfs":"","length":""}},{"type":"Feature","geometry":{"type":"MultiLineString","coordinates":[[[-5.6045,36.0143],[-5.3999,35.968],[-5.3347,35.8939],[-5.3233,35.8898],[-5.3136,35.8939],[-5.2874,36.059],[-5.3252,36.2103]]]},"properties":{"id":"dos-continentes-l-ll","name":"DOS CONTINENTES l & ll","owners":"","rfs":"","length":""}},{"type":"Feature","geometry":{"type":"MultiLineString","coordinates":[[[-0.1344,50.8285],[0.0001,50.5977],[0.4501,50.0229],[0.7978,49.8773]]]},"properties":{"id":"crosschannel-fibre","name":"CrossChannel Fibre","owners":"","rfs":"","length":""}},{"type":"Feature","geometry":{"type":"MultiLineString","coordinates":[[[-58.1549,6.8043],[-57.9374,7.2988],[-58.4999,10.4108],[-59.1749,12.6154],[-59.5364,13.0626]]]},"properties":{"id":"x-link-submarine-cable","name":"X-Link Submarine Cable","owners":"","rfs":"","length":""}},{"type":"Feature","geometry":{"type":"MultiLineString","coordinates":[[[73.5404,4.2123],[74.25,4.3893],[79.2,6.4052],[79.8668,6.8331]]]},"properties":{"id":"maldives-sri-lanka-cable-msc","name":"Maldives Sri Lanka Cable (MSC)","owners":"","rfs":"","length":""}},{"type":"Feature","geometry":{"type":"MultiLineString","coordinates":[[[5.3328,60.3907],[5.4001,60.3543],[5.4688,60.2986],[5.5126,60.1869],[5.4563,60.0749],[5.4563,59.9484],[5.4844,59.9061],[5.5126,59.8637],[5.5407,59.6844],[5.5126,59.6418],[5.4985,59.6133],[5.5126,59.5849],[5.4844,59.5493],[5.4563,59.5279],[5.4844,59.4708],[5.5688,59.4136],[5.5969,59.3706],[5.5969,59.3276],[5.5688,59.2989],[5.5245,59.2793],[5.8501,59.1069],[5.8501,59.0491],[5.7308,58.9708]]]},"properties":{"id":"eviny-digital","name":"Eviny Digital","owners":"","rfs":"","length":""}},{"type":"Feature","geometry":{"type":"MultiLineString","coordinates":[[[-172.5109,-8.5591],[-172.4623,-8.8461],[-172.3498,-9.0683],[-172.1248,-9.1794],[-171.8115,-9.1746],[-171.6748,-9.3459],[-171.4498,-9.3459],[-171.2615,-9.3838]]]},"properties":{"id":"tokelau-submarine-cable","name":"Tokelau Submarine Cable","owners":"","rfs":"","length":""}},{"type":"Feature","geometry":{"type":"MultiLineString","coordinates":[[[101.25,2.1993],[101.3625,2.5927],[101.4436,2.7512]],[[72.8759,19.0761],[71.55,16.9651],[71.4951,13.4921],[72.9,9.4432],[75.0951,6.7704],[78.6951,3.9405],[79.65,3.4166],[81.0,3.0422],[85.5,1.9182],[90.0,2.8175],[92.7,4.8378],[94.275,5.734],[95.4,6.1816],[97.425,5.8459],[98.325,5.2861],[99.0,4.6136],[100.125,3.2668],[101.25,2.1993],[102.15,1.862],[102.6828,1.6145],[103.3407,1.4121],[103.5,1.3837],[103.6461,1.3386]],[[81.0,3.0422],[82.575,5.51],[82.8,7.7449],[82.35,9.5244],[81.45,11.5153],[80.243,13.0639]],[[96.162,16.3404],[96.2167,14.8334],[96.525,11.2947],[96.1875,8.339],[95.4,6.1816]]]},"properties":{"id":"mist","name":"MIST","owners":"","rfs":"","length":""}},{"type":"Feature","geometry":{"type":"MultiLineString","coordinates":[[[-17.1082,28.0879],[-17.0885,27.9463],[-17.4374,27.7636],[-17.7749,27.7636],[-17.8909,27.8202]]]},"properties":{"id":"la-gomera-el-hierro","name":"La Gomera-El Hierro","owners":"","rfs":"","length":""}},{"type":"Feature","geometry":{"type":"MultiLineString","coordinates":[[[-17.7652,28.6633],[-17.5898,28.6633],[-17.3648,28.5645],[-17.2124,28.3592],[-17.0938,28.1592],[-17.1082,28.0879],[-16.976,28.0456],[-16.7624,27.9128],[-16.5374,27.9128],[-16.4812,27.9625],[-16.518,28.0591]]]},"properties":{"id":"tenerife-la-gomera-la-palma","name":"Tenerife-La Gomera-La Palma","owners":"","rfs":"","length":""}},{"type":"Feature","geometry":{"type":"MultiLineString","coordinates":[[[-16.5864,28.3976],[-16.7624,28.557],[-17.3648,28.7619],[-17.5898,28.7619],[-17.7652,28.6633]]]},"properties":{"id":"tenerife-la-palma","name":"Tenerife-La Palma","owners":"","rfs":"","length":""}},{"type":"Feature","geometry":{"type":"MultiLineString","coordinates":[[[-15.694,28.1499],[-15.8624,28.2106],[-16.3124,28.1114],[-16.5386,28.0467]]]},"properties":{"id":"tenerife-gran-canaria","name":"Tenerife-Gran Canaria","owners":"","rfs":"","length":""}},{"type":"Feature","geometry":{"type":"MultiLineString","coordinates":[[[-16.3717,28.3555],[-16.1999,28.2601],[-15.9749,28.1114],[-15.7499,28.0121],[-15.7,27.9998]],[[-16.3717,28.3555],[-16.1999,28.3097],[-15.9749,28.2106],[-15.7499,28.0618],[-15.7,27.9998]]]},"properties":{"id":"candalta","name":"CANDALTA","owners":"","rfs":"","length":""}},{"type":"Feature","geometry":{"type":"MultiLineString","coordinates":[[[-14.3584,28.0487],[-14.5124,27.8962],[-15.1874,27.8134],[-15.3907,27.8955]],[[-13.5476,28.9595],[-13.6124,28.6558],[-13.8622,28.4965]]]},"properties":{"id":"transcan-2","name":"TRANSCAN-2","owners":"","rfs":"","length":""}},{"type":"Feature","geometry":{"type":"MultiLineString","coordinates":[[[123.2949,9.2463],[123.4687,9.0803],[123.75,8.9692],[124.4812,8.6357],[124.6319,8.4541]],[[123.9136,9.6225],[124.2,9.5244],[124.65,9.5244],[125.1,9.4134],[125.325,9.2469],[125.4207,8.9689]],[[123.6914,10.2383],[123.75,10.0787],[123.75,9.8017],[123.8782,9.6754]],[[123.4129,10.4837],[123.525,10.4108],[123.6352,10.3762]],[[122.5894,10.7866],[122.85,10.7426],[122.9678,10.7394]],[[124.0076,11.0459],[124.1341,10.932],[124.425,10.8531],[124.6128,11.0069]],[[123.6167,12.3666],[123.525,12.5056],[123.3562,12.6154],[123.0187,12.8349],[122.85,13.0542],[122.85,13.2732],[122.9507,13.5469]],[[121.5277,12.5864],[121.6125,12.3957],[121.8375,12.1759],[121.9448,11.9493],[122.0625,11.9559],[122.4,11.8458],[122.75,11.5832],[122.9625,11.7357],[123.3,11.7357],[123.4687,11.9559],[123.5091,12.2181],[123.525,11.9559],[123.8205,11.5374],[123.9363,11.0834]],[[121.4488,13.8099],[121.6125,13.4921],[121.725,13.0542],[121.725,12.7252],[121.5277,12.5864],[121.5,12.3957],[121.3875,12.1758],[120.9375,11.9559],[120.375,11.9559],[120.2008,12.0054],[120.375,11.7357],[119.925,11.074],[119.5004,10.82]]]},"properties":{"id":"converge-domestic-submarine-cable-network-cdscn","name":"Converge Domestic Submarine Cable Network (CDSCN)","owners":"","rfs":"","length":""}},{"type":"Feature","geometry":{"type":"MultiLineString","coordinates":[[[-61.4983,15.9888],[-61.5647,16.0425]],[[-61.1999,16.2104],[-61.2744,16.2511]],[[-61.3686,16.1023],[-61.3191,15.9535]],[[-61.5788,15.873],[-61.4983,15.9888],[-61.3686,16.1023],[-61.1999,16.2104],[-61.0739,16.3036]]]},"properties":{"id":"guadeloupe-cable-des-iles-du-sud-gcis","name":"Guadeloupe Cable des Iles du Sud (GCIS)","owners":"","rfs":"","length":""}},{"type":"Feature","geometry":{"type":"MultiLineString","coordinates":[[[-6.1146,53.4932],[-5.6249,53.6691],[-4.4999,53.7689],[-3.5999,53.7689],[-3.0064,53.6479]]]},"properties":{"id":"rockabill","name":"Rockabill","owners":"","rfs":"","length":""}},{"type":"Feature","geometry":{"type":"MultiLineString","coordinates":[[[90.45,-18.8801],[95.4,-13.9903],[96.8323,-12.1931]],[[115.8573,-31.9534],[113.85,-31.4684],[112.05,-30.31],[90.45,-18.8801],[74.25,-6.6166],[65.25,4.1649],[61.2,15.6695],[60.75,16.5342],[60.75,19.1044],[60.75,22.4694],[59.85,23.2986],[58.95,23.7113],[58.5911,23.6151]]]},"properties":{"id":"oman-australia-cable-oac","name":"Oman Australia Cable (OAC)","owners":"","rfs":"","length":""}},{"type":"Feature","geometry":{"type":"MultiLineString","coordinates":[[[107.6629,-2.7674],[107.6066,-2.5177],[107.648,-2.238],[108.1125,-1.2313],[108.9,-0.1064],[109.1822,-0.0614]]]},"properties":{"id":"tanjun-pandan-sungai-kakap-cable-system","name":"Tanjun Pandan-Sungai Kakap Cable System","owners":"","rfs":"","length":""}},{"type":"Feature","geometry":{"type":"MultiLineString","coordinates":[[[110.7618,20.0453],[111.0375,20.2695],[112.8375,20.7963],[113.5687,21.6353],[113.6812,21.8443],[113.7375,22.1051]],[[113.5768,22.2707],[113.7375,22.1051],[114.075,22.1051],[114.2029,22.2221]]]},"properties":{"id":"hainan-to-hong-kong-express-h2he","name":"Hainan to Hong Kong Express (H2HE)","owners":"","rfs":"","length":""}},{"type":"Feature","geometry":{"type":"MultiLineString","coordinates":[[[-130.3263,54.3131],[-130.4436,54.2975],[-130.5561,54.3303],[-130.6123,54.5593],[-130.7248,54.6895],[-130.9498,54.7545],[-131.0624,54.9488],[-131.1187,55.0778],[-131.2311,55.1422],[-131.6478,55.3421]]]},"properties":{"id":"ketchcan1-submarine-fiber-cable-system","name":"KetchCan1 Submarine Fiber Cable System","owners":"","rfs":"","length":""}},{"type":"Feature","geometry":{"type":"MultiLineString","coordinates":[[[1.5751,0.7936],[1.6876,3.8282],[1.5751,5.062],[1.2278,6.1263]],[[7.6501,-13.9903],[-3.5999,-15.2964],[-5.7115,-15.9186]],[[1.5751,0.7936],[2.2501,1.5809],[3.6001,4.1649],[3.4235,6.4391]],[[9.0001,-23.4939],[13.0501,-22.666],[14.5335,-22.6854]],[[18.4459,-33.7272],[17.5501,-33.7426],[16.6501,-33.5553],[15.5251,-32.6128],[13.5001,-30.31],[9.0001,-23.4939],[7.6501,-18.0264],[7.6501,-13.9903],[8.3251,-10.6201],[7.6501,-6.6167],[7.2001,-4.8257],[4.0501,-1.2313],[2.2501,1.5809]],[[1.5751,0.7936],[0.2251,-0.0934],[-3.5999,-1.6812],[-10.7999,-1.6812],[-14.8499,2.3679],[-19.3499,8.6357],[-20.6999,11.7357],[-20.6999,19.9526],[-19.8499,22.8847],[-19.1249,27.7636],[-17.9999,30.2557],[-17.0999,31.6705],[-13.9499,33.9396],[-10.3499,38.0342],[-9.5624,38.2995],[-9.1502,38.7257]]]},"properties":{"id":"equiano","name":"Equiano","owners":"","rfs":"","length":""}},{"type":"Feature","geometry":{"type":"MultiLineString","coordinates":[[[-86.3999,-2.4307],[-84.1499,-2.5805],[-81.0091,-2.2284]],[[-76.4999,-18.4538],[-72.8999,-19.3054],[-70.3068,-18.4735]],[[-82.7999,-11.5033],[-79.1999,-12.6035],[-76.8743,-12.2784]],[[-90.8222,13.9348],[-91.5749,13.0542],[-92.2499,9.5244],[-90.8999,3.716],[-87.7499,0.5686],[-86.3999,-2.4307],[-85.0499,-6.6167],[-82.7999,-11.5033],[-79.1999,-15.441],[-76.4999,-18.4538],[-74.0249,-27.1538],[-72.2249,-31.8515],[-71.6204,-33.0455]]]},"properties":{"id":"south-pacific-cable-system-spscmistral","name":"South Pacific Cable System (SPSC)/Mistral","owners":"","rfs":"","length":""}},{"type":"Feature","geometry":{"type":"MultiLineString","coordinates":[[[9.6377,63.6195],[9.8157,63.5763],[9.9001,63.4885],[10.2938,63.4634],[10.3921,63.431]],[[7.1607,62.7372],[7.4251,62.6608],[7.6816,62.564]],[[9.6632,63.6884],[9.6188,63.6762],[9.6377,63.6195],[9.0001,63.5011],[8.5501,63.4256],[8.1637,63.358],[7.906,63.3876],[7.7626,63.2237],[7.7297,63.1108],[7.5376,63.1221],[7.2001,63.1221],[6.9486,63.033],[6.8626,62.918],[6.9751,62.8154],[7.1607,62.7372],[6.8626,62.7639],[6.6376,62.7382],[6.4658,62.613],[6.3001,62.6608],[6.1876,62.6091],[6.1744,62.4715],[5.9626,62.5054],[5.8501,62.4534],[5.4001,62.2969],[5.2876,62.2445],[5.3438,62.1396],[5.5223,62.036],[5.4563,61.9814],[5.4985,61.9355],[5.0626,61.9814],[4.8376,61.9286],[4.7251,61.8225],[4.7251,61.7161],[4.9759,61.5963],[4.7251,61.5557],[4.7251,61.4484],[4.9501,61.2326],[5.2934,61.1722],[4.8376,61.0152],[4.7251,60.7964],[4.8555,60.622],[5.0626,60.5761],[5.2876,60.4654],[5.3328,60.3907]]]},"properties":{"id":"n0r5ke-viking","name":"N0r5ke Viking","owners":"","rfs":"","length":""}},{"type":"Feature","geometry":{"type":"MultiLineString","coordinates":[[[10.2165,63.3335],[9.9001,63.476],[9.7876,63.5763],[9.6751,63.6513],[9.4501,63.6263],[9.3376,63.6513],[9.2251,63.7261],[9.0001,63.8255],[8.7751,63.8751],[7.8751,63.7261],[6.7501,63.7261],[0.4501,62.2969],[-3.1499,61.2326],[-5.3999,60.3543],[-7.6499,59.6797],[-8.9999,58.7586],[-10.3499,57.5719],[-10.7999,56.3452],[-10.3499,55.3346],[-9.4499,54.5593],[-9.2321,54.2071]]]},"properties":{"id":"celtic-norse","name":"Celtic Norse","owners":"","rfs":"","length":""}},{"type":"Feature","geometry":{"type":"MultiLineString","coordinates":[[[9.3414,1.1752],[9.2251,1.131],[9.2251,1.0185],[9.3196,0.9348]]]},"properties":{"id":"mandji-fiber-optic-cable","name":"Mandji Fiber Optic Cable","owners":"","rfs":"","length":""}},{"type":"Feature","geometry":{"type":"MultiLineString","coordinates":[[[127.9773,26.5916],[127.8,26.5625],[127.575,26.7636],[127.6875,27.1647],[128.475,28.3592],[128.7,29.3446],[129.15,30.5145],[129.6,31.2867],[130.05,31.5747],[130.5571,31.5965]]]},"properties":{"id":"okinawa-cellular-cable","name":"Okinawa Cellular Cable","owners":"","rfs":"","length":""}},{"type":"Feature","geometry":{"type":"MultiLineString","coordinates":[[[-25.0594,17.0192],[-25.0312,16.9113],[-25.0608,16.8234],[-25.0774,16.7246],[-25.0774,16.6168],[-23.9624,15.4528],[-23.7511,15.2769]]]},"properties":{"id":"cabo-verde-telecom-domestic-submarine-cable-phase-2","name":"Cabo Verde Telecom Domestic Submarine Cable Phase 2","owners":"","rfs":"","length":""}},{"type":"Feature","geometry":{"type":"MultiLineString","coordinates":[[[-22.9191,16.1748],[-23.0624,15.9942],[-23.2311,15.6695],[-23.2874,15.2358],[-23.2098,15.1299],[-23.2874,15.0186],[-23.5212,14.923],[-23.5124,14.8012],[-23.6249,14.6924],[-23.8499,14.5835],[-24.2999,14.6924],[-24.4124,14.7468],[-24.5009,14.8972],[-24.5812,14.8555],[-24.6954,14.873],[-24.6374,15.0186],[-24.5249,15.1272],[-24.2999,15.2358],[-24.0749,15.3443],[-23.7511,15.2769],[-24.0749,15.4528],[-25.1899,16.6168],[-25.1899,16.7246],[-25.0608,16.8234],[-25.0874,16.9113],[-25.0594,17.0192]]]},"properties":{"id":"cabo-verde-telecom-domestic-submarine-cable-phase-3","name":"Cabo Verde Telecom Domestic Submarine Cable Phase 3","owners":"","rfs":"","length":""}},{"type":"Feature","geometry":{"type":"MultiLineString","coordinates":[[[-25.0608,16.8234],[-24.9749,16.642],[-24.6374,16.5342],[-24.3571,16.5658],[-24.1874,16.4263],[-23.3999,16.5342],[-22.9353,16.6771],[-22.9499,16.4263],[-22.9191,16.1748],[-23.1749,15.9942],[-23.3437,15.6695],[-23.3999,15.2358],[-23.3999,15.0186],[-23.5212,14.923]]]},"properties":{"id":"cabo-verde-telecom-domestic-submarine-cable-phase-1","name":"Cabo Verde Telecom Domestic Submarine Cable Phase 1","owners":"","rfs":"","length":""}},{"type":"Feature","geometry":{"type":"MultiLineString","coordinates":[[[131.2946,32.0976],[131.7375,31.6705],[131.85,31.2867],[131.4,29.5405],[128.7,26.5625],[128.025,26.1593],[127.6808,26.2124]]]},"properties":{"id":"miyazaki-okinawa-cable-moc","name":"Miyazaki-Okinawa Cable (MOC)","owners":"","rfs":"","length":""}},{"type":"Feature","geometry":{"type":"MultiLineString","coordinates":[[[132.75,31.0943],[132.075,31.6705],[131.2946,32.0976]],[[127.6808,26.2124],[128.025,26.0583],[128.7,26.3611],[131.4,29.3446],[132.75,31.0943],[135.0,31.4788],[136.575,32.2432],[136.8,32.8123],[136.874,34.3368],[137.7,34.0329],[138.6,34.1261],[139.5,34.5287],[139.9219,34.737],[139.9922,34.8524],[139.9549,34.9766],[140.0625,34.9908],[140.3437,35.0062],[140.7375,35.1749],[140.85,35.4198],[140.9625,35.7857],[140.85,36.059],[140.2699,36.3422],[140.85,36.1499],[141.3,36.4219],[141.75,36.8732],[141.75,37.5898],[141.3,38.0342],[140.7582,38.3144],[141.3,38.1227],[141.75,38.2112],[142.2,38.6518],[142.425,40.0437],[142.2,41.0693],[141.75,41.4077],[141.3,41.5763],[140.85,41.5763],[140.4,41.4077],[139.95,41.2388],[139.8375,41.154],[139.6125,40.8995],[139.5,40.3873],[139.725,40.0437],[140.3436,39.692]],[[139.8375,41.154],[139.3875,41.5763],[139.05,42.0792],[139.05,42.7437],[139.275,43.0733],[140.4,43.5644],[140.85,43.5644],[141.3154,43.1712]],[[139.95,41.2388],[139.6125,41.5763],[139.275,42.0792],[139.275,42.7437],[139.5,43.0733],[140.4,43.4828],[140.85,43.4828],[141.3154,43.1712]]]},"properties":{"id":"japan-information-highway-jih","name":"Japan Information Highway (JIH)","owners":"","rfs":"","length":""}},{"type":"Feature","geometry":{"type":"MultiLineString","coordinates":[[[-102.1944,17.9568],[-102.1499,17.7168],[-101.8124,17.6096],[-101.6106,17.6641]],[[-104.3082,19.0858],[-104.2874,18.6786],[-103.9499,18.2518],[-103.0499,17.8239],[-102.5999,17.8239],[-102.1944,17.9568]]]},"properties":{"id":"lazaro-cardenas-manzanillo-santiago-submarine-cable-system-lcmsscs","name":"Lazaro Cardenas-Manzanillo Santiago Submarine Cable System (LCMSSCS)","owners":"","rfs":"","length":""}},{"type":"Feature","geometry":{"type":"MultiLineString","coordinates":[[[-76.8743,-12.2784],[-77.3999,-12.823],[-77.3999,-13.699],[-76.0499,-15.441],[-73.7999,-17.1686],[-72.4499,-17.598],[-71.3237,-17.6412]]]},"properties":{"id":"fibra-optica-al-pacfico","name":"Fibra Optica al Pac\u00edfico","owners":"","rfs":"","length":""}},{"type":"Feature","geometry":{"type":"MultiLineString","coordinates":[[[110.2936,1.675],[110.025,1.9182],[109.575,2.3679],[106.2,2.1431],[104.7375,1.4684],[104.625,1.37],[104.2879,1.1735],[104.1331,1.1732]]]},"properties":{"id":"batam-sarawak-internet-cable-system-basics","name":"Batam Sarawak Internet Cable System (BaSICS)","owners":"","rfs":"","length":""}},{"type":"Feature","geometry":{"type":"MultiLineString","coordinates":[[[18.0628,59.3323],[18.9001,59.4517],[20.2501,59.5659],[21.3751,59.6797],[22.7251,59.7364],[22.9668,59.8234],[23.1751,59.7364],[23.8501,59.7364],[24.4126,59.8496],[24.9325,60.1712],[25.2001,60.0749],[26.1001,60.0749],[26.7751,60.2986],[26.8836,60.5011]]]},"properties":{"id":"eastern-light","name":"Eastern Light","owners":"","rfs":"","length":""}},{"type":"Feature","geometry":{"type":"MultiLineString","coordinates":[[[124.1071,12.6453],[124.2281,12.6154],[124.2824,12.5014]]]},"properties":{"id":"sorsogon-samar-submarine-fiber-optical-interconnection-project-sssfoip","name":"Sorsogon-Samar Submarine Fiber Optical Interconnection Project (SSSFOIP)","owners":"","rfs":"","length":""}},{"type":"Feature","geometry":{"type":"MultiLineString","coordinates":[[[-151.8748,-17.3834],[-151.8748,-16.9535],[-151.7495,-16.5063]],[[-160.1998,-20.9951],[-160.1998,-20.1525],[-160.0873,-19.3054],[-159.7749,-18.8257]],[[-159.8623,-20.9951],[-159.8623,-21.1001],[-159.7697,-21.2243]],[[-169.6498,-18.0264],[-169.8748,-18.4538],[-169.9167,-19.0167]],[[-171.7667,-13.8335],[-171.4498,-13.699],[-170.7748,-13.699],[-170.0998,-14.1358],[-169.6498,-15.0068],[-169.6498,-18.0264],[-166.4998,-18.8801],[-163.7998,-20.9951],[-160.1998,-20.9951],[-159.8623,-20.9951],[-156.5998,-20.5744],[-151.8748,-17.3834],[-150.9748,-17.3834],[-150.0748,-17.9194],[-149.5123,-17.9194],[-149.3233,-17.7504]]]},"properties":{"id":"manatua","name":"Manatua","owners":"","rfs":"","length":""}},{"type":"Feature","geometry":{"type":"MultiLineString","coordinates":[[[14.5503,36.7848],[14.6251,36.6028],[14.5126,36.1499],[14.4588,35.9341]]]},"properties":{"id":"malta-italy-interconnector","name":"Malta-Italy Interconnector","owners":"","rfs":"","length":""}},{"type":"Feature","geometry":{"type":"MultiLineString","coordinates":[[[-61.323,13.0542],[-61.2669,13.0268],[-61.2447,12.9975]],[[-61.3906,12.9561],[-61.2783,12.9287],[-61.1872,12.8777]],[[-61.4489,12.8426],[-61.3927,12.7877],[-61.339,12.6996]],[[-61.5353,12.7289],[-61.479,12.6741],[-61.4432,12.6114]],[[-61.5936,12.5585],[-61.5373,12.531],[-61.4786,12.4737]],[[-61.5931,12.1709],[-61.4778,12.2772],[-61.5334,12.3427],[-61.5896,12.3957],[-61.5936,12.5585],[-61.5353,12.7289],[-61.4489,12.8426],[-61.3906,12.9561],[-61.323,13.0542],[-61.2083,13.1455]],[[-61.1428,13.3731],[-61.1999,13.4374],[-61.2561,13.41],[-61.2409,13.2909]]]},"properties":{"id":"caribbean-regional-communications-infrastructure-program-carcip","name":"Caribbean Regional Communications Infrastructure Program (CARCIP)","owners":"","rfs":"","length":""}},{"type":"Feature","geometry":{"type":"MultiLineString","coordinates":[[[10.8872,57.257],[11.0251,57.1776],[11.7001,57.0861],[12.2513,57.1053]]]},"properties":{"id":"energinet-laeso-varberg","name":"Energinet Laeso-Varberg","owners":"","rfs":"","length":""}},{"type":"Feature","geometry":{"type":"MultiLineString","coordinates":[[[10.5146,57.2449],[10.6876,57.2234],[10.8872,57.257]]]},"properties":{"id":"energinet-lyngsa-laeso","name":"Energinet Lyngsa-Laeso","owners":"","rfs":"","length":""}},{"type":"Feature","geometry":{"type":"MultiLineString","coordinates":[[[10.0164,59.0811],[10.0126,58.9332],[9.9001,58.3477],[9.9001,57.8124],[9.9593,57.5882]]]},"properties":{"id":"skagenfiber-west","name":"Skagenfiber West","owners":"","rfs":"","length":""}},{"type":"Feature","geometry":{"type":"MultiLineString","coordinates":[[[104.8745,-2.2953],[104.9625,-2.1871],[105.1643,-2.0651]]]},"properties":{"id":"pasuli","name":"PASULI","owners":"","rfs":"","length":""}},{"type":"Feature","geometry":{"type":"MultiLineString","coordinates":[[[112.5982,-6.9533],[112.5,-6.6415],[112.5,-6.3931],[112.8937,-5.8338],[112.8375,-5.7778],[112.5856,-5.7935]],[[114.6667,-3.8828],[114.075,-4.3771],[113.85,-4.8257],[112.95,-5.7219],[112.8375,-5.7219],[112.5856,-5.7935]],[[105.585,-5.7693],[105.6937,-6.0017],[105.8839,-6.0737]]]},"properties":{"id":"sjjk","name":"SJJK","owners":"","rfs":"","length":""}},{"type":"Feature","geometry":{"type":"MultiLineString","coordinates":[[[103.4882,-0.8235],[103.95,-0.7814],[104.4,-0.7814],[105.75,-1.1188],[106.0875,-1.3438],[106.2,-1.6812],[106.1325,-1.8515]]]},"properties":{"id":"link-5-phase-2","name":"Link 5 Phase-2","owners":"","rfs":"","length":""}},{"type":"Feature","geometry":{"type":"MultiLineString","coordinates":[[[106.1325,-1.8515],[106.3125,-1.7936],[106.8197,-2.1309],[107.1,-3.03],[107.325,-3.2547],[107.55,-3.2547],[107.6964,-3.196]]]},"properties":{"id":"link-4-phase-2","name":"Link 4 Phase-2","owners":"","rfs":"","length":""}},{"type":"Feature","geometry":{"type":"MultiLineString","coordinates":[[[106.9875,-5.2739],[107.121,-5.9812]],[[107.6964,-3.196],[107.6625,-3.4793],[107.4375,-4.6015],[106.9875,-5.2739],[106.8334,-6.129]]]},"properties":{"id":"link-3-phase-2","name":"Link 3 Phase-2","owners":"","rfs":"","length":""}},{"type":"Feature","geometry":{"type":"MultiLineString","coordinates":[[[113.4568,-8.3741],[113.625,-8.6237],[114.3,-8.9572],[114.975,-8.9572],[115.1599,-8.7837]]]},"properties":{"id":"link-2-phase-2","name":"Link 2 Phase-2","owners":"","rfs":"","length":""}},{"type":"Feature","geometry":{"type":"MultiLineString","coordinates":[[[115.2596,-8.6951],[115.5375,-8.6237],[115.875,-8.6237],[116.0473,-8.4855]]]},"properties":{"id":"link-1-phase-2","name":"Link 1 Phase-2","owners":"","rfs":"","length":""}},{"type":"Feature","geometry":{"type":"MultiLineString","coordinates":[[[116.0473,-8.4855],[116.0437,-8.4011],[116.1,-8.1785],[116.55,-7.9557],[117.45,-7.9557],[117.8615,-8.1081]]]},"properties":{"id":"link-3-phase-1","name":"Link 3 Phase-1","owners":"","rfs":"","length":""}},{"type":"Feature","geometry":{"type":"MultiLineString","coordinates":[[[117.5355,0.3245],[117.9,0.2311],[119.25,-0.4439],[119.6661,-0.712]]]},"properties":{"id":"link-2-phase-1","name":"Link 2 Phase-1","owners":"","rfs":"","length":""}},{"type":"Feature","geometry":{"type":"MultiLineString","coordinates":[[[117.8615,-8.1081],[118.35,-7.7328],[119.475,-6.6167],[119.5875,-6.1695],[119.8093,-5.669]]]},"properties":{"id":"link-1-phase-1","name":"Link 1 Phase-1","owners":"","rfs":"","length":""}},{"type":"Feature","geometry":{"type":"MultiLineString","coordinates":[[[-72.9534,-41.4604],[-73.3499,-41.6092],[-73.7999,-41.6419],[-74.2499,-41.3986],[-74.2499,-40.5492],[-73.7934,-39.1522],[-73.3968,-38.7871],[-73.5749,-38.7009],[-73.7999,-38.3488],[-73.7999,-37.0433],[-73.5749,-36.8635],[-73.117,-36.7247],[-73.1249,-35.9581],[-72.8999,-35.471],[-72.4161,-35.3184],[-72.4499,-34.7347],[-72.2249,-33.9917],[-71.6131,-33.5836],[-71.7749,-33.3676],[-71.6204,-33.0455],[-71.7749,-31.8515],[-71.9999,-30.31],[-71.5499,-29.9207],[-71.2502,-29.9063],[-71.5499,-29.5299],[-71.7749,-28.7438],[-71.5499,-27.4204],[-70.8124,-27.062],[-71.0999,-26.2157],[-71.0999,-24.3167],[-70.7624,-23.906],[-70.4,-23.65],[-70.7624,-23.4939],[-70.7624,-22.9425],[-70.6499,-22.5275],[-70.1977,-22.0884],[-70.6499,-21.275],[-70.6499,-20.855],[-70.1422,-20.2167],[-70.6499,-19.5883],[-70.6499,-19.3054],[-70.3068,-18.4735]]]},"properties":{"id":"prat","name":"Prat","owners":"","rfs":"","length":""}},{"type":"Feature","geometry":{"type":"MultiLineString","coordinates":[[[6.7333,0.3333],[6.8751,0.1186],[6.7501,-0.3314],[5.6501,-1.2313],[5.6369,-1.4352]]]},"properties":{"id":"ultramar-ge","name":"Ultramar GE","owners":"","rfs":"","length":""}},{"type":"Feature","geometry":{"type":"MultiLineString","coordinates":[[[96.2482,16.7588],[96.4417,14.8334],[96.75,11.2947],[97.425,7.3545],[99.675,5.2861],[100.35,4.6136],[100.8,3.2668],[101.25,2.8175],[102.15,2.1993],[102.6828,1.7831],[103.3407,1.384],[103.5,1.2853],[103.6471,1.3382]]]},"properties":{"id":"singapore-myanmar-sigmar","name":"Singapore-Myanmar (SIGMAR)","owners":"","rfs":"","length":""}},{"type":"Feature","geometry":{"type":"MultiLineString","coordinates":[[[10.3921,63.431],[10.2938,63.476],[9.9001,63.5011],[9.8438,63.5763],[9.6751,63.6762],[9.5063,63.6762],[9.4501,63.7261],[9.4501,63.8255],[9.6188,63.9246],[9.9001,64.1217],[10.2376,64.3174],[10.4626,64.4633],[10.8001,64.5359],[11.0251,64.7047],[11.2374,64.8621],[11.4751,64.9678],[11.7001,65.0153],[11.9251,65.1339],[12.2078,65.4736],[12.1782,65.5562],[12.2626,65.626],[12.5438,65.834],[12.6315,66.0215],[12.7688,66.1544],[13.0183,66.1981],[12.9938,66.3808],[13.0501,66.4483],[12.9376,66.5605],[13.0501,66.7166],[13.5001,66.96],[13.9501,67.1354],[14.4001,67.286],[14.5126,67.4395],[14.9063,67.6115],[15.1313,67.6543],[15.3563,67.7823],[15.5813,67.9096],[15.8876,67.9729],[16.1438,68.0572],[16.1719,68.1412],[16.1271,68.2207],[16.0652,68.2897],[16.1524,68.3619],[16.3126,68.3864],[16.6688,68.4174],[17.0733,68.4079],[17.56,68.4205]]]},"properties":{"id":"polar-circle-cable","name":"Polar Circle Cable","owners":"","rfs":"","length":""}},{"type":"Feature","geometry":{"type":"MultiLineString","coordinates":[[[13.0182,66.1981],[13.0501,66.2452],[13.2188,66.2905],[13.3876,66.3131],[13.5636,66.293],[13.5636,66.2477],[13.6245,66.2242],[13.7813,66.2565],[13.9501,66.2565],[14.142,66.3137]]]},"properties":{"id":"tverrlinken","name":"Tverrlinken","owners":"","rfs":"","length":""}},{"type":"Feature","geometry":{"type":"MultiLineString","coordinates":[[[122.4336,10.4259],[122.5621,10.7202]],[[121.0502,12.363],[121.05,11.7357],[121.275,11.2947],[121.5,10.4108],[121.95,10.1894],[122.4336,10.4259],[122.2875,9.9679],[122.2875,9.5244],[122.85,8.8581],[123.1875,8.8581],[123.3,9.0803],[123.2814,9.2955]],[[121.6123,13.9353],[121.725,13.4921],[121.8375,13.0542],[121.8375,12.7252],[121.725,12.3957],[121.3875,12.2309],[121.0502,12.363]]]},"properties":{"id":"national-digital-transmission-network-ndtn","name":"National Digital Transmission Network (NDTN)","owners":"","rfs":"","length":""}},{"type":"Feature","geometry":{"type":"MultiLineString","coordinates":[[[12.3719,55.2561],[12.8251,55.1422],[14.4001,55.0778],[14.7084,55.101]]]},"properties":{"id":"rnne-rdvig","name":"R\u00f8nne-R\u00f8dvig","owners":"","rfs":"","length":""}},{"type":"Feature","geometry":{"type":"MultiLineString","coordinates":[[[92.7265,11.6234],[92.8125,11.2947],[92.25,11.074],[89.1,11.7357],[83.7,13.0542],[81.45,12.8349],[80.243,13.0639]],[[92.9139,12.5069],[92.9236,12.4562],[92.9351,12.3965],[92.9875,12.1759],[92.9876,11.976],[92.8708,11.7357],[92.7265,11.6234],[92.8688,11.2947],[92.7563,10.8531],[92.5972,10.7091],[92.7,10.4108],[92.925,9.5244],[92.8164,9.1775],[93.0375,9.0803],[93.3188,8.3019],[93.4815,8.1723],[93.4064,8.0792],[93.4596,7.9678],[93.5438,7.8563],[93.9375,7.2988],[93.9274,7.0313]]]},"properties":{"id":"chennai-andaman-nicobar-islands-cable","name":"Chennai-Andaman & Nicobar Islands Cable","owners":"","rfs":"","length":""}},{"type":"Feature","geometry":{"type":"MultiLineString","coordinates":[[[-1.9683,46.694],[-2.6999,46.5824],[-5.3999,46.5824],[-9.8999,46.2722],[-16.1999,45.3311],[-23.3999,42.7437],[-39.5999,38.2995],[-50.3999,37.4113],[-61.1999,37.5898],[-72.4499,37.2324],[-74.6999,36.7231],[-76.0592,36.755]]]},"properties":{"id":"dunant","name":"Dunant","owners":"","rfs":"","length":""}},{"type":"Feature","geometry":{"type":"MultiLineString","coordinates":[[[-110.3054,24.1025],[-110.1373,24.5327],[-109.5748,25.3487],[-109.0503,25.6007]]]},"properties":{"id":"gulf-of-california-cable","name":"Gulf of California Cable","owners":"","rfs":"","length":""}},{"type":"Feature","geometry":{"type":"MultiLineString","coordinates":[[[-79.3853,43.6446],[-78.7499,43.7272],[-77.0624,43.7272],[-76.7249,43.8896],[-76.6124,44.0515],[-76.4794,44.2316]]]},"properties":{"id":"maple-leaf-fibre","name":"Maple Leaf Fibre","owners":"","rfs":"","length":""}},{"type":"Feature","geometry":{"type":"MultiLineString","coordinates":[[[157.1907,-8.2421],[157.275,-7.9557],[157.3875,-7.7328]],[[156.3959,-6.709],[156.6,-7.2867],[157.3875,-7.7328],[158.4,-8.0671],[159.75,-8.9016],[159.9498,-9.4291]],[[160.7013,-8.7746],[160.65,-9.1794],[160.5375,-9.2904],[160.2,-9.2904],[159.9498,-9.4291]],[[154.8,-15.441],[152.1,-14.1358],[148.5,-11.5033],[147.2625,-10.1775],[147.1885,-9.4796]],[[151.207,-33.8696],[152.1,-33.3676],[154.35,-31.8515],[155.7,-28.7438],[155.7,-25.5409],[155.25,-18.8801],[154.8,-15.441],[157.05,-11.9439],[159.1875,-10.1775],[159.3,-9.7342],[159.2438,-9.2904],[159.525,-9.0128],[159.75,-9.0128],[159.9498,-9.4291]]]},"properties":{"id":"coral-sea-cable-system-cs","name":"Coral Sea Cable System (CS\u00b2)","owners":"","rfs":"","length":""}},{"type":"Feature","geometry":{"type":"MultiLineString","coordinates":[[[-43.2096,-22.9035],[-43.6499,-23.906],[-44.9999,-24.5216],[-46.1249,-25.1342]],[[-46.4125,-24.0089],[-46.1249,-25.1342]],[[-46.1249,-25.1342],[-46.3499,-27.9517],[-48.5999,-32.6128],[-53.9999,-35.7758],[-56.6954,-36.471]]]},"properties":{"id":"malbec","name":"Malbec","owners":"","rfs":"","length":""}},{"type":"Feature","geometry":{"type":"MultiLineString","coordinates":[[[-55.8359,47.072],[-56.1374,47.1209],[-56.1936,47.1209],[-56.3499,47.0837],[-56.1936,47.0826],[-56.1373,46.8907],[-56.1806,46.7758],[-55.9686,46.8138],[-55.8033,46.869]]]},"properties":{"id":"st-pierre-and-miquelon-cable","name":"St. Pierre and Miquelon Cable","owners":"","rfs":"","length":""}},{"type":"Feature","geometry":{"type":"MultiLineString","coordinates":[[[-71.5937,41.192],[-71.4916,41.3233],[-71.4428,41.4414]]]},"properties":{"id":"sea2shore","name":"sea2shore","owners":"","rfs":"","length":""}},{"type":"Feature","geometry":{"type":"MultiLineString","coordinates":[[[15.9087,56.7438],[16.0876,56.5938],[16.2001,56.3452],[16.3126,56.0322],[17.3251,55.7167],[20.4751,55.7167],[21.15,55.6957]]]},"properties":{"id":"nordbalt","name":"NordBalt","owners":"","rfs":"","length":""}},{"type":"Feature","geometry":{"type":"MultiLineString","coordinates":[[[126.225,25.5519],[123.75,25.6533],[122.85,25.7547],[121.95,25.6533],[121.4877,25.1816]],[[128.25,28.3592],[127.125,29.5405],[125.775,30.3205],[124.65,30.9014],[122.85,31.2867],[122.175,31.1424],[121.8961,30.9357]],[[129.6,28.7545],[129.375,30.9014],[129.15,31.6705],[129.2625,32.8123],[129.375,34.3122],[128.9995,35.1703]],[[138.6,32.0527],[137.7,33.0955],[136.874,34.3368]],[[100.597,7.0785],[101.7,7.4103],[103.0488,7.4516],[105.3,6.1816],[107.1,4.8378]],[[112.95,12.6154],[111.6,13.2732],[110.025,13.7108],[109.2196,13.7829]],[[120.15,20.2695],[120.4875,21.6353],[120.6621,22.2492]],[[114.75,18.2518],[114.3,20.7963],[114.2031,22.2221]],[[103.987,1.3895],[104.1921,1.2765],[104.2879,1.3279],[104.4566,1.4684],[104.85,2.8175],[105.75,4.0527],[107.1,4.8378],[108.0,5.5101],[110.7,7.7449],[111.9375,9.9679],[112.95,12.6154],[114.525,17.1085],[114.75,18.2518],[117.0,19.5291],[120.15,20.2695],[121.05,20.375],[122.85,20.9014],[124.875,22.053],[125.775,24.1226],[126.225,25.5519],[126.675,26.1593],[128.25,28.3592],[129.6,28.7545],[131.4,29.0499],[135.0,30.126],[136.8,30.9014],[138.6,32.0527],[139.05,32.4333],[139.725,33.9396],[140.2312,34.405],[140.2031,34.6907],[140.0344,34.8524],[139.9547,34.9767]]]},"properties":{"id":"southeast-asia-japan-cable-2-sjc2","name":"Southeast Asia-Japan Cable 2 (SJC2)","owners":"","rfs":"","length":""}},{"type":"Feature","geometry":{"type":"MultiLineString","coordinates":[[[-1.6178,54.9782],[-0.8999,55.3346],[0.9001,55.8432],[2.535,56.5492],[3.3751,58.0513],[4.0501,58.6417],[5.1751,58.8751],[5.5126,58.9912],[5.7308,58.9708]]]},"properties":{"id":"no-uk","name":"NO-UK","owners":"","rfs":"","length":""}},{"type":"Feature","geometry":{"type":"MultiLineString","coordinates":[[[142.7262,46.949],[143.4375,47.0443],[145.575,46.2722],[147.6,45.2519],[147.8815,45.0867],[147.6,45.1727],[147.06,45.0377],[146.7563,44.6948],[146.7,44.3741],[146.25,44.0515],[145.8586,44.0345],[146.25,43.8896],[146.7472,43.7936]]]},"properties":{"id":"sakhalin-kuril-islands-cable","name":"Sakhalin-Kuril Islands Cable","owners":"","rfs":"","length":""}},{"type":"Feature","geometry":{"type":"MultiLineString","coordinates":[[[54.0,-20.5744],[54.45,-20.6797],[54.9,-20.8901],[55.3032,-20.9444]],[[46.9853,-25.0225],[47.25,-25.3377],[47.7,-25.5409]],[[30.9016,-30.0216],[32.4001,-29.9207],[38.7,-27.5535],[45.0,-26.3502],[47.7,-25.5409],[49.05,-24.7261],[51.75,-23.0806],[53.55,-20.9951],[54.0,-20.5744],[54.9,-20.1525],[55.8,-20.1525],[56.7,-20.0469],[57.4951,-20.1221]]]},"properties":{"id":"meltingpot-indianoceanic-submarine-system-metiss","name":"Meltingpot Indianoceanic Submarine System (METISS)","owners":"","rfs":"","length":""}},{"type":"Feature","geometry":{"type":"MultiLineString","coordinates":[[[114.3104,-8.448],[114.4707,-8.3455],[114.5273,-8.2946]]]},"properties":{"id":"java-bali-cable-system-jbcs","name":"Java Bali Cable System (JBCS)","owners":"","rfs":"","length":""}},{"type":"Feature","geometry":{"type":"MultiLineString","coordinates":[[[107.121,-5.9812],[107.325,-5.8338],[107.55,-5.8338],[108.45,-6.1695],[108.675,-6.3931],[108.675,-6.5608],[108.5573,-6.7167],[108.7875,-6.6167],[109.8,-6.6167],[110.025,-6.7309],[110.1879,-7.0265],[110.25,-6.7309],[110.7,-6.2813],[111.375,-6.1695],[112.1625,-6.3931],[112.6125,-6.6167],[112.7197,-7.2719]]]},"properties":{"id":"jakarta-surabaya-cable-system-jayabaya","name":"Jakarta Surabaya Cable System (JAYABAYA)","owners":"","rfs":"","length":""}},{"type":"Feature","geometry":{"type":"MultiLineString","coordinates":[[[179.3497,-16.808],[179.0999,-17.1686],[179.0999,-17.7052],[179.3249,-18.8801],[179.5499,-19.3054]],[[178.4382,-18.1231],[178.6499,-18.8801],[179.0999,-19.7295]],[[-171.4498,-9.2904],[-171.6748,-9.2904],[-171.8115,-9.1746]],[[-157.4278,1.8722],[-157.7248,2.8175],[-158.8498,4.1649],[-160.1998,5.062]],[[-179.9998,-18.8801],[-177.2998,-16.7381],[-175.4998,-14.5717],[-173.9248,-11.9439],[-172.7998,-11.062],[-171.6748,-10.6201],[-171.4498,-9.2904],[-169.1998,-4.8257],[-162.8998,2.3679],[-160.1998,5.062],[-159.2998,5.9578],[-138.5998,23.2986],[-127.7998,28.557],[-120.5998,33.1897],[-118.7998,33.8463],[-118.2453,34.0536]],[[173.7,-24.7261],[175.05,-30.31],[175.5057,-33.348],[174.9375,-36.14],[174.9937,-36.593],[174.7732,-36.7841]],[[151.1963,-33.9136],[152.1,-34.0228],[154.8001,-32.8021],[160.65,-31.4684],[166.5,-27.9517],[173.7,-24.7261],[178.1999,-20.5744],[179.0999,-19.7295],[179.5499,-19.3054],[179.9999,-18.8801]]]},"properties":{"id":"southern-cross-next","name":"Southern Cross NEXT","owners":"","rfs":"","length":""}},{"type":"Feature","geometry":{"type":"MultiLineString","coordinates":[[[7.9963,58.1511],[7.8751,57.9321],[6.3001,57.5719],[4.5001,57.5719]],[[-74.0629,40.1528],[-71.0999,40.5585],[-68.3999,41.2388],[-61.1999,42.4124],[-50.3999,44.6948],[-39.5999,47.5023],[-23.3999,52.9634],[-16.1999,55.0778],[-8.9999,58.9912],[-5.3999,59.6797],[-1.7999,59.4517],[1.8001,58.5244],[4.5001,57.5719],[5.4001,56.7175],[6.3001,56.2203],[7.2001,55.8432],[7.6501,55.78],[8.3292,55.7517]]]},"properties":{"id":"havfrueaec-2","name":"Havfrue/AEC-2","owners":"","rfs":"","length":""}},{"type":"Feature","geometry":{"type":"MultiLineString","coordinates":[[[-16.1999,55.0778],[-12.5999,54.8194],[-10.7999,54.166],[-10.3499,53.9017],[-9.6965,53.7708]]]},"properties":{"id":"havfrueaec-2","name":"Havfrue/AEC-2","owners":"","rfs":"","length":""}},{"type":"Feature","geometry":{"type":"MultiLineString","coordinates":[[[98.676,3.752],[98.8875,3.8282],[99.45,3.5289],[99.7875,3.2668],[100.35,2.8175],[100.3133,2.4523],[100.4625,2.7051],[100.575,2.7051],[101.25,2.426],[101.7583,2.1431],[101.8708,1.9764],[101.7281,1.8056],[101.4477,1.6655]]]},"properties":{"id":"damai-cable-system","name":"DAMAI Cable System","owners":"","rfs":"","length":""}},{"type":"Feature","geometry":{"type":"MultiLineString","coordinates":[[[157.95,-25.5409],[153.9,-26.5516],[153.0895,-26.6519]],[[144.6947,13.4648],[144.8156,13.2732],[145.35,12.8349],[146.25,12.1759],[147.15,11.9559],[149.4,10.8531],[151.2,9.5244],[153.0,8.1905],[155.25,4.1649],[156.6,-0.3314],[157.725,-3.03],[159.3,-4.8257],[161.55,-6.6167],[162.45,-8.4011],[162.9,-10.1775],[162.0,-13.699],[159.3,-18.8801],[157.95,-25.5409],[156.15,-28.7438],[154.5402,-31.8515],[152.1,-33.4615],[151.274,-33.7612]]]},"properties":{"id":"japan-guam-australia-south-jga-s","name":"Japan-Guam-Australia South (JGA-S)","owners":"","rfs":"","length":""}},{"type":"Feature","geometry":{"type":"MultiLineString","coordinates":[[[144.6947,13.4891],[144.35,14.0427],[143.775,15.2358],[143.1,16.9651],[140.85,21.6353],[139.275,24.9414],[139.05,27.7636],[139.275,30.9014],[139.6125,32.4333],[139.6125,33.9396],[139.7812,34.405],[139.95,34.6907],[140.0062,34.8524],[139.961,34.9741]]]},"properties":{"id":"japan-guam-australia-north-jga-n","name":"Japan-Guam-Australia North (JGA-N)","owners":"","rfs":"","length":""}},{"type":"Feature","geometry":{"type":"MultiLineString","coordinates":[[[-174.9373,-19.7295],[-174.5998,-19.7295],[-174.3521,-19.8138]],[[-173.9837,-18.6592],[-174.2623,-18.8801],[-174.9373,-19.7295],[-175.1623,-20.5744],[-175.2,-21.1335]]]},"properties":{"id":"tonga-domestic-cable-extension-tdce","name":"Tonga Domestic Cable Extension (TDCE)","owners":"","rfs":"","length":""}},{"type":"Feature","geometry":{"type":"MultiLineString","coordinates":[[[-156.44,20.6636],[-156.2623,20.4805],[-155.9811,20.2695],[-155.8314,20.04]],[[-157.6689,21.272],[-157.4998,21.1115],[-157.1623,21.0065],[-157.0239,21.0934],[-156.8248,21.0065],[-156.6845,20.9009]],[[-159.7242,21.9703],[-159.6373,21.8443],[-158.8498,21.3212],[-158.3998,21.3212],[-158.2207,21.4634]]]},"properties":{"id":"paniolo-cable-network","name":"Paniolo Cable Network","owners":"","rfs":"","length":""}},{"type":"Feature","geometry":{"type":"MultiLineString","coordinates":[[[12.0702,67.5026],[12.1501,67.4395],[13.9501,67.2662],[14.4001,67.286]]]},"properties":{"id":"bodo-rost-cable","name":"Bodo-Rost Cable","owners":"","rfs":"","length":""}},{"type":"Feature","geometry":{"type":"MultiLineString","coordinates":[[[14.2714,36.0205],[14.3079,35.9796],[14.3445,35.9387]]]},"properties":{"id":"malta-gozo-cable","name":"Malta-Gozo Cable","owners":"","rfs":"","length":""}},{"type":"Feature","geometry":{"type":"MultiLineString","coordinates":[[[57.4855,-20.474],[57.7125,-20.6797],[58.05,-20.6797],[59.4,-20.5744],[61.65,-20.1525],[62.775,-19.683],[63.3375,-19.5706],[63.4482,-19.6744]]]},"properties":{"id":"mauritius-and-rodrigues-submarine-cable-system-mars","name":"Mauritius and Rodrigues Submarine Cable System (MARS)","owners":"","rfs":"","length":""}},{"type":"Feature","geometry":{"type":"MultiLineString","coordinates":[[[134.325,-1.6812],[133.875,-2.0185],[133.4821,-2.2024]],[[135.5016,-3.3722],[135.5625,-3.03],[135.9,-2.5805],[136.125,-2.1309],[136.157,-1.7561],[136.35,-2.0185],[136.8,-2.0185],[136.9688,-1.9061],[137.025,-1.6812],[136.8,-1.4563],[136.35,-1.4563],[135.9,-1.3438],[135.675,-1.1751],[135.6187,-1.0065],[135.6386,-0.7295],[135.45,-0.8376],[135.0,-0.8376],[134.325,-0.7814],[134.062,-0.8615],[134.2125,-1.0064],[134.325,-1.2313],[134.325,-1.6812],[134.6625,-2.1309],[135.1125,-3.03],[135.5016,-3.3722]],[[139.3965,-7.1024],[139.05,-7.1751],[138.6,-7.0634],[138.2625,-6.6167],[138.15,-5.9457],[138.1214,-5.5357],[137.8125,-5.498],[137.25,-5.2739],[137.025,-5.0499],[136.8896,-4.5502],[136.7437,-4.3771],[135.7875,-3.5916],[135.5016,-3.3722]],[[124.4535,-8.1608],[124.65,-8.0671],[125.325,-8.0671],[125.6625,-8.0857],[126.45,-8.1228],[126.9,-7.9557],[127.35,-7.9557],[127.6915,-8.1581],[127.7879,-8.1504],[127.9125,-8.0114],[128.925,-8.0114],[129.6,-8.1785],[130.05,-8.1785],[130.8375,-8.0671],[131.2131,-8.0522],[130.8375,-7.8443],[130.725,-7.6213],[130.8375,-7.1751],[131.625,-6.2813],[132.3,-5.7778],[132.7521,-5.6265],[132.6937,-5.386],[132.8645,-5.1287],[133.2021,-5.1287],[134.1,-5.9457],[134.2687,-6.0576],[134.5502,-6.1947],[134.775,-6.1695],[135.225,-5.8338],[136.0125,-5.6099],[136.4625,-5.386],[136.6875,-5.0499],[136.8896,-4.5502]],[[120.253,-9.6458],[120.6,-9.6233],[121.6125,-10.2882],[121.8799,-10.4578],[122.0625,-10.3988],[122.85,-10.6201],[123.0352,-10.7333],[123.075,-10.5095],[123.3,-10.3436],[123.5834,-10.1829]]]},"properties":{"id":"palapa-ring-east","name":"Palapa Ring East","owners":"","rfs":"","length":""}},{"type":"Feature","geometry":{"type":"MultiLineString","coordinates":[[[102.0801,1.4892],[101.7281,1.6372],[101.4477,1.6655]],[[102.667,0.9326],[102.5703,1.2209],[102.0801,1.4892]],[[103.4049,0.7698],[103.275,0.9624],[103.05,1.1685],[102.7389,1.2209],[102.667,0.9326]],[[103.9626,1.1347],[103.8781,1.1067],[103.5,0.9624],[103.4049,0.7698]],[[104.6354,-0.1628],[104.4,-0.2189],[104.1188,-0.3314],[103.4667,-0.8165]],[[108.9872,0.9061],[108.7875,1.2435],[108.45,2.9673],[108.45,3.4166],[108.3775,3.9409],[108.1429,3.9456],[108.0,3.8407],[107.325,3.4914],[106.875,3.2668],[106.2111,3.2071],[105.975,2.5927],[105.75,2.1431],[104.8671,1.477],[104.625,1.2997],[104.2879,1.1173],[103.9626,1.1347],[104.0348,0.9061],[104.0601,0.7936],[104.175,0.3416],[104.4,0.0061],[104.6354,-0.1628]]]},"properties":{"id":"palapa-ring-west","name":"Palapa Ring West","owners":"","rfs":"","length":""}},{"type":"Feature","geometry":{"type":"MultiLineString","coordinates":[[[122.5599,-5.3891],[122.5707,-5.44],[122.5969,-5.5071]],[[122.513,-3.9985],[122.7938,-3.9845],[122.9062,-4.0406],[122.9625,-4.0967],[123.1239,-4.1361],[122.9625,-4.3771],[122.85,-4.4893],[122.7937,-4.6575],[122.7211,-4.8324],[122.7917,-4.8257],[122.8561,-4.7922]],[[122.7928,-0.9388],[123.075,-1.1188],[123.3,-1.147],[123.3402,-1.301],[123.4125,-1.2032],[123.6375,-1.2313],[123.6937,-1.4],[123.5275,-1.6002],[123.6938,-1.625],[124.0313,-1.8499],[124.3125,-2.1309],[124.5375,-2.1309],[124.65,-2.0185],[124.774,-1.8268],[124.9875,-2.0185],[125.6625,-2.3557],[125.8875,-2.5805],[126.1125,-2.5805],[126.1687,-2.4681],[126.1125,-2.2995],[125.937,-2.2015]],[[127.3613,0.7958],[127.3781,0.7393],[127.4041,0.674],[127.4625,0.6811],[127.5614,0.735]],[[124.8396,1.4908],[124.7625,1.8058],[125.2125,2.5927],[125.3729,2.7546],[125.2125,2.8175],[125.2125,3.2668],[125.4855,3.6009],[125.325,3.716],[125.4375,3.9405],[126.45,4.0527],[126.7173,4.043],[126.9,3.9405],[127.125,3.716],[127.35,3.2668],[127.9125,2.3679],[128.1375,2.2555],[128.4008,2.3657],[128.1937,2.1431],[128.1375,1.9182],[127.9679,1.7146]]]},"properties":{"id":"palapa-ring-middle","name":"Palapa Ring Middle","owners":"","rfs":"","length":""}},{"type":"Feature","geometry":{"type":"MultiLineString","coordinates":[[[1.7293,52.4688],[2.2501,52.5549],[3.8251,52.5549],[4.2751,52.5207],[4.6137,52.4585]]]},"properties":{"id":"ulysses-2","name":"Ulysses 2","owners":"","rfs":"","length":""}},{"type":"Feature","geometry":{"type":"MultiLineString","coordinates":[[[-143.9998,-16.9535],[-143.4373,-17.061],[-142.4248,-17.4907],[-141.1873,-18.0264],[-140.9081,-18.2157]],[[-145.7998,-15.6578],[-145.7998,-15.8743],[-145.7436,-16.0906],[-145.6246,-16.3103]],[[-146.9248,-15.5494],[-146.8686,-15.6578],[-146.6738,-15.7414]],[[-146.5873,-15.5494],[-146.6436,-15.441],[-146.7861,-15.2899]],[[-147.1498,-15.5494],[-146.9248,-15.5494],[-146.5873,-15.5494],[-145.7998,-15.6578],[-145.3498,-15.9825],[-145.1248,-16.3067],[-144.5623,-16.7381],[-143.9998,-16.9535],[-143.7748,-16.8458],[-143.7748,-16.7381],[-143.8672,-16.5396]],[[-147.1498,-15.224],[-147.3748,-15.1155],[-147.6513,-15.1162]],[[-139.3873,-9.8451],[-139.0498,-9.8451],[-139.0211,-9.7546]],[[-145.3498,-14.1358],[-145.1248,-14.2448],[-144.9722,-14.4498]],[[-145.9123,-14.7894],[-145.9123,-14.5717],[-145.9581,-14.4029]],[[-140.1421,-8.8605],[-139.7248,-9.2904],[-139.3873,-9.8451],[-139.4998,-10.1775],[-140.3998,-11.062],[-144.8998,-13.699],[-145.3498,-14.1358],[-145.4623,-14.5717],[-145.9123,-14.7894],[-146.6998,-14.7894],[-147.1498,-15.224],[-147.1498,-15.5494],[-147.3748,-15.8743],[-148.7248,-17.3834],[-149.3081,-17.7233]]]},"properties":{"id":"natitua","name":"Natitua","owners":"","rfs":"","length":""}},{"type":"Feature","geometry":{"type":"MultiLineString","coordinates":[[[-85.9499,0.5686],[-82.3499,2.3679],[-80.0999,5.062],[-79.4249,7.2988],[-79.6499,8.1905],[-79.5666,8.9503]],[[-71.6204,-33.0455],[-72.6749,-31.8515],[-79.6499,-18.4538],[-84.1499,-11.5033],[-85.4999,-6.6167],[-85.9499,0.5686],[-87.0648,5.5342],[-92.6999,9.5244],[-98.0999,12.6154],[-104.3999,16.1023],[-108.4498,18.6786],[-114.2998,22.4694],[-118.7998,27.7636],[-119.6998,31.2867],[-119.2498,32.8123],[-118.7998,33.7995],[-118.416,33.9199]]]},"properties":{"id":"curie","name":"Curie","owners":"","rfs":"","length":""}},{"type":"Feature","geometry":{"type":"MultiLineString","coordinates":[[[-71.4511,10.3959],[-71.5499,10.4681],[-71.5984,10.6882],[-71.5499,11.074],[-71.0999,11.405],[-70.4249,11.6255],[-70.2043,11.7088],[-69.8624,11.6255],[-69.6778,11.4028],[-69.5249,11.5153],[-69.2999,11.6255],[-68.7374,11.5704],[-68.3999,11.2947],[-68.2845,10.9286],[-68.0624,10.7426],[-68.0096,10.4781],[-67.7249,10.632],[-67.3874,10.7426],[-67.1624,10.7426],[-66.8783,10.6065],[-66.5999,10.7426],[-66.2624,10.7426],[-66.1499,10.632],[-66.0981,10.4803],[-65.6999,10.4108],[-65.2499,10.4108],[-64.6449,10.2025],[-64.4081,10.4108],[-64.1821,10.4543],[-64.4061,10.632],[-64.3499,10.7978],[-64.0124,10.7426],[-63.8476,10.9552],[-63.4499,10.8531],[-63.2505,10.6668]]]},"properties":{"id":"venezuelan-festoon","name":"Venezuelan Festoon","owners":"","rfs":"","length":""}},{"type":"Feature","geometry":{"type":"MultiLineString","coordinates":[[[-71.5499,-53.3608],[-71.2124,-53.2936],[-70.9333,-53.1667]],[[-76.0499,-47.9482],[-75.1499,-47.8728],[-74.6999,-47.7972],[-74.2499,-47.7972],[-73.5369,-47.8012]],[[-72.9534,-41.4604],[-73.3499,-41.6513],[-73.7999,-41.7353],[-74.2499,-41.903],[-75.1499,-43.5556],[-76.0499,-46.7284],[-76.0499,-47.9482],[-75.5999,-51.7189],[-75.1499,-52.273],[-74.1374,-52.8203],[-72.8999,-53.1589],[-71.5499,-53.3608],[-71.0999,-53.8945],[-70.1999,-54.4215],[-68.8499,-54.9418],[-68.1749,-55.0064],[-67.6059,-54.9352]]]},"properties":{"id":"fibra-optica-austral","name":"Fibra Optica Austral","owners":"","rfs":"","length":""}},{"type":"Feature","geometry":{"type":"MultiLineString","coordinates":[[[45.3442,2.0412],[46.8,2.0307],[49.5,1.4684]],[[49.1879,11.2756],[48.825,11.7357],[48.6,11.9559]],[[44.55,11.2947],[45.45,11.1844],[48.6,11.9559],[52.65,12.9445],[54.0,13.1637],[55.125,12.6154],[54.45,9.5244],[52.65,5.5101],[49.5,1.4684],[45.675,-1.4563],[42.3,-3.7038],[39.6729,-4.0529]],[[44.55,11.2947],[43.65,11.5103],[43.148,11.5949]]]},"properties":{"id":"djibouti-africa-regional-express-1-dare1","name":"Djibouti Africa Regional Express 1 (DARE1)","owners":"","rfs":"","length":""}},{"type":"Feature","geometry":{"type":"MultiLineString","coordinates":[[[37.9125,20.375],[38.1,20.5156],[39.1828,21.4815]],[[11.9813,35.4198],[13.6688,35.6943],[14.3501,35.9524]],[[27.9001,31.8618],[31.5001,34.2502],[32.4667,34.7666]],[[44.55,11.6255],[43.2422,12.6154],[43.1579,12.8349],[42.8625,13.0542],[42.2438,13.9293],[41.7375,14.8012],[40.275,16.5342],[39.2625,18.2518],[37.9125,20.375],[37.125,22.053],[35.8875,24.1226],[34.875,25.7547],[34.425,26.5625],[33.8626,27.3647],[33.3708,28.1611],[32.6532,29.1136],[31.7251,29.0991],[31.0501,29.3446],[30.3751,29.7116],[29.9813,30.3203],[29.7009,31.0723]],[[29.7009,31.0723],[27.9001,31.8618],[25.2001,32.5756],[22.0501,33.3152],[19.3501,33.1897],[16.6501,32.8123],[14.4001,33.706],[11.9813,35.4198],[11.8126,35.7857],[11.2501,37.2324],[10.3486,37.5006],[9.0001,37.5006],[7.2001,37.9455],[6.5251,38.6518],[5.6251,41.7444],[5.3725,43.2936]],[[55.35,13.9293],[55.35,12.6154],[54.9,9.5244],[53.55,5.5101],[50.4,1.4684],[45.9,-1.6812],[42.3,-3.9283],[39.6729,-4.0529]],[[55.35,13.9293],[48.6,12.2858],[45.45,11.5153],[44.55,11.6255]]]},"properties":{"id":"peace-cable","name":"PEACE Cable","owners":"","rfs":"","length":""}},{"type":"Feature","geometry":{"type":"MultiLineString","coordinates":[[[58.95,15.6695],[65.7549,16.0232],[69.8598,13.332],[71.3196,9.1182],[73.0715,6.6225],[73.5147,6.4433],[74.25,5.6594],[78.3,3.2668],[79.65,2.7425],[81.0,2.3679],[85.5,-0.7813],[90.0,0.1186],[92.7,4.1649],[94.275,5.062],[95.4,5.8459],[97.425,5.3981],[97.65,5.2861],[98.325,4.6136],[99.7875,3.2668],[101.25,1.9744],[102.15,1.7496],[102.6828,1.502],[103.3407,1.1592],[103.6462,1.3386]],[[53.55,5.5101],[50.85,5.734],[49.5,5.734],[48.522,5.3502]],[[45.9,-1.6812],[45.225,-1.5687],[44.1,-1.2313],[43.0875,-0.7814],[42.5451,-0.3627]],[[50.4,1.4684],[46.8,2.1431],[45.3442,2.0412]],[[48.6,12.2858],[48.9375,11.7357],[49.1879,11.2756]],[[50.4,1.4684],[52.2,-2.1309],[54.0,-3.9283],[55.4451,-4.6176]],[[65.25,22.8847],[63.0,24.5327],[62.325,25.1323]],[[67.0285,24.8897],[65.25,22.8847],[64.35,20.375],[60.975,16.9651],[58.95,15.6695],[55.35,13.9293]],[[44.55,11.6255],[43.65,11.6529],[43.148,11.5949]]]},"properties":{"id":"peace-cable","name":"PEACE Cable","owners":"","rfs":"","length":""}},{"type":"Feature","geometry":{"type":"MultiLineString","coordinates":[[[141.975,34.405],[141.075,32.0527],[140.625,30.9014],[138.825,27.7636],[137.25,26.1593],[133.2,22.4694],[127.8,17.395],[124.65,15.2358],[123.525,14.2566],[122.9501,14.1165]]]},"properties":{"id":"jupiter","name":"JUPITER","owners":"","rfs":"","length":""}},{"type":"Feature","geometry":{"type":"MultiLineString","coordinates":[[[-123.9563,45.2311],[-125.0998,44.6948],[-129.5998,43.4011],[-138.4872,41.4077]],[[140.85,34.405],[138.6,33.7528],[137.7,33.8463],[136.874,34.3368]],[[179.9999,42.7437],[172.7999,42.7437],[160.2,40.0437],[149.4,35.7857],[143.1,34.5905],[141.975,34.405],[140.85,34.405],[140.4,34.6907],[140.189,34.8986],[139.9755,35.0054]],[[-118.3995,33.8622],[-120.5998,33.7528],[-122.3998,33.9396],[-129.5998,37.5898],[-138.4872,41.4077],[-151.1998,42.7438],[-179.9998,42.7438]]]},"properties":{"id":"jupiter","name":"JUPITER","owners":"","rfs":"","length":""}},{"type":"Feature","geometry":{"type":"MultiLineString","coordinates":[[[-73.5868,40.7571],[-73.4624,40.473],[-73.5186,40.3016],[-73.7999,40.2157],[-74.0629,40.1528]]]},"properties":{"id":"wall-li","name":"WALL-LI","owners":"","rfs":"","length":""}},{"type":"Feature","geometry":{"type":"MultiLineString","coordinates":[[[-79.3853,43.6446],[-79.0874,43.4828],[-78.9186,43.2374],[-78.8624,43.0733],[-78.8785,42.8854]]]},"properties":{"id":"crosslake-fibre","name":"Crosslake Fibre","owners":"","rfs":"","length":""}},{"type":"Feature","geometry":{"type":"MultiLineString","coordinates":[[[-66.1858,18.473],[-66.4874,18.7319],[-67.0499,18.8917],[-67.7249,18.4654],[-68.0624,18.2518],[-68.5124,17.8239],[-69.2999,17.7168],[-70.6499,17.2876],[-71.9999,17.1802],[-74.6999,17.395],[-75.1499,18.2518],[-75.2624,19.6704],[-75.1582,19.9396]]]},"properties":{"id":"gtmo-pr","name":"GTMO-PR","owners":"","rfs":"","length":""}},{"type":"Feature","geometry":{"type":"MultiLineString","coordinates":[[[-80.1439,26.0523],[-79.6499,25.9572],[-78.4124,26.1593],[-77.5124,25.7547],[-76.8312,25.8134],[-76.2406,25.5991],[-75.5999,25.1451],[-74.9249,24.4303],[-74.6999,24.0199],[-74.5874,23.7113],[-74.5874,23.2986],[-74.6999,22.8847],[-74.4749,22.053],[-74.0249,21.2164],[-73.9124,20.7963],[-74.0248,20.375],[-74.0913,20.1832],[-74.3061,19.9526],[-74.6999,19.741],[-74.9249,19.7938],[-75.1582,19.9396]]]},"properties":{"id":"gtmo-1","name":"GTMO-1","owners":"","rfs":"","length":""}},{"type":"Feature","geometry":{"type":"MultiLineString","coordinates":[[[8.1932,55.7646],[7.6501,55.5261],[5.4001,55.5473],[3.1501,55.4624],[-0.8999,55.0778],[-1.6178,54.9782]]]},"properties":{"id":"havhingstennorth-sea-connect-nsc","name":"Havhingsten/North Sea Connect (NSC)","owners":"","rfs":"","length":""}},{"type":"Feature","geometry":{"type":"MultiLineString","coordinates":[[[-4.4999,53.8354],[-4.4997,53.9679],[-4.5666,54.1003]],[[-4.9499,53.8021],[-4.9499,53.9679],[-4.7604,54.0872]],[[-6.0855,53.5497],[-5.6249,53.6054],[-4.9499,53.8021],[-4.4999,53.8354],[-3.5999,53.8354],[-3.0508,53.809]]]},"properties":{"id":"havhingstenceltixconnect-2-cc-2","name":"Havhingsten/CeltixConnect-2 (CC-2)","owners":"","rfs":"","length":""}},{"type":"Feature","geometry":{"type":"MultiLineString","coordinates":[[[8.7184,55.5231],[8.1001,55.5261],[7.6501,55.3346],[6.9751,54.034],[6.816,53.4428]]]},"properties":{"id":"cobracable","name":"COBRAcable","owners":"","rfs":"","length":""}},{"type":"Feature","geometry":{"type":"MultiLineString","coordinates":[[[-61.1121,14.629],[-61.1998,14.4746],[-61.0874,14.3657],[-60.9749,14.3657],[-59.8499,13.9293],[-58.0499,12.6154],[-54.8999,9.5244],[-52.8749,5.9578],[-52.6456,5.1683]]]},"properties":{"id":"kanawa","name":"Kanawa","owners":"","rfs":"","length":""}},{"type":"Feature","geometry":{"type":"MultiLineString","coordinates":[[[43.2433,-11.7006],[43.1438,-11.9439],[43.3125,-12.164],[43.5375,-12.164],[43.875,-12.164],[44.55,-12.6035],[45.0,-12.823],[45.1658,-12.8171]]]},"properties":{"id":"fly-lion3","name":"FLY-LION3","owners":"","rfs":"","length":""}},{"type":"Feature","geometry":{"type":"MultiLineString","coordinates":[[[173.284,-41.2723],[173.475,-40.8903],[173.925,-40.5492],[174.825,-40.5492],[175.2853,-40.6253]]]},"properties":{"id":"nelson-levin","name":"Nelson-Levin","owners":"","rfs":"","length":""}},{"type":"Feature","geometry":{"type":"MultiLineString","coordinates":[[[144.2402,-7.4135],[144.9,-7.9557],[145.575,-8.4011],[146.7,-9.2904],[147.1885,-9.4796]]]},"properties":{"id":"png-lng","name":"PNG LNG","owners":"","rfs":"","length":""}},{"type":"Feature","geometry":{"type":"MultiLineString","coordinates":[[[145.35,-3.4793],[145.8,-2.1309],[146.7,-1.6812],[147.15,-1.7936],[147.2791,-2.035]],[[152.2125,-3.9283],[152.2125,-4.0406],[152.2746,-4.3424]],[[151.2,-3.9283],[152.2125,-3.9283],[152.4375,-4.1528],[152.55,-4.3771],[152.6625,-4.8257],[153.0,-5.0499],[153.9,-4.8257],[154.8,-4.8257],[155.25,-5.2739],[155.475,-5.7219],[155.5678,-6.2257]],[[150.525,-4.8257],[150.4125,-5.2739],[150.1387,-5.5511]],[[146.25,-4.8257],[146.7,-4.6015],[149.4,-4.6015],[150.525,-4.8257],[151.2,-3.9283],[149.85,-2.5805],[149.85,-2.1309],[150.525,-2.1309],[150.8086,-2.5781]],[[143.6584,-3.5801],[144.0,-3.4793],[144.45,-3.03],[144.45,-2.5805]],[[141.3,-2.1309],[141.2999,-2.6897]],[[145.7847,-5.2337],[146.025,-5.0499],[146.25,-4.8257],[146.25,-4.3771],[145.35,-3.4793],[144.45,-2.5805],[142.2,-2.1309],[141.3,-2.1309],[140.85,-2.3557],[140.6691,-2.5916]],[[146.9929,-6.7394],[147.375,-7.0634],[148.05,-7.0629]],[[148.2935,-8.6044],[148.95,-8.4011],[149.4,-8.4011]],[[150.4588,-10.3157],[150.75,-10.3988],[151.2,-10.3988]],[[147.1885,-9.4796],[147.375,-10.1775],[149.4,-11.062],[150.75,-11.062],[151.2,-10.8411],[151.2,-10.3988],[150.975,-10.1775],[150.3,-9.7342],[149.85,-9.2904],[149.4,-8.8461],[149.4,-8.4011],[148.05,-7.0634],[148.05,-6.3931],[147.6,-5.9457],[146.9063,-5.5854],[146.025,-5.2739],[145.7847,-5.2337]],[[145.7717,-7.9637],[145.575,-8.4011]],[[143.2099,-9.0781],[144.0,-8.8461],[144.9,-7.9557]],[[144.9,-7.9557],[145.575,-8.4011],[146.7,-9.2904],[147.1885,-9.4796]]]},"properties":{"id":"kumul-domestic-submarine-cable-system","name":"Kumul Domestic Submarine Cable System","owners":"","rfs":"","length":""}},{"type":"Feature","geometry":{"type":"MultiLineString","coordinates":[[[-88.2945,17.9256],[-88.0909,17.911],[-87.9783,17.911]]]},"properties":{"id":"strategic-evolution-underwater-link-seul","name":"Strategic Evolution Underwater Link (SEUL)","owners":"","rfs":"","length":""}},{"type":"Feature","geometry":{"type":"MultiLineString","coordinates":[[[114.8856,4.9268],[114.975,5.12],[115.1689,5.2553]]]},"properties":{"id":"labuan-brunei-submarine-cable","name":"Labuan-Brunei Submarine Cable","owners":"","rfs":"","length":""}},{"type":"Feature","geometry":{"type":"MultiLineString","coordinates":[[[-76.0592,36.755],[-74.6999,36.8132],[-72.4499,37.4113],[-61.1999,37.9455],[-50.3999,37.9455],[-39.5999,39.0024],[-23.3999,43.4011],[-16.1999,45.6465],[-9.8999,46.5824],[-5.8499,45.6465],[-4.4999,44.6948],[-2.9492,43.2742]]]},"properties":{"id":"marea","name":"MAREA","owners":"","rfs":"","length":""}},{"type":"Feature","geometry":{"type":"MultiLineString","coordinates":[[[-35.2112,-5.7948],[-34.8749,-6.1695],[-34.7624,-6.6167],[-34.861,-7.1153],[-34.6499,-7.3983],[-34.6499,-7.7328],[-34.872,-8.0553],[-34.7624,-8.4011],[-35.0999,-9.2904],[-35.735,-9.6522],[-35.8874,-10.1775],[-36.4499,-10.7306],[-37.0748,-10.9096],[-37.0124,-11.1724],[-37.1811,-11.5584],[-37.5705,-11.8467],[-37.6874,-12.2739],[-38.0249,-12.823],[-38.5045,-12.97],[-38.4749,-13.4803],[-38.6999,-14.2448],[-39.0477,-14.788],[-38.8124,-15.224],[-38.6999,-15.8743],[-38.8124,-16.3067],[-39.0647,-16.4511],[-38.9249,-16.9535],[-38.9249,-17.598],[-39.3749,-18.4538],[-39.8591,-18.7167],[-39.5999,-18.9866],[-39.5999,-19.7295],[-39.8249,-20.1525],[-40.3017,-20.294],[-40.4999,-20.9951],[-41.0272,-21.6311],[-40.9499,-21.833],[-41.1749,-22.2501],[-41.3999,-22.3542],[-41.7856,-22.3718],[-41.8499,-22.666],[-42.2999,-23.0806],[-42.7499,-23.0806],[-43.2096,-22.9035]]]},"properties":{"id":"brazilian-festoon","name":"Brazilian Festoon","owners":"","rfs":"","length":""}},{"type":"Feature","geometry":{"type":"MultiLineString","coordinates":[[[73.0892,-0.6055],[72.9977,0.2811],[72.9977,0.5311],[72.9977,0.7811],[73.4246,2.7768],[73.5396,3.2761],[73.5404,3.963],[73.5404,4.2123],[73.4904,4.4616],[73.2708,4.8546],[73.0708,5.1036],[73.1708,5.6014],[73.1715,6.1258],[73.0715,6.6228]]]},"properties":{"id":"nationwide-submarine-cable-ooredoo-maldives-nascom","name":"Nationwide Submarine Cable Ooredoo Maldives (NaSCOM)","owners":"","rfs":"","length":""}},{"type":"Feature","geometry":{"type":"MultiLineString","coordinates":[[[-62.7298,17.2986],[-62.8298,17.2986],[-62.987,17.3865],[-62.9855,17.4759],[-63.0871,17.4819],[-63.2516,17.5212],[-63.2442,17.6151],[-63.3517,17.6165],[-63.3517,17.7118],[-63.1551,17.9293],[-63.0551,18.0244],[-62.9436,17.9845],[-62.8505,17.8979]]]},"properties":{"id":"saba-statia-cable-system-sscs","name":"Saba, Statia Cable System (SSCS)","owners":"","rfs":"","length":""}},{"type":"Feature","geometry":{"type":"MultiLineString","coordinates":[[[103.8507,2.2957],[104.4,2.4803],[105.75,2.5927],[105.975,2.8175],[106.2111,3.2071],[106.875,3.1545],[107.325,3.2668],[108.0,3.4914],[108.2902,3.6668],[108.9,3.2668],[109.8,2.5927],[110.25,1.9182],[110.3537,1.5202]]]},"properties":{"id":"east-west-submarine-cable-system","name":"East-West Submarine Cable System","owners":"","rfs":"","length":""}},{"type":"Feature","geometry":{"type":"MultiLineString","coordinates":[[[126.9,1.0185],[127.35,1.0185],[127.4625,0.9061],[127.5614,0.735]],[[127.35,1.0185],[127.35,0.9061],[127.3754,0.7899]],[[128.1907,-3.6457],[128.025,-4.0406],[127.8,-4.1528],[126.45,-4.1528],[125.1,-3.8161],[123.075,-3.8161],[122.513,-3.9985]],[[127.4805,-0.6268],[127.35,-0.7814],[127.35,-1.0064]],[[126.675,-1.2313],[127.35,-1.0064],[127.8,-1.0064],[128.25,-1.2313],[129.15,-1.2313],[129.6,-0.7814],[130.39,-0.5902],[130.8901,-0.5902],[131.2954,-0.8821]],[[126.687,-2.2015],[125.937,-2.2015]],[[127.35,-3.2547],[127.0858,-3.2334]],[[129.15,-3.9283],[129.15,-3.7038],[128.9553,-3.2978]],[[129.8721,-4.5202],[129.825,-4.1528]],[[124.8396,1.4908],[125.1,1.2435],[126.0,1.0185],[126.9,1.0185],[126.9,0.5686],[126.9,0.1186],[126.675,-1.2313],[126.687,-2.2015],[127.125,-2.5805],[127.35,-3.2547],[127.575,-3.7038],[127.8,-3.9283],[128.025,-3.9283],[128.1907,-3.6457],[128.475,-3.8161],[129.15,-3.9283],[129.825,-4.1528],[130.5,-4.1528],[131.4,-3.9283],[132.3,-3.4793],[132.75,-3.367],[133.0086,-3.1114]]]},"properties":{"id":"smpcs-packet-1","name":"SMPCS Packet-1","owners":"","rfs":"","length":""}},{"type":"Feature","geometry":{"type":"MultiLineString","coordinates":[[[136.575,-5.0499],[136.8896,-4.5502]],[[134.1,-4.1528],[133.7915,-3.6794]],[[132.752,-5.6354],[132.6375,-5.386],[132.6396,-5.1287],[132.8554,-4.4274]],[[134.062,-0.8615],[134.325,-0.7251],[134.55,-0.5564]],[[136.0533,-1.1872],[135.9,-1.4]],[[139.5,-1.6812],[139.3533,-2.1752]],[[140.6691,-2.5916],[140.4,-2.1309],[139.5,-1.6812],[137.7,-1.2313],[136.8,-1.2313],[136.35,-1.4],[135.9,-1.4],[135.45,-1.1751],[135.0,-0.7814],[134.55,-0.5564],[133.65,-0.3314],[132.3,-0.1064],[131.625,-0.3314],[131.2954,-0.8821],[131.0454,-0.7571],[130.8901,-0.6902],[130.39,-0.6902],[130.275,-1.2313],[130.725,-1.6812],[131.4,-2.5805],[131.85,-3.03],[132.3,-3.2547],[132.75,-3.2547],[133.0086,-3.1114],[132.75,-3.4793],[132.6054,-3.6793],[132.6054,-4.1781],[132.8554,-4.4274],[133.65,-4.3771],[134.1,-4.1528],[135.0,-4.7136],[135.9,-4.8257],[136.575,-5.0499],[136.8,-6.1695],[136.8,-8.4011],[137.25,-8.8461],[138.6,-9.0683],[139.95,-8.8461],[140.4051,-8.4991]],[[130.8576,-0.3834],[130.8901,-0.4902],[131.2954,-0.8821]]]},"properties":{"id":"smpcs-packet-2","name":"SMPCS Packet-2","owners":"","rfs":"","length":""}},{"type":"Feature","geometry":{"type":"MultiLineString","coordinates":[[[124.575,0.7614],[124.65,0.5686],[124.65,0.1186],[123.75,-1.0064],[123.3,-1.0907],[123.075,-1.0626],[122.7928,-0.9388]]]},"properties":{"id":"luwuk-tutuyan-cable-system-ltcs","name":"Luwuk Tutuyan Cable System (LTCS)","owners":"","rfs":"","length":""}},{"type":"Feature","geometry":{"type":"MultiLineString","coordinates":[[[117.5785,3.3274],[117.6187,3.1545],[117.9,3.0422],[117.9,2.8175],[117.8194,2.572]]]},"properties":{"id":"tarakan-selor-cable-system-tscs","name":"Tarakan Selor Cable System (TSCS)","owners":"","rfs":"","length":""}},{"type":"Feature","geometry":{"type":"MultiLineString","coordinates":[[[105.1643,-2.0651],[104.9625,-2.1309],[104.85,-2.2433],[104.7375,-2.4681],[104.625,-2.6367],[104.625,-2.8053],[104.7573,-2.991]]]},"properties":{"id":"sumatera-bangka-cable-system-sbcs","name":"Sumatera Bangka Cable System (SBCS)","owners":"","rfs":"","length":""}},{"type":"Feature","geometry":{"type":"MultiLineString","coordinates":[[[114.604,-3.3276],[114.1875,-3.7038],[113.9625,-4.3771],[113.7375,-4.8257],[113.175,-5.7219],[112.725,-6.3931],[112.725,-6.6167],[112.7467,-7.2586],[112.8375,-6.6167],[112.95,-6.3931],[114.386,-6.3217],[116.0708,-6.3217],[117.3799,-6.3931],[118.8,-5.386],[119.4124,-5.1522],[118.8,-5.1619],[116.5831,-4.6287],[114.75,-4.6015],[114.3,-4.3771],[114.3,-3.7038],[114.604,-3.3276]]]},"properties":{"id":"s-u-b-cable-system","name":"S-U-B Cable System","owners":"","rfs":"","length":""}},{"type":"Feature","geometry":{"type":"MultiLineString","coordinates":[[[103.853,1.2941],[103.8375,1.0185],[103.8375,0.7936],[104.175,0.6278],[104.85,0.5123],[105.525,0.1186],[106.2,-0.7814],[106.9855,-2.1309],[107.1,-3.03],[107.1,-4.6015],[106.65,-5.2739],[106.7062,-5.7219],[106.8334,-6.1716],[106.425,-5.7778],[105.8803,-5.9242],[105.75,-6.0017],[105.3,-6.0576],[104.85,-6.6167],[104.85,-7.5098],[105.3,-11.9439],[108.9,-20.4339],[111.15,-27.1538],[112.95,-30.31],[113.85,-31.0838],[115.8573,-31.9534]]]},"properties":{"id":"indigo-west","name":"INDIGO-West","owners":"","rfs":"","length":""}},{"type":"Feature","geometry":{"type":"MultiLineString","coordinates":[[[-46.3281,-23.9618],[-44.9999,-24.1115],[-43.6499,-23.4939],[-43.2096,-22.9035]]]},"properties":{"id":"junior","name":"Junior","owners":"","rfs":"","length":""}},{"type":"Feature","geometry":{"type":"MultiLineString","coordinates":[[[7.9963,58.1511],[8.4376,57.9321],[8.7751,57.5719],[9.1126,57.1471],[9.1126,56.8407],[9.2251,56.7175],[9.2813,56.5938],[9.3376,56.5628],[9.6117,56.5108]]]},"properties":{"id":"skagerrak-4","name":"Skagerrak 4","owners":"","rfs":"","length":""}},{"type":"Feature","geometry":{"type":"MultiLineString","coordinates":[[[145.6293,14.9588],[145.4625,14.9099],[145.125,14.9099]],[[144.7875,14.3657],[145.0125,14.3657],[145.1344,14.1449]],[[144.6947,13.4648],[144.675,13.9293],[144.7875,14.3657],[145.125,14.9099],[145.35,15.1272],[145.6996,15.1518]]]},"properties":{"id":"atisa","name":"Atisa","owners":"","rfs":"","length":""}},{"type":"Feature","geometry":{"type":"MultiLineString","coordinates":[[[-176.175,-13.282],[-175.7248,-13.699],[-175.4998,-14.1358]],[[-178.1581,-14.2968],[-177.7498,-14.5717],[-177.2998,-15.0068]],[[179.3497,-16.808],[179.5499,-17.1686],[179.9999,-17.598]],[[-171.7667,-13.8335],[-171.8998,-13.4803],[-172.2373,-13.2614],[-172.7998,-13.2614],[-175.4998,-14.1358],[-177.2998,-15.0068],[-179.5498,-17.1686],[-179.9998,-17.598]],[[-171.8998,-13.4803],[-172.0123,-13.5897],[-172.1782,-13.6706]],[[178.4374,-18.1238],[178.875,-18.1346],[179.9999,-17.598]]]},"properties":{"id":"tui-samoa","name":"Tui-Samoa","owners":"","rfs":"","length":""}},{"type":"Feature","geometry":{"type":"MultiLineString","coordinates":[[[-9.3316,38.6902],[-9.4315,38.6121],[-9.3527,38.4427],[-9.2027,38.3647],[-9.1027,38.4431]]]},"properties":{"id":"bugio","name":"BUGIO","owners":"","rfs":"","length":""}},{"type":"Feature","geometry":{"type":"MultiLineString","coordinates":[[[-161.1186,71.2456],[-160.6498,70.8005],[-160.0383,70.6369]],[[-168.2998,68.1201],[-166.9498,67.4395],[-165.5998,67.0917],[-163.7998,66.9159],[-162.5967,66.8983]],[[-167.8498,68.6178],[-167.3998,68.4531],[-166.8081,68.3478]],[[-156.7886,71.2906],[-156.5998,71.3837],[-156.5998,71.6689]],[[-148.3384,70.2556],[-148.0498,70.5023],[-148.4998,70.8005],[-155.2498,71.6689],[-158.3998,71.6689],[-161.1186,71.2456],[-162.8998,70.8005],[-166.9498,69.1046],[-167.8498,68.6178],[-168.2998,68.1201],[-168.5248,66.0176],[-168.0748,64.8963],[-166.9498,64.3174],[-166.0498,64.3174],[-165.4064,64.5011]]]},"properties":{"id":"quintillion-subsea-cable-network","name":"Quintillion Subsea Cable Network","owners":"","rfs":"","length":""}},{"type":"Feature","geometry":{"type":"MultiLineString","coordinates":[[[-68.4197,-52.3902],[-68.4581,-52.5475],[-68.6058,-52.6589]]]},"properties":{"id":"arsat-submarine-fiber-optic-cable","name":"ARSAT Submarine Fiber Optic Cable","owners":"","rfs":"","length":""}},{"type":"Feature","geometry":{"type":"MultiLineString","coordinates":[[[115.7467,-8.3863],[115.9332,-8.4011],[116.0473,-8.4855]]]},"properties":{"id":"balok","name":"BALOK","owners":"","rfs":"","length":""}},{"type":"Feature","geometry":{"type":"MultiLineString","coordinates":[[[-6.4289,36.7313],[-7.1999,36.4219],[-8.7749,35.4198],[-10.7999,33.9396],[-14.3999,29.7361],[-14.8499,28.9516],[-15.4507,28.0964]]]},"properties":{"id":"pencan-9","name":"Pencan-9","owners":"","rfs":"","length":""}},{"type":"Feature","geometry":{"type":"MultiLineString","coordinates":[[[34.8949,29.4926],[34.951,29.5123],[35.0071,29.5319]]]},"properties":{"id":"taba-aqaba","name":"Taba-Aqaba","owners":"","rfs":"","length":""}},{"type":"Feature","geometry":{"type":"MultiLineString","coordinates":[[[-46.3281,-23.9618],[-45.8999,-25.1342],[-45.4499,-27.9517],[-47.6999,-32.6128],[-50.8499,-34.4878],[-53.5499,-35.2263],[-54.9502,-34.9004]]]},"properties":{"id":"tannat","name":"Tannat","owners":"","rfs":"","length":""}},{"type":"Feature","geometry":{"type":"MultiLineString","coordinates":[[[-53.5499,-35.2263],[-53.9999,-35.593],[-56.6954,-36.471]]]},"properties":{"id":"tannat","name":"Tannat","owners":"","rfs":"","length":""}},{"type":"Feature","geometry":{"type":"MultiLineString","coordinates":[[[-38.543,-3.7187],[-35.9999,-2.5805],[-34.1999,-2.1309],[-25.1999,-1.9061],[-10.7999,-2.8053],[-3.5999,-2.8053],[0.4501,-1.0813],[6.3001,1.9182],[8.1001,2.4803],[9.0001,2.5927],[9.9102,2.9331]]]},"properties":{"id":"south-atlantic-inter-link-sail","name":"South Atlantic Inter Link (SAIL)","owners":"","rfs":"","length":""}},{"type":"Feature","geometry":{"type":"MultiLineString","coordinates":[[[-63.4499,24.9414],[-65.6999,20.375],[-66.1499,19.1044],[-66.1067,18.4661]],[[-35.5499,0.5686],[-36.8999,-0.7814],[-38.543,-3.7187]],[[-43.2096,-22.9035],[-42.2999,-23.906],[-40.9499,-24.3167],[-37.3499,-23.4939],[-32.8499,-18.0264],[-31.0499,-13.699],[-29.9249,-9.2904],[-31.4999,-4.8257],[-35.5499,0.5686],[-41.3999,7.7449],[-48.5999,14.8012],[-57.5999,21.2164],[-63.4499,24.9414],[-69.2999,29.7361],[-73.3499,33.5655],[-75.5999,35.7857],[-75.8249,36.1499],[-76.0592,36.755]]]},"properties":{"id":"brusa","name":"BRUSA","owners":"","rfs":"","length":""}},{"type":"Feature","geometry":{"type":"MultiLineString","coordinates":[[[-38.543,-3.7187],[-36.4499,-0.7814],[-35.0999,0.5686],[-31.0499,3.716],[-27.8595,7.7166],[-25.6499,11.2947],[-24.2999,14.3657],[-24.0749,14.8012],[-23.3999,16.1023],[-21.5999,19.9526],[-19.5999,22.8847],[-18.4499,24.9414],[-17.6624,27.7636],[-17.4704,28.2756],[-17.0999,28.9516],[-17.1985,29.6903],[-17.5452,32.0743],[-17.3249,32.8123],[-17.0999,33.1897],[-13.9499,35.4198],[-12.1499,36.5124],[-9.4499,37.8567],[-8.8696,37.9572]],[[-23.5212,14.923],[-23.8499,14.8012],[-24.0749,14.8012]],[[-17.0999,33.1897],[-16.8749,32.8123],[-16.9089,32.6473]]]},"properties":{"id":"ellalink","name":"EllaLink","owners":"","rfs":"","length":""}},{"type":"Feature","geometry":{"type":"MultiLineString","coordinates":[[[49.1879,11.2756],[48.6,13.6015]],[[54.1481,17.0958],[54.0,16.5342],[52.65,15.5612],[48.6,13.6015],[45.45,12.8349],[45.1233,10.816],[45.0109,10.4351]]]},"properties":{"id":"gulf2africa-g2a","name":"Gulf2Africa (G2A)","owners":"","rfs":"","length":""}},{"type":"Feature","geometry":{"type":"MultiLineString","coordinates":[[[3.4235,6.4391],[4.0501,4.1649],[5.4001,3.0422],[6.3001,2.8175],[8.1001,2.7051],[9.0001,2.8175],[9.9102,2.9331]]]},"properties":{"id":"nigeria-cameroon-submarine-cable-system-ncscs","name":"Nigeria Cameroon Submarine Cable System (NCSCS)","owners":"","rfs":"","length":""}},{"type":"Feature","geometry":{"type":"MultiLineString","coordinates":[[[-81.7006,12.5847],[-78.2999,10.4108],[-76.4999,9.9679],[-75.5587,9.4964]]]},"properties":{"id":"san-andres-isla-tolu-submarine-cable-sait","name":"San Andres Isla Tolu Submarine Cable (SAIT)","owners":"","rfs":"","length":""}},{"type":"Feature","geometry":{"type":"MultiLineString","coordinates":[[[-135.3139,59.4583],[-135.3851,59.3004],[-135.445,59.2358],[-135.35,59.0826],[-135.2515,58.9614],[-135.2017,58.8088],[-135.0703,58.6845],[-135.0239,58.592],[-134.7473,58.551]]]},"properties":{"id":"lynn-canal-fiber","name":"Lynn Canal Fiber","owners":"","rfs":"","length":""}},{"type":"Feature","geometry":{"type":"MultiLineString","coordinates":[[[-157.5522,20.7328],[-157.1623,20.9014],[-157.0239,21.0934]],[[-156.7597,20.6365],[-156.8969,20.7465]],[[-157.696,21.2776],[-157.746,21.174],[-157.746,20.8939],[-157.5522,20.7328],[-157.3473,20.5623],[-156.8969,20.5623],[-156.7597,20.6365],[-156.4631,20.7822],[-156.4873,20.5858],[-156.3748,20.4805],[-156.0936,20.2695],[-155.8314,20.04]],[[-159.3686,21.9749],[-159.1796,21.9247],[-158.8498,21.6353],[-158.4561,21.4603],[-158.2207,21.4634]]]},"properties":{"id":"hifn-hawaii-island-fibre-network","name":"HIFN (Hawaii Island Fibre Network)","owners":"","rfs":"","length":""}},{"type":"Feature","geometry":{"type":"MultiLineString","coordinates":[[[-157.696,21.2776],[-157.696,21.174],[-157.4998,21.0532],[-157.1623,20.954],[-157.0073,21.0115],[-156.8248,20.954],[-156.7536,20.8802],[-156.7131,20.7822],[-156.4631,20.7822],[-156.4311,20.5858],[-156.3186,20.4805],[-156.0373,20.2695],[-155.8314,20.04]],[[-159.3686,21.9749],[-159.2685,21.8821],[-158.8498,21.5307],[-158.3998,21.3212],[-158.1195,21.3397]]]},"properties":{"id":"hics-hawaii-inter-island-cable-system","name":"HICS (Hawaii Inter-Island Cable System)","owners":"","rfs":"","length":""}},{"type":"Feature","geometry":{"type":"MultiLineString","coordinates":[[[-54.9502,-34.9004],[-55.3499,-35.593],[-55.7999,-35.9581],[-56.6954,-36.471]]]},"properties":{"id":"unisur","name":"Unisur","owners":"","rfs":"","length":""}},{"type":"Feature","geometry":{"type":"MultiLineString","coordinates":[[[-15.7,27.9998],[-15.6374,28.1941],[-15.5249,28.2932],[-14.3999,28.6887],[-13.8273,28.8634]]]},"properties":{"id":"transcan-3","name":"TRANSCAN-3","owners":"","rfs":"","length":""}},{"type":"Feature","geometry":{"type":"MultiLineString","coordinates":[[[-3.355,59.0515],[-3.5999,58.9912],[-3.5999,58.7586],[-3.3766,58.6703]]]},"properties":{"id":"northern-lights","name":"Northern Lights","owners":"","rfs":"","length":""}},{"type":"Feature","geometry":{"type":"MultiLineString","coordinates":[[[-4.1695,51.5581],[-4.0499,51.4819],[-3.0109,51.2936]]]},"properties":{"id":"swansea-brean","name":"Swansea-Brean","owners":"","rfs":"","length":""}},{"type":"Feature","geometry":{"type":"MultiLineString","coordinates":[[[103.9597,1.1335],[104.0066,0.9061],[104.0346,0.7936],[104.0344,0.6278],[104.0063,0.1186],[104.0063,-0.3314],[103.4667,-0.8165]]]},"properties":{"id":"jambi-batam-cable-system-jiba","name":"Jambi-Batam Cable System (JIBA)","owners":"","rfs":"","length":""}},{"type":"Feature","geometry":{"type":"MultiLineString","coordinates":[[[-73.1553,-41.8069],[-73.2527,-41.8724],[-73.5045,-41.9911]]]},"properties":{"id":"segunda-fos-canal-de-chacao","name":"Segunda FOS Canal de Chacao","owners":"","rfs":"","length":""}},{"type":"Feature","geometry":{"type":"MultiLineString","coordinates":[[[103.8507,2.2957],[104.4,2.5365],[105.75,3.2107],[107.1,3.8282],[108.0,4.3893],[108.45,4.3893],[108.9,4.1649],[109.8,2.3679],[110.1375,1.9182],[110.3537,1.5202],[110.475,1.9182],[110.7,2.3679],[111.6,3.0422],[112.5,3.2668],[113.0684,3.197],[113.175,3.716],[113.4,4.1649],[114.0074,4.4253],[114.075,5.062],[115.65,5.9578],[116.0743,5.9813],[115.65,6.0697],[110.7,5.5101],[108.0,5.3981],[105.3,4.6136],[103.725,4.3893],[103.3952,4.1163]]]},"properties":{"id":"sistem-kabel-rakyat-1malaysia-skr1m","name":"Sistem Kabel Rakyat 1Malaysia (SKR1M)","owners":"","rfs":"","length":""}},{"type":"Feature","geometry":{"type":"MultiLineString","coordinates":[[[173.683,-42.4027],[174.15,-42.2925],[174.7125,-41.6232],[174.7671,-41.2805]],[[173.5061,-42.5161],[173.7,-42.7898],[173.25,-43.4468],[172.6362,-43.5321]],[[174.9975,-40.9191],[174.825,-40.947],[174.838,-41.1058]],[[175.05,-39.9333],[174.825,-40.0918],[174.825,-40.6062],[175.052,-40.8628]],[[174.0833,-39.0667],[174.15,-38.8178],[174.2625,-38.4663],[174.6,-37.9359],[174.8718,-37.8014],[174.6,-37.6692],[174.4875,-37.4016],[174.6,-37.0433],[174.7705,-36.8842]]]},"properties":{"id":"aqualink","name":"Aqualink","owners":"","rfs":"","length":""}},{"type":"Feature","geometry":{"type":"MultiLineString","coordinates":[[[-2.9395,59.2798],[-3.0937,59.2414],[-3.1499,59.1838],[-3.0951,59.118]],[[-5.0281,55.7518],[-4.986,55.7473],[-4.9439,55.7428]],[[-4.8673,55.7933],[-4.8839,55.7868],[-4.9005,55.7802]],[[-5.1414,55.6436],[-5.0007,55.6594],[-4.8894,55.693]],[[-5.02,55.8694],[-5.0418,55.864],[-5.0636,55.8586]],[[-5.5334,55.4765],[-5.4209,55.4765],[-5.3321,55.5019]],[[-6.1254,55.6361],[-5.9624,55.5897],[-5.6976,55.5655]],[[-6.0899,55.8468],[-6.0981,55.8472],[-6.1063,55.8477]],[[-5.6146,55.8917],[-5.8582,55.8337],[-5.9538,55.8337]],[[-5.3658,56.0194],[-5.3435,56.0139],[-5.3212,56.0083]],[[-5.6694,56.4558],[-5.5568,56.4558],[-5.4758,56.4378]],[[-6.094,56.6886],[-6.0703,56.6528],[-6.0703,56.6219]],[[-6.8085,56.5038],[-6.7159,56.4661],[-6.3562,56.5821],[-6.2724,56.5821]],[[-5.2454,56.7225],[-5.2395,56.7221],[-5.2337,56.7216]],[[-5.9065,57.0592],[-5.8502,57.0286],[-5.8204,57.0085]],[[-7.3281,57.1055],[-7.3202,57.0935],[-7.3122,57.0815],[-7.3072,57.0776],[-7.3022,57.0736],[-7.3167,57.0495],[-7.3312,57.0253],[-7.3903,57.0253],[-7.4495,57.0253]],[[-7.2741,57.3667],[-7.0382,57.3667],[-6.793,57.5448],[-6.6929,57.5448],[-6.5817,57.4363]],[[-7.0084,57.7694],[-6.9146,57.679],[-7.0223,57.5857],[-7.1634,57.5994]],[[-6.3108,58.2091],[-6.1191,58.1364],[-5.4751,57.977],[-5.1962,57.9341]]]},"properties":{"id":"bt-highlands-and-islands-submarine-cable-system","name":"BT Highlands and Islands Submarine Cable System","owners":"","rfs":"","length":""}},{"type":"Feature","geometry":{"type":"MultiLineString","coordinates":[[[24.9325,60.1712],[24.4126,59.7364],[23.8501,59.6228],[23.1751,59.4517],[22.2751,59.2222],[21.1501,58.6417],[20.2501,57.5719],[19.1251,56.4697],[17.3251,55.8432],[15.3001,55.5897],[14.4001,55.3346],[13.5001,54.9488],[12.6001,54.6895],[12.1501,54.2975],[12.0376,54.166],[12.1325,54.0792]],[[23.1751,59.4517],[22.9501,59.7364],[22.9668,59.8234]]]},"properties":{"id":"c-lion1","name":"C-Lion1","owners":"","rfs":"","length":""}},{"type":"Feature","geometry":{"type":"MultiLineString","coordinates":[[[151.2834,59.5833],[151.2,59.3372],[150.8625,58.9912],[147.6,56.095],[143.55,53.7689],[142.9425,53.5775],[143.55,53.6357],[154.8,52.9634],[156.2871,52.8124]]]},"properties":{"id":"far-east-submarine-cable-system","name":"Far East Submarine Cable System","owners":"","rfs":"","length":""}},{"type":"Feature","geometry":{"type":"MultiLineString","coordinates":[[[-6.3082,49.9199],[-6.0749,50.0229],[-5.6545,50.0431]]]},"properties":{"id":"isles-of-scilly-cable","name":"Isles of Scilly Cable","owners":"","rfs":"","length":""}},{"type":"Feature","geometry":{"type":"MultiLineString","coordinates":[[[121.8961,30.9357],[121.6125,30.9336],[121.275,31.1264],[121.275,31.5108],[121.3953,31.6198]],[[131.4,29.1482],[128.7,26.1593],[127.35,25.5519],[126.0,25.3487],[124.2,24.9414],[122.85,25.0433],[122.175,24.9924],[121.8014,24.8635]],[[140.4,33.5655],[140.175,33.9396],[140.1187,34.405],[140.1468,34.6907],[140.1468,34.8986],[139.9755,35.0054]],[[128.25,30.5145],[128.25,31.6705],[128.475,32.8123],[128.925,34.3122],[128.9995,35.1704]],[[126.0,30.9014],[124.2,31.6705],[122.85,31.8618],[121.95,31.7184],[121.3953,31.6198]],[[180.0,47.1974],[172.8,47.1974],[160.2,44.0515],[149.4,38.6518],[143.1,34.683],[140.4,33.5655],[138.6,32.8123],[136.8,31.6705],[135.0,30.9014],[132.75,30.5145],[131.4,29.1482],[130.5,29.3446],[128.25,30.5145],[126.0,30.9014],[122.175,30.8531],[121.9251,30.8648],[121.8939,30.8995],[121.8961,30.9357]],[[-123.9625,45.2022],[-125.0998,45.6465],[-129.5998,45.9602],[-138.5998,46.5824],[-151.1998,47.1974],[-179.9998,47.1974]]]},"properties":{"id":"new-cross-pacific-ncp-cable-system","name":"New Cross Pacific (NCP) Cable System","owners":"","rfs":"","length":""}},{"type":"Feature","geometry":{"type":"MultiLineString","coordinates":[[[-34.6499,0.5686],[-35.9999,-0.7814],[-38.543,-3.7187]],[[-46.3281,-23.9618],[-44.5499,-25.1794],[-41.3999,-25.3377],[-37.0124,-23.8031],[-31.9497,-18.0253],[-30.1497,-13.6978],[-29.2499,-9.2904],[-31.1624,-4.4893],[-34.6499,0.5686],[-40.4999,7.7449],[-48.5999,15.6695],[-57.5999,20.7963],[-69.2999,25.7547],[-73.3499,27.7636],[-76.9499,27.9625],[-77.8499,27.7636],[-78.7499,27.2647],[-79.6499,26.7636],[-80.0889,26.3506]]]},"properties":{"id":"monet","name":"Monet","owners":"","rfs":"","length":""}},{"type":"Feature","geometry":{"type":"MultiLineString","coordinates":[[[144.6947,13.4648],[144.9,13.2732],[145.35,13.4921],[146.25,14.0385],[147.15,14.1476],[151.2,14.3657],[160.2,15.6695],[179.9999,18.2518]],[[125.0656,1.3786],[126.0,1.9182],[126.45,3.2668],[126.45,5.062],[133.2,9.0803],[137.25,10.8531],[144.0,13.0542],[144.6947,13.4648]],[[125.6129,7.08],[126.0,5.9578],[126.45,5.062]],[[133.2,9.0803],[133.65,8.1905],[134.5609,7.5317]],[[137.25,10.8531],[137.7,9.9679],[138.0615,9.4439]],[[-118.3995,33.8625],[-120.5998,33.2838],[-122.3998,33.0012],[-127.7998,32.8123],[-138.5998,29.7361],[-147.5998,28.1611],[-152.9998,25.7547],[-157.9498,22.6772],[-158.3998,22.053],[-158.4561,21.7398],[-158.4561,21.6353],[-158.2207,21.4634],[-158.3998,21.2688],[-158.8498,21.0065],[-163.7998,19.9526],[-172.7998,19.9526],[-179.9998,18.2518]]]},"properties":{"id":"sea-us","name":"SEA-US","owners":"","rfs":"","length":""}},{"type":"Feature","geometry":{"type":"MultiLineString","coordinates":[[[138.6,32.2432],[136.8,31.0943],[135.0,30.3205],[131.4,29.2465],[129.6,28.9516],[128.25,28.557],[122.85,26.4618],[121.95,25.7547],[121.4626,25.1817]],[[-124.4083,43.1187],[-125.9998,43.0733],[-129.5998,43.7272],[-138.5998,45.0138],[-151.1998,45.9602],[-179.9998,45.9602]],[[140.4,33.1897],[140.0625,33.9396],[140.4,34.405],[140.2875,34.6907],[140.0765,34.8524],[139.9549,34.9766]],[[138.6,32.2432],[140.4,33.1897],[143.1,34.3122],[149.4,37.5898],[160.2,42.7437],[172.8,45.9602],[180.0,45.9602]],[[136.874,34.3368],[137.7,33.1897],[138.6,32.2432]]]},"properties":{"id":"faster","name":"FASTER","owners":"","rfs":"","length":""}},{"type":"Feature","geometry":{"type":"MultiLineString","coordinates":[[[36.4774,45.357],[36.675,45.372],[36.7708,45.4236]]]},"properties":{"id":"kerch-strait-cable","name":"Kerch Strait Cable","owners":"","rfs":"","length":""}},{"type":"Feature","geometry":{"type":"MultiLineString","coordinates":[[[129.925,-10.0115],[130.1625,-9.7342],[130.275,-9.7342],[130.275,-9.9559],[130.1625,-10.1775]],[[129.2062,-11.7788],[129.825,-10.8411],[130.1625,-10.1775],[129.925,-10.0115],[129.7125,-10.0667],[129.6,-10.6201],[129.0375,-11.7237]],[[130.5,-12.2191],[130.5001,-11.9991],[130.6321,-11.7626]],[[118.5772,-20.3134],[118.575,-18.8801],[118.125,-18.2403],[118.2375,-17.598],[120.6,-15.224],[121.6125,-14.8981],[122.2875,-14.0267],[123.3,-13.9175],[124.425,-13.5897],[126.45,-11.5033],[127.35,-11.5033],[129.0375,-11.7237],[129.2062,-11.7788],[129.9376,-11.999],[130.5,-12.2191],[130.8431,-12.4675]]]},"properties":{"id":"north-west-cable-system","name":"North West Cable System","owners":"","rfs":"","length":""}},{"type":"Feature","geometry":{"type":"MultiLineString","coordinates":[[[-154.8998,59.7181],[-154.8764,59.6954],[-154.9436,59.6331],[-155.0451,59.5975],[-155.7936,59.4009],[-155.8947,59.3278],[-155.7764,59.3873],[-155.265,59.4624],[-154.7936,59.47],[-154.7527,59.4422]],[[-154.8467,59.708],[-154.792,59.5279],[-154.7527,59.4422]],[[-154.8588,59.9492],[-154.8526,59.9624],[-154.8477,59.9726],[-154.7081,60.0603],[-154.5581,60.1289],[-154.5176,60.142],[-154.4295,60.1792],[-154.3904,60.1947],[-154.3369,60.2004]],[[-153.8805,59.7761],[-153.9561,59.764],[-154.0358,59.734],[-154.1233,59.712],[-154.2451,59.7017],[-154.392,59.6978],[-154.6474,59.6536],[-154.6951,59.6181],[-154.7545,59.5215],[-154.7527,59.4422]],[[-154.8467,59.708],[-154.9061,59.7547]],[[-153.8805,59.7761],[-153.9545,59.7718],[-154.0436,59.7569],[-154.0936,59.7671],[-154.1061,59.7872],[-154.1201,59.7663],[-154.1687,59.7474],[-154.3154,59.7608],[-154.4733,59.7553],[-154.6464,59.7069],[-154.8217,59.7167],[-154.9061,59.7547]],[[-151.5442,59.6466],[-152.0998,59.6228],[-152.9998,59.5659],[-153.5451,59.6181],[-153.5911,59.6355],[-153.6321,59.6824]]]},"properties":{"id":"terra-sw","name":"TERRA SW","owners":"","rfs":"","length":""}},{"type":"Feature","geometry":{"type":"MultiLineString","coordinates":[[[-149.7322,61.0157],[-149.6314,60.9696],[-149.4837,60.9536],[-149.3514,60.9205],[-149.1951,60.922],[-149.0873,60.8893],[-148.9898,60.8283]]]},"properties":{"id":"alaska-united-turnagain-arm-auta","name":"Alaska United Turnagain Arm (AUTA)","owners":"","rfs":"","length":""}},{"type":"Feature","geometry":{"type":"MultiLineString","coordinates":[[[-151.2917,60.6899],[-151.0416,60.5673],[-150.9166,60.4442],[-151.0416,60.2587],[-151.4192,60.0234],[-151.5442,59.8355],[-151.5442,59.6466],[-152.0998,59.5088],[-152.0998,59.1069],[-151.1998,58.8751],[-146.2498,58.5244],[-139.9498,56.8407],[-139.0498,55.8432],[-137.2498,54.034],[-134.0998,50.7403],[-127.7998,45.3311],[-125.0998,44.0515],[-124.0999,43.9822]],[[-151.2917,60.6899],[-151.2917,60.8484],[-150.2334,61.1573],[-149.8584,61.2176]]]},"properties":{"id":"acs-alaska-oregon-network-akorn","name":"ACS Alaska-Oregon Network (AKORN)","owners":"","rfs":"","length":""}},{"type":"Feature","geometry":{"type":"MultiLineString","coordinates":[[[19.9196,39.6195],[19.5751,39.7848],[19.0126,40.0437],[18.9001,40.3873],[19.1251,41.0693],[19.4501,41.3169],[19.1251,41.4077],[18.1126,42.4124],[18.1065,42.6421]]]},"properties":{"id":"adria-1","name":"Adria-1","owners":"","rfs":"","length":""}},{"type":"Feature","geometry":{"type":"MultiLineString","coordinates":[[[-18.4499,11.7357],[-16.6499,11.7357],[-16.1999,11.6806],[-15.7911,11.7741]],[[6.3001,2.3679],[8.1001,2.5927],[9.0001,2.7051],[9.9102,2.9331]],[[18.45,-33.6933],[17.5501,-33.5553],[16.2001,-32.6128],[14.8501,-30.31],[11.7001,-23.4939],[10.3501,-18.0264],[10.3501,-10.6201],[9.0001,-6.6167],[8.5501,-4.8257],[6.9876,0.1186],[6.7333,0.3333]],[[7.2001,1.0185],[8.5501,0.7936],[9.4543,0.3945]],[[7.2001,1.4684],[9.0001,1.4684],[9.7682,1.8602]],[[3.4235,6.4391],[2.4751,4.1649],[2.2501,3.8282]],[[2.4401,6.3567],[1.8001,5.062],[1.8001,3.8282]],[[-0.2043,5.5583],[-0.6749,3.2798],[-0.6749,2.8305]],[[-10.7972,6.3004],[-12.5999,4.6136]],[[-13.2381,8.4854],[-14.8499,6.8522]],[[-15.7499,7.7449],[-13.7038,9.5134]],[[-17.9999,13.4921],[-17.0999,13.4921],[-16.5814,13.4561]],[[-15.9783,18.0839],[-17.0999,18.2518],[-18.4499,18.2518]],[[-4.3385,47.811],[-5.8499,47.6541],[-7.6499,46.8908],[-10.7999,43.4011],[-10.7999,39.6983],[-10.3499,39.0024],[-9.3316,38.6902],[-9.8999,38.2995],[-11.2499,36.5124],[-11.6999,35.4198],[-13.2749,32.0527],[-14.1749,29.7361],[-14.7374,28.1611],[-15.2999,26.9643]],[[2.4751,4.1649],[5.4001,2.5927],[6.3001,2.3679],[7.2001,1.4684],[7.2001,1.0185],[6.7333,0.3333]],[[-16.518,28.0591],[-16.1999,27.5643],[-15.2999,26.9643],[-17.0999,22.8847],[-18.4499,19.9526],[-18.4499,16.5342],[-17.9999,15.2358],[-17.4457,14.6866],[-17.9999,13.9293],[-17.9999,13.4921],[-18.4499,11.7357],[-17.0999,8.6357],[-15.7499,7.7449],[-14.8499,6.8522],[-12.5999,4.6136],[-10.7999,2.8175],[-5.3999,2.8175],[-4.3874,3.2668],[-4.0262,5.3235],[-3.8249,3.2668],[-3.1499,2.8175],[-0.6749,2.8305],[1.5751,3.8282],[2.2501,3.8282]]]},"properties":{"id":"africa-coast-to-europe-ace","name":"Africa Coast to Europe (ACE)","owners":"","rfs":"","length":""}},{"type":"Feature","geometry":{"type":"MultiLineString","coordinates":[[[-146.3534,61.1304],[-146.5655,61.1212],[-146.6739,61.0735],[-146.8291,60.9761],[-146.8992,60.8679],[-147.0832,60.811],[-147.5216,60.7883],[-147.89,60.7797],[-148.0317,60.7704],[-148.2118,60.7937],[-148.3284,60.7937],[-148.3986,60.7968],[-148.5216,60.7813],[-148.6847,60.773]],[[-138.1498,57.0861],[-136.718,58.138],[-136.5253,58.1778],[-136.4218,58.2366],[-136.2804,58.2616],[-136.0587,58.2765],[-135.8456,58.3194],[-135.6721,58.325],[-135.4742,58.2542],[-135.4246,58.2281],[-135.3117,58.172],[-135.169,58.1517],[-135.0407,58.1606],[-134.967,58.1978],[-134.9833,58.2898],[-134.9995,58.3558],[-135.0003,58.429],[-134.9233,58.4508],[-134.8432,58.4122],[-134.7605,58.3462],[-134.7014,58.3395],[-134.6032,58.3564],[-134.5422,58.3484],[-134.4069,58.2996]],[[-122.3158,47.8241],[-122.8498,48.2568],[-123.7498,48.3316],[-124.6498,48.5555],[-125.0998,48.5555],[-131.3998,50.7403],[-134.5498,54.034],[-135.8998,55.8432],[-138.1498,57.0861],[-144.8998,58.5244],[-147.5998,59.4517],[-147.98,59.8495],[-147.8607,59.9573],[-147.7613,60.0159],[-147.7293,60.1021],[-147.6152,60.2377],[-147.5333,60.3045],[-147.4591,60.479],[-147.4769,60.5903],[-147.6338,60.6202],[-147.8644,60.6208],[-148.0361,60.665],[-148.0361,60.6994],[-148.0864,60.7582],[-148.1958,60.7821],[-148.3258,60.7809],[-148.4135,60.7862],[-148.5182,60.7722],[-148.6847,60.773]]]},"properties":{"id":"alaska-united-east-au-east","name":"Alaska United East (AU-East)","owners":"","rfs":"","length":""}},{"type":"Feature","geometry":{"type":"MultiLineString","coordinates":[[[-131.6479,55.342],[-131.6279,55.1805],[-131.7476,54.9936],[-131.6248,54.8194],[-131.8498,54.5593],[-133.1998,54.5593],[-134.9998,54.4286],[-136.3498,54.034]],[[-149.4477,60.11],[-148.0498,59.4517],[-145.7998,58.5244],[-139.4998,56.8407],[-138.5998,55.8432],[-136.3498,54.034],[-133.1998,50.7403],[-127.7998,47.5023],[-125.0998,46.4275],[-123.9238,46.1652]]]},"properties":{"id":"alaska-united-west-au-west","name":"Alaska United West (AU-West)","owners":"","rfs":"","length":""}},{"type":"Feature","geometry":{"type":"MultiLineString","coordinates":[[[-75.8289,20.0293],[-76.0499,19.5291],[-76.7249,18.6786],[-77.1032,18.3987]],[[-75.7124,19.9637],[-75.5999,19.1044],[-75.1499,18.2518],[-71.0999,15.6695],[-67.9499,12.6154],[-67.0499,11.2947],[-66.8896,10.6035]]]},"properties":{"id":"alba-1","name":"ALBA-1","owners":"","rfs":"","length":""}},{"type":"Feature","geometry":{"type":"MultiLineString","coordinates":[[[29.8935,31.1915],[30.1501,31.6705],[35.55,34.7755],[35.8978,34.8917]]]},"properties":{"id":"aletar","name":"Aletar","owners":"","rfs":"","length":""}},{"type":"Feature","geometry":{"type":"MultiLineString","coordinates":[[[-69.8786,12.4146],[-69.7499,12.2858],[-69.0749,12.0109],[-68.8926,12.0904]]]},"properties":{"id":"alonso-de-ojeda","name":"Alonso de Ojeda","owners":"","rfs":"","length":""}},{"type":"Feature","geometry":{"type":"MultiLineString","coordinates":[[[2.9014,36.8002],[2.7001,37.2324],[2.7001,38.6518],[2.971,39.3548]]]},"properties":{"id":"alpal-2","name":"ALPAL-2","owners":"","rfs":"","length":""}},{"type":"Feature","geometry":{"type":"MultiLineString","coordinates":[[[-64.9371,18.373],[-64.7999,18.8917],[-65.0249,20.7963],[-66.8249,23.7113],[-69.2999,26.7636],[-73.3499,28.7545],[-76.0499,28.557],[-77.3999,28.3592],[-79.6499,27.7636],[-80.3943,27.6387]]]},"properties":{"id":"americas-i-north","name":"Americas-I North","owners":"","rfs":"","length":""}},{"type":"Feature","geometry":{"type":"MultiLineString","coordinates":[[[-68.2766,12.1511],[-68.5124,12.0659],[-68.8926,12.0904]]]},"properties":{"id":"amerigo-vespucci","name":"Amerigo Vespucci","owners":"","rfs":"","length":""}},{"type":"Feature","geometry":{"type":"MultiLineString","coordinates":[[[-69.9833,18.5003],[-69.6936,18.1449],[-69.2999,17.931],[-68.5124,17.931],[-68.2874,18.2518],[-68.4382,18.6214],[-68.1749,18.7852],[-67.4999,19.1044],[-67.0499,18.9981],[-66.4874,18.7852],[-66.0828,18.4536]],[[-66.0828,18.4536],[-66.0498,18.4477],[-66.0169,18.4418]]]},"properties":{"id":"antillas-1","name":"Antillas 1","owners":"","rfs":"","length":""}},{"type":"Feature","geometry":{"type":"MultiLineString","coordinates":[[[103.8507,2.2957],[104.3289,2.1401],[104.4,1.9182],[104.2881,1.4684],[104.1779,1.2634],[104.1378,1.2634]],[[103.9465,1.3273],[104.1378,1.2634]],[[103.9626,1.1347],[104.0156,1.2232],[104.1378,1.2634]]]},"properties":{"id":"seax-1","name":"SEAX-1","owners":"","rfs":"","length":""}},{"type":"Feature","geometry":{"type":"MultiLineString","coordinates":[[[-72.8722,40.8006],[-71.0999,40.2157],[-68.3999,40.5585],[-61.1999,40.7292],[-50.3999,42.0792],[-39.5999,44.3741],[-23.3999,48.4064],[-16.1999,49.2947],[-10.7999,50.1673],[-8.0999,50.4546],[-5.3999,50.8825],[-4.5444,50.8282]],[[-74.0471,40.1235],[-71.0999,39.6983],[-68.3999,39.3512],[-61.1999,38.2995],[-50.3999,38.4759],[-39.5999,39.6983],[-23.3999,44.0515],[-16.1999,45.9602],[-5.3999,49.1477],[-4.4999,49.0003],[-3.4599,48.7306]]]},"properties":{"id":"apollo","name":"Apollo","owners":"","rfs":"","length":""}},{"type":"Feature","geometry":{"type":"MultiLineString","coordinates":[[[-74.195,22.6299],[-74.4749,22.6772],[-74.5874,22.8847],[-74.4749,23.2986],[-74.4749,23.7113],[-74.9249,24.2253],[-75.5259,24.4033],[-75.7789,24.4103],[-76.4999,24.5327],[-76.9499,24.9414],[-77.3402,25.0672],[-77.8499,25.1452],[-79.1999,25.7547],[-80.1622,25.9332]],[[-72.1194,21.8511],[-72.4499,22.4694],[-73.3499,22.8847],[-73.7999,22.8847],[-74.195,22.6299]],[[-66.0169,18.4418],[-66.4874,18.6254],[-67.0499,18.6786],[-67.3874,18.4654],[-67.6124,17.8239],[-68.3999,13.9293],[-68.8926,12.0904],[-69.0749,11.9559],[-69.7499,12.1759],[-70.1282,12.355],[-70.4249,12.1759],[-70.2043,11.7088],[-70.4249,11.7357],[-70.6499,12.1759],[-71.3249,12.6154],[-71.9999,12.6154],[-72.6749,12.1759],[-72.8999,11.7357],[-72.9527,11.4831],[-73.3499,11.7357],[-73.7999,11.7357],[-74.6999,11.5153],[-75.3749,11.074],[-75.5057,10.3868],[-76.0499,10.4108],[-79.0874,9.9679],[-79.7535,9.4376],[-80.0999,9.7462],[-82.3499,9.9679],[-83.0377,9.9886],[-83.2499,11.2947],[-83.4749,11.7357],[-83.7715,11.9917],[-83.4749,12.1759],[-83.2499,12.6154],[-83.2499,13.4921],[-83.3964,14.0161],[-83.0249,14.3657],[-82.9124,15.0186],[-83.2499,15.4528],[-83.4749,15.4528],[-83.7768,15.2613]],[[-72.1194,21.8511],[-71.9999,21.6353],[-70.7624,20.375],[-70.6912,19.7994],[-70.1999,19.9526],[-69.2999,19.741],[-68.6249,19.1044],[-68.5124,18.8917],[-68.4382,18.6214],[-68.1749,18.8917],[-67.4999,19.2107],[-67.0499,19.1044],[-66.4874,18.8384],[-66.0169,18.4418]],[[-83.7768,15.2613],[-83.6999,15.6695],[-84.1499,16.1023],[-85.0499,16.1023],[-85.9547,15.9152],[-86.3999,16.1023],[-86.8499,16.1023],[-87.9462,15.845],[-88.1999,15.886],[-88.5971,15.7272],[-88.4249,16.1023],[-88.0874,16.5342],[-87.9749,16.9651],[-88.1822,17.4964],[-87.7499,17.8239],[-87.5249,18.2518],[-87.2999,19.5291],[-87.2999,19.9526],[-87.4635,20.2127],[-87.1874,20.0583],[-86.8499,20.164],[-86.6249,20.375],[-86.6249,20.7963],[-86.7676,21.0957],[-86.5124,21.3212],[-86.1749,21.426],[-85.9499,21.6353],[-84.8249,23.2986],[-83.2499,24.1226],[-80.9999,24.3278],[-80.3249,24.7372],[-79.9874,25.3487],[-80.1622,25.9332]]]},"properties":{"id":"arcos","name":"ARCOS","owners":"","rfs":"","length":""}},{"type":"Feature","geometry":{"type":"MultiLineString","coordinates":[[[-179.9998,19.1044],[-172.7998,20.7963],[-163.7998,20.7963],[-158.8498,21.1115],[-158.3998,21.4784],[-158.242,21.5488],[-158.3436,21.7398],[-158.2873,22.053],[-157.9498,22.4694],[-152.9998,24.9414],[-147.5998,27.3647],[-138.5998,28.9516],[-127.7998,32.4333],[-122.3998,34.8678],[-120.6625,35.2856]],[[100.9306,13.1744],[100.6875,12.8349],[100.4625,12.1759],[100.35,11.2947],[101.025,9.5244],[103.275,7.9678],[105.3,6.6287],[108.0,5.9578]],[[179.9999,19.1044],[160.2,16.5342],[151.2,15.2358],[147.15,14.3657],[146.25,14.1476],[145.35,13.5468],[144.9,13.328],[144.8095,13.5491],[144.0,13.4921],[143.1,13.7108],[138.6,14.8012],[131.4,16.5342],[126.0,18.2518],[122.4,18.8917],[121.05,19.1044],[120.375,18.6786],[120.15,16.9651],[120.3897,16.5826],[119.925,16.9651],[117.0,18.2518],[115.3125,19.5291],[114.525,20.375],[113.7937,21.6353],[113.9491,22.2715],[113.7375,21.6353],[113.5125,20.7963],[113.4,18.2518],[111.15,12.6154],[110.7,9.9679],[109.35,7.2988],[108.0,5.9578],[106.65,5.062],[105.75,4.6136],[103.8507,2.2957],[104.4,2.2555],[104.7731,1.9615],[104.6812,1.4684],[104.2879,1.2156],[104.1544,1.1978],[103.987,1.3895]],[[109.35,7.2988],[114.3,5.2861],[114.8856,4.9268]],[[107.0792,10.3421],[107.775,9.7462],[108.675,9.5244],[110.25,9.7462],[110.7,9.9679]]]},"properties":{"id":"asia-america-gateway-aag-cable-system","name":"Asia-America Gateway (AAG) Cable System","owners":"","rfs":"","length":""}},{"type":"Feature","geometry":{"type":"MultiLineString","coordinates":[[[-72.9123,40.7735],[-71.0999,40.6439],[-68.3999,41.4077],[-61.1999,42.7437],[-50.3999,45.1727],[-39.5999,48.1068],[-23.3999,53.5021],[-16.1999,55.5897],[-8.9999,59.2222],[-5.3999,59.7931],[-1.7999,59.5659],[1.8001,58.6417],[5.4001,56.4697],[7.6501,55.0778],[8.1001,54.9488],[8.3834,54.8984]],[[-5.6985,50.0787],[-6.2999,50.1673],[-8.0999,50.1673],[-10.7999,49.8781],[-16.1999,48.7042],[-23.3999,47.1974],[-39.5999,43.0733],[-50.3999,41.0693],[-61.1999,40.0437],[-68.3999,40.2157],[-71.0999,40.0437],[-72.9123,40.7735]],[[8.3834,54.8984],[8.1001,54.8194],[7.2001,54.5593],[5.4001,53.7689],[4.5001,53.2336],[4.2751,52.8277],[4.3876,52.6233],[4.6568,52.4864],[4.2751,52.4865],[3.6001,52.3569],[3.1501,52.1426],[2.4751,51.5868],[1.4615,50.981],[0.9001,50.5262],[0.0001,50.1673],[-2.2499,50.0229],[-3.5999,49.8781],[-4.4999,49.8056],[-5.3999,49.8781],[-5.6985,50.0787]]]},"properties":{"id":"atlantic-crossing-1-ac-1","name":"Atlantic Crossing-1 (AC-1)","owners":"","rfs":"","length":""}},{"type":"Feature","geometry":{"type":"MultiLineString","coordinates":[[[-6.0358,35.4706],[-5.8499,35.7857],[-5.6249,35.8313],[-4.4999,36.1499],[-2.2499,36.2407],[2.2501,38.1227],[4.0501,39.0024],[5.0626,40.0437],[5.1751,41.7444],[5.3725,43.2936]]]},"properties":{"id":"atlas-offshore","name":"Atlas Offshore","owners":"","rfs":"","length":""}},{"type":"Feature","geometry":{"type":"MultiLineString","coordinates":[[[136.874,34.3368],[137.7,34.1261],[138.6,34.2192],[139.5,34.575],[139.9219,34.7601],[140.0625,34.8986],[140.1082,34.9678],[140.0625,35.0138],[139.9755,35.0054]],[[151.2285,-33.882],[151.2451,-33.8089],[151.2451,-33.7371],[152.1,-33.4615],[154.8,-31.8515]],[[148.5,13.4921],[147.15,13.9293],[146.25,13.9293],[145.35,13.7108],[144.8095,13.5491],[144.8044,13.5294],[144.8004,13.5137],[145.35,13.0542],[146.25,12.6154],[147.15,12.6154],[148.5,13.0542]],[[136.874,34.3368],[137.7,33.2838],[138.6,32.623],[140.85,31.6705],[143.55,30.9014]],[[139.9755,35.0054],[140.1609,34.8986],[140.175,34.6907],[140.175,34.405],[140.2875,33.9396],[142.2,32.8123],[143.55,30.9014],[147.6,23.2986],[148.95,16.5342],[148.5,13.4921],[148.5,13.0542],[151.2,9.9679],[153.45,8.1905],[156.15,4.1649],[157.5,-0.3314],[158.4,-3.03],[159.975,-4.8257],[162.0,-6.6167],[162.9,-8.4011],[163.35,-10.1775],[162.9,-13.699],[160.2,-18.8801],[158.4,-25.5409],[156.6,-28.7438],[154.8,-31.8515],[152.1,-33.5553],[151.2285,-33.882]]]},"properties":{"id":"australia-japan-cable-ajc","name":"Australia-Japan Cable (AJC)","owners":"","rfs":"","length":""}},{"type":"Feature","geometry":{"type":"MultiLineString","coordinates":[[[140.751,36.8019],[141.1875,35.7857],[141.075,35.4198],[140.9625,35.1749],[140.3437,34.9831],[140.0625,34.9793],[139.9549,34.9766],[140.0484,34.8524],[140.2312,34.6907],[140.2875,34.405],[139.8375,33.9396],[139.725,32.4333],[139.05,30.9014],[137.7,29.9313],[135.0,29.1482],[128.7,25.9572],[127.35,25.3487],[126.0,25.1452],[125.1,25.1452],[123.75,25.4503],[122.85,25.6533],[121.95,25.5519],[121.4626,25.1817],[121.95,25.247],[122.2875,24.9414],[122.625,24.0199],[122.175,22.4694],[121.0278,21.7713],[120.1279,21.7713],[118.8,22.2093],[118.35,22.4175],[117.2812,22.8847],[116.6775,23.355],[116.775,22.4694],[116.55,20.7963],[115.65,18.2518],[114.75,14.8012],[114.3,13.0542],[113.4,9.9679],[111.6,7.7449],[109.125,5.9578],[108.45,5.5101],[108.0,5.2861],[107.1,4.7257],[105.75,3.9405],[104.9062,2.8175],[104.4846,1.4684],[104.2879,1.2998],[104.1592,1.2111],[103.895,1.3095]],[[103.895,1.3095],[104.197,1.3157],[104.2879,1.37],[104.3443,1.4684],[104.625,2.3679],[103.95,3.4914],[103.3227,3.8152],[103.95,4.0527],[108.0,7.0755],[108.45,7.7449],[109.8,9.9679],[110.7,12.6154],[113.175,18.2518],[113.4,20.7963],[113.6812,21.6353],[113.9491,22.2715],[114.2438,21.8443],[115.2,21.3212],[116.55,21.1115],[118.8,21.426],[121.0278,21.248],[122.85,21.426],[123.75,22.053],[124.65,24.1226],[124.8187,25.5519],[124.9875,26.1593],[124.65,30.5145],[122.85,31.6705],[121.95,31.6226],[121.3953,31.6198],[121.95,31.814],[122.85,32.0527],[124.2,32.0527],[128.5828,31.1576],[129.15,30.9014],[130.5,29.7361],[132.75,29.5405],[135.0,29.5405],[137.7,30.3205],[139.05,31.0943],[140.4,32.4333],[142.425,35.0522],[141.975,36.5124],[140.751,36.8019]],[[128.5828,31.1576],[128.475,31.6705],[128.7,32.8123],[129.0375,34.3122],[128.9995,35.1704],[129.2625,34.3122],[129.15,32.8123],[128.925,31.6705],[129.15,30.9014]],[[114.75,14.8012],[117.0,13.9293],[118.8,13.7108],[120.15,13.6015],[121.066,13.7624],[120.15,13.3827],[118.8,13.2732],[117.0,13.0542],[115.65,12.9445],[114.75,12.9445],[114.3,13.0542]]]},"properties":{"id":"apcn-2","name":"APCN-2","owners":"","rfs":"","length":""}},{"type":"Feature","geometry":{"type":"MultiLineString","coordinates":[[[105.975,-10.3988],[105.8625,-10.3988],[105.6971,-10.4374]],[[105.75,-5.9457],[105.8839,-6.0737]],[[103.9465,1.3273],[103.7813,1.0185],[103.7813,0.7936],[104.175,0.5133],[104.85,0.4008],[105.3,0.1186],[105.975,-0.7814],[106.875,-2.1309],[106.9875,-3.03],[106.875,-4.6015],[106.5375,-5.1619],[106.3125,-5.498],[105.75,-5.9457],[105.3,-6.1695],[105.075,-6.6167],[105.3,-7.5098],[105.975,-10.3988],[106.2,-11.9439],[109.8,-20.4339],[112.05,-27.1538],[113.4,-30.31],[113.85,-30.8909],[115.8573,-31.9534]]]},"properties":{"id":"australia-singapore-cable-asc","name":"Australia-Singapore Cable (ASC)","owners":"","rfs":"","length":""}},{"type":"Feature","geometry":{"type":"MultiLineString","coordinates":[[[-27.9634,39.0114],[-28.1249,38.8273],[-28.3499,38.8273],[-28.3499,38.7396],[-28.2131,38.6843],[-28.4624,38.6518],[-28.6475,38.5254],[-28.5749,38.4759],[-28.4612,38.4327],[-28.3499,38.2995],[-25.2969,36.9025],[-25.1412,36.9572],[-25.0723,36.876],[-24.9186,36.9568],[-24.9749,37.2324],[-25.5374,37.5898],[-25.6687,37.7396],[-25.8749,37.5898],[-26.7749,37.9455],[-26.9999,38.4759],[-27.2158,38.6589],[-27.4499,38.6518],[-27.6749,38.6518],[-27.9634,39.0114]]]},"properties":{"id":"azores-fiber-optic-system-afos","name":"Azores Fiber Optic System (AFOS)","owners":"","rfs":"","length":""}},{"type":"Feature","geometry":{"type":"MultiLineString","coordinates":[[[-80.3943,27.6387],[-79.6499,27.3647],[-78.802,26.5396],[-78.5249,26.1593],[-77.7374,25.3487],[-77.3402,25.0672]]]},"properties":{"id":"bahamas-2","name":"Bahamas 2","owners":"","rfs":"","length":""}},{"type":"Feature","geometry":{"type":"MultiLineString","coordinates":[[[-75.7801,23.5166],[-75.5999,23.7113],[-75.1499,23.8142],[-74.8405,23.6522]],[[-73.7999,22.781],[-74.0249,22.8847],[-74.3624,23.2986],[-74.3624,23.7113],[-74.5257,24.0526]],[[-77.3995,26.0253],[-77.9624,26.1593],[-78.7367,26.517]],[[-77.3402,25.0672],[-77.3999,25.3487],[-78.1874,26.1593],[-78.7367,26.517]],[[-77.3402,25.0672],[-77.3999,24.9414],[-77.8446,24.6897]],[[-76.2406,25.1962],[-76.2406,25.2944],[-76.8312,25.712],[-77.2874,25.7547],[-77.3995,26.0253]],[[-76.2406,25.1962],[-76.9499,25.0433],[-77.3402,25.0672]],[[-75.7801,23.5166],[-75.7124,23.7113],[-76.0499,24.2594],[-76.5745,24.425],[-76.0499,24.5327],[-75.9374,24.9414],[-76.2406,25.1962]],[[-75.5259,24.4033],[-75.8249,24.5327],[-75.8249,24.9414],[-76.2406,25.1962]],[[-75.7334,22.1833],[-75.5999,22.4694],[-75.5999,23.2986],[-75.1499,23.7113],[-74.8405,23.6522]],[[-73.683,20.9505],[-73.7999,21.2164],[-75.1499,21.8443],[-75.7334,22.1833]],[[-74.9662,23.0983],[-74.8666,23.2986],[-74.8405,23.6522]],[[-74.5257,24.0526],[-74.8124,23.2986],[-74.9662,23.0983]],[[-74.5257,24.0526],[-74.9249,24.3278],[-75.5259,24.4033]],[[-73.0641,22.4017],[-73.3499,22.781],[-73.7999,22.781]],[[-73.683,20.9505],[-73.5749,21.426],[-73.3499,22.053],[-73.0641,22.4017]],[[-73.683,20.9505],[-73.8459,20.1448],[-73.9124,19.9526],[-73.6874,19.1044],[-72.8343,18.6119],[-72.5103,18.6119],[-72.3431,18.5429]]]},"properties":{"id":"bahamas-domestic-submarine-network-bdsni","name":"Bahamas Domestic Submarine Network (BDSNi)","owners":"","rfs":"","length":""}},{"type":"Feature","geometry":{"type":"MultiLineString","coordinates":[[[-78.7367,26.517],[-79.1999,26.3611],[-79.6499,26.3611],[-80.0889,26.3506]],[[-76.7877,25.4078],[-77.1749,25.5519],[-77.3999,25.7547],[-77.3995,26.0253],[-77.3999,26.1593],[-77.1749,26.2602],[-77.1749,26.5625],[-77.3999,26.864],[-77.8219,26.9125],[-77.9624,26.8472],[-78.0749,26.7971],[-78.1517,26.7031],[-78.2999,26.6716],[-78.5249,26.5963],[-78.7367,26.517],[-79.1999,26.4618],[-79.6499,26.4618],[-80.0677,26.3783]],[[-78.7367,26.517],[-78.2999,26.1593],[-77.5124,25.3487],[-77.453,25.0684],[-77.3999,25.3487],[-77.1749,25.4503],[-76.7877,25.4078]]]},"properties":{"id":"bahamas-internet-cable-system-bics","name":"Bahamas Internet Cable System (BICS)","owners":"","rfs":"","length":""}},{"type":"Feature","geometry":{"type":"MultiLineString","coordinates":[[[-0.377,39.4596],[0.4501,39.3512],[2.2501,39.3512],[2.6053,39.5523]]]},"properties":{"id":"balalink","name":"Balalink","owners":"","rfs":"","length":""}},{"type":"Feature","geometry":{"type":"MultiLineString","coordinates":[[[11.94,54.5772],[12.6001,54.6244],[13.5001,54.8841],[14.8501,54.9488],[14.9922,55.0311]],[[13.8283,55.4313],[13.9501,55.3346],[14.4001,55.0133],[14.8501,55.0133],[14.9922,55.0311],[15.0751,54.8841],[15.4126,54.5593],[15.5751,54.1726]]]},"properties":{"id":"baltica","name":"Baltica","owners":"","rfs":"","length":""}},{"type":"Feature","geometry":{"type":"MultiLineString","coordinates":[[[146.1197,-38.8199],[146.025,-39.1676],[145.8,-40.5492],[145.6238,-40.9505]]]},"properties":{"id":"bass-strait-1","name":"Bass Strait-1","owners":"","rfs":"","length":""}},{"type":"Feature","geometry":{"type":"MultiLineString","coordinates":[[[145.7297,-38.6333],[145.575,-39.1676],[145.35,-40.5492],[145.2941,-40.7602]]]},"properties":{"id":"bass-strait-2","name":"Bass Strait-2","owners":"","rfs":"","length":""}},{"type":"Feature","geometry":{"type":"MultiLineString","coordinates":[[[147.0713,-38.4434],[147.0375,-38.8178],[146.925,-40.5492],[146.8502,-41.0331]]]},"properties":{"id":"basslink","name":"Basslink","owners":"","rfs":"","length":""}},{"type":"Feature","geometry":{"type":"MultiLineString","coordinates":[[[103.987,1.3895],[103.95,1.1854],[103.9626,1.1347]]]},"properties":{"id":"batam-singapore-cable-system-bscs","name":"Batam Singapore Cable System (BSCS)","owners":"","rfs":"","length":""}},{"type":"Feature","geometry":{"type":"MultiLineString","coordinates":[[[21.5701,57.3897],[21.1501,57.3905],[19.3501,57.7524],[19.0419,57.863],[18.9001,58.0513],[18.5626,58.6417],[18.5626,59.1069],[18.3376,59.2797],[18.0628,59.3323]]]},"properties":{"id":"sweden-latvia","name":"Sweden-Latvia","owners":"","rfs":"","length":""}},{"type":"Feature","geometry":{"type":"MultiLineString","coordinates":[[[21.0827,56.0285],[20.7001,56.1577],[19.1251,57.3298],[18.8295,57.4397]]]},"properties":{"id":"bcs-east-west-interlink","name":"BCS East-West Interlink","owners":"","rfs":"","length":""}},{"type":"Feature","geometry":{"type":"MultiLineString","coordinates":[[[24.9325,60.1712],[24.4126,59.9061],[23.8501,59.7931],[22.9668,59.8234],[22.6126,59.9061],[22.2751,60.0187],[22.2986,60.3058],[22.0501,60.0749],[21.3751,59.8496],[20.2501,59.7364],[19.9126,59.9624],[19.9378,60.114],[19.6876,59.9624],[19.1251,59.6228],[18.6884,59.2928]]]},"properties":{"id":"bcs-north---phase-1","name":"BCS North - Phase 1","owners":"","rfs":"","length":""}},{"type":"Feature","geometry":{"type":"MultiLineString","coordinates":[[[26.8836,60.5011],[27.0001,60.3543],[27.1688,60.1309],[27.4501,59.9624],[28.1251,59.8496],[28.5,59.8]],[[26.8836,60.5011],[26.7751,60.3543],[26.1001,60.1309],[25.2001,60.1309],[24.9325,60.1712]]]},"properties":{"id":"bcs-north---phase-2","name":"BCS North - Phase 2","owners":"","rfs":"","length":""}},{"type":"Feature","geometry":{"type":"MultiLineString","coordinates":[[[35.8978,34.8917],[35.775,34.683],[35.8592,34.4397],[35.55,34.3122],[35.4851,33.8926],[35.325,33.5655],[35.3864,33.4502]]]},"properties":{"id":"berytar","name":"BERYTAR","owners":"","rfs":"","length":""}},{"type":"Feature","geometry":{"type":"MultiLineString","coordinates":[[[78.1452,8.8025],[78.3,8.1905],[79.2,6.8522],[79.8668,6.8331]]]},"properties":{"id":"bharat-lanka-cable-system","name":"Bharat Lanka Cable System","owners":"","rfs":"","length":""}},{"type":"Feature","geometry":{"type":"MultiLineString","coordinates":[[[-54.9502,-34.9004],[-55.5749,-35.593],[-56.0249,-35.9581],[-56.6954,-36.471]]]},"properties":{"id":"bicentenario","name":"Bicentenario","owners":"","rfs":"","length":""}},{"type":"Feature","geometry":{"type":"MultiLineString","coordinates":[[[21.6164,63.0954],[21.3751,63.0967],[21.1501,63.0967],[20.7001,63.2743],[20.4751,63.5262],[20.3943,63.7025],[20.263,63.826]]]},"properties":{"id":"botnia","name":"Botnia","owners":"","rfs":"","length":""}},{"type":"Feature","geometry":{"type":"MultiLineString","coordinates":[[[-3.3571,54.2109],[-3.5999,54.166],[-4.2749,54.166],[-4.4239,54.1673],[-4.2091,54.2516],[-4.2653,54.441],[-4.5227,54.441],[-4.6352,54.3755],[-4.6914,54.2224],[-5.2352,54.3023],[-5.5594,54.3023]]]},"properties":{"id":"bt-mt-1","name":"BT-MT-1","owners":"","rfs":"","length":""}},{"type":"Feature","geometry":{"type":"MultiLineString","coordinates":[[[35.4851,33.8926],[35.5219,33.9007],[35.563,33.8919]],[[33.6106,34.8273],[33.9751,34.683],[35.4851,33.8926]]]},"properties":{"id":"cadmos","name":"CADMOS","owners":"","rfs":"","length":""}},{"type":"Feature","geometry":{"type":"MultiLineString","coordinates":[[[-16.3477,33.0473],[-16.4249,32.8123],[-16.6499,32.623],[-16.9089,32.6473],[-17.1251,32.5589],[-18.4499,32.8123],[-24.7499,36.1499],[-25.6499,36.8732],[-25.7624,37.5898],[-25.6687,37.7396]]]},"properties":{"id":"cam-ring","name":"CAM Ring","owners":"","rfs":"","length":""}},{"type":"Feature","geometry":{"type":"MultiLineString","coordinates":[[[-16.4126,28.3106],[-16.0312,28.392],[-15.7499,28.557],[-14.9624,28.9516],[-13.7249,29.7361],[-10.1249,33.9396],[-8.3249,35.4198],[-6.7499,36.1499],[-6.0871,36.2767]],[[-7.1999,36.5124],[-6.2999,35.6029],[-6.0358,35.4706]],[[-15.5249,28.3592],[-15.4877,28.1344]],[[-15.4124,28.557],[-15.7499,28.5076],[-16.0312,28.3425],[-16.4126,28.3106]],[[-16.518,28.0591],[-16.4249,27.9625],[-16.5374,27.8631],[-16.7624,27.8631],[-16.9812,28.1592],[-17.0999,28.3592],[-17.3648,28.6633],[-17.5898,28.7126],[-17.7652,28.6633]],[[-15.4124,28.557],[-15.2999,28.4582],[-15.2437,28.1611],[-15.2999,28.0618],[-15.3987,27.9594]],[[-6.363,36.6263],[-7.1999,36.5124],[-8.9999,35.4198],[-11.0249,33.9396],[-14.6249,29.7361],[-15.0749,28.9516],[-15.4124,28.557],[-15.5249,28.3592],[-16.0312,28.293],[-16.518,28.0591]]]},"properties":{"id":"canalink","name":"Canalink","owners":"","rfs":"","length":""}},{"type":"Feature","geometry":{"type":"MultiLineString","coordinates":[[[7.2,55.5898],[7.6501,55.5897],[8.3292,55.7517]],[[-7.4249,62.7124],[-7.1999,62.5054],[-7.1472,62.2901]],[[4.5001,55.9693],[4.9501,56.095]],[[4.2285,56.0785],[4.5001,55.9693],[4.5643,55.8043],[4.6126,55.7473],[4.7485,55.7159]],[[7.2001,55.5897],[7.6501,55.2064],[8.1001,55.0133],[8.3834,54.8984]],[[7.2001,55.5897],[6.3001,55.8432],[4.9501,56.095],[3.6001,58.0513],[2.7001,60.3543],[1.8001,61.2326],[0.4501,61.9814],[-2.2499,62.4013],[-7.4249,62.7124],[-10.7999,62.6091],[-16.1999,63.0316],[-18.4499,63.1221],[-19.7999,63.2237],[-20.2673,63.4378]]]},"properties":{"id":"cantat-3","name":"CANTAT-3","owners":"","rfs":"","length":""}},{"type":"Feature","geometry":{"type":"MultiLineString","coordinates":[[[-64.8016,32.2587],[-64.5749,31.2867],[-64.3499,28.1611],[-64.3499,24.9414],[-64.3499,20.7963],[-64.3499,18.8917],[-64.5972,18.4144]]]},"properties":{"id":"caribbean-bermuda-u-s-cbus","name":"Caribbean-Bermuda U.S. (CBUS)","owners":"","rfs":"","length":""}},{"type":"Feature","geometry":{"type":"MultiLineString","coordinates":[[[41.6675,42.1468],[41.4,42.0792],[35.55,42.4124],[28.5751,43.2374],[28.1674,43.4146]]]},"properties":{"id":"caucasus-cable-system","name":"Caucasus Cable System","owners":"","rfs":"","length":""}},{"type":"Feature","geometry":{"type":"MultiLineString","coordinates":[[[-76.6666,17.9498],[-76.3874,17.9667],[-76.1624,18.1806],[-76.2041,18.4629],[-76.4999,18.572]],[[-76.4461,18.1763],[-76.4999,18.572]],[[-76.4999,18.572],[-77.0624,18.6076]],[[-77.1032,18.3987],[-77.0624,18.6076]],[[-77.0624,18.6076],[-77.7374,18.6076],[-77.9214,18.4694],[-78.1874,18.6609],[-79.4249,19.5291],[-79.8776,19.6904],[-80.0999,19.5291],[-80.5499,19.3169],[-81.1668,19.283]]]},"properties":{"id":"cayman-jamaica-fiber-system-cjfs","name":"Cayman-Jamaica Fiber System (CJFS)","owners":"","rfs":"","length":""}},{"type":"Feature","geometry":{"type":"MultiLineString","coordinates":[[[9.2509,3.0028],[9.9102,2.9331]],[[9.7682,1.8602],[9.2509,3.0028],[9.0528,3.8095],[8.8323,3.8095],[8.7823,3.7509]]]},"properties":{"id":"ceiba-2","name":"Ceiba-2","owners":"","rfs":"","length":""}},{"type":"Feature","geometry":{"type":"MultiLineString","coordinates":[[[9.7682,1.8602],[9.4251,2.9672],[9.0528,3.8595],[8.7823,3.8595],[8.7823,3.7509]]]},"properties":{"id":"ceiba-1","name":"Ceiba-1","owners":"","rfs":"","length":""}},{"type":"Feature","geometry":{"type":"MultiLineString","coordinates":[[[-6.2483,53.3481],[-5.6249,53.3009],[-4.6304,53.3063]]]},"properties":{"id":"celtixconnect-1-cc-1","name":"CeltixConnect-1 (CC-1)","owners":"","rfs":"","length":""}},{"type":"Feature","geometry":{"type":"MultiLineString","coordinates":[[[-71.646,41.4121],[-71.0999,41.0693],[-68.3999,39.0024],[-66.5165,37.5898],[-63.8999,34.683],[-63.6749,33.5655],[-63.6749,32.8123],[-64.2374,32.3383],[-64.8016,32.2587]]]},"properties":{"id":"challenger-bermuda-1-cb-1","name":"Challenger Bermuda-1 (CB-1)","owners":"","rfs":"","length":""}},{"type":"Feature","geometry":{"type":"MultiLineString","coordinates":[[[-64.9371,18.373],[-64.9124,18.8917],[-65.2499,20.7963],[-67.2749,23.7113],[-69.2999,25.9572],[-73.3499,27.9625],[-76.9499,28.0618],[-77.8499,27.8631],[-79.6499,26.9643],[-80.0533,26.7153]]]},"properties":{"id":"columbus-ii-b","name":"Columbus-II b","owners":"","rfs":"","length":""}},{"type":"Feature","geometry":{"type":"MultiLineString","coordinates":[[[-9.3316,38.6902],[-10.3499,38.2112],[-13.9499,36.9931],[-23.3999,36.9931],[-24.7499,37.2324],[-25.4249,37.5898],[-25.6687,37.7396]]]},"properties":{"id":"columbus-iii-azores-portugal","name":"Columbus-III Azores-Portugal","owners":"","rfs":"","length":""}},{"type":"Feature","geometry":{"type":"MultiLineString","coordinates":[[[43.4892,-11.9231],[44.029,-11.8088],[44.4,-12.1663],[44.029,-12.0198],[43.7397,-12.2879],[43.5475,-12.0454],[43.4892,-11.9231]]]},"properties":{"id":"comoros-domestic-cable-system","name":"Comoros Domestic Cable System","owners":"","rfs":"","length":""}},{"type":"Feature","geometry":{"type":"MultiLineString","coordinates":[[[7.0174,43.553],[7.2001,43.4011],[8.5501,42.7437],[8.9372,42.6367]]]},"properties":{"id":"corse-continent-4-cc4","name":"Corse-Continent 4 (CC4)","owners":"","rfs":"","length":""}},{"type":"Feature","geometry":{"type":"MultiLineString","coordinates":[[[5.8782,43.1032],[6.0751,42.7437],[6.3001,42.5783],[8.4146,41.9195],[8.7387,41.9195]]]},"properties":{"id":"corse-continent-5-cc5","name":"Corse-Continent 5 (CC5)","owners":"","rfs":"","length":""}},{"type":"Feature","geometry":{"type":"MultiLineString","coordinates":[[[12.9555,55.7706],[12.7166,55.78],[12.5456,55.7208]]]},"properties":{"id":"danica-north","name":"Danica North","owners":"","rfs":"","length":""}},{"type":"Feature","geometry":{"type":"MultiLineString","coordinates":[[[-20.1419,63.6424],[-20.6999,63.3249],[-20.6999,62.9862],[-19.7999,62.5054],[-14.3999,62.2969],[-10.7999,62.7124],[-7.4249,62.8154],[-2.2499,62.5054],[0.4501,62.087],[2.0251,61.2326],[2.9251,60.3543],[3.8251,58.0513],[5.1751,56.2203],[6.3001,55.9693],[7.2001,55.7167],[7.6501,55.6532],[8.3292,55.7517]]]},"properties":{"id":"danice","name":"DANICE","owners":"","rfs":"","length":""}},{"type":"Feature","geometry":{"type":"MultiLineString","coordinates":[[[14.9667,55.0128],[14.9626,54.8841],[15.3001,54.5593],[16.0623,54.2601]]]},"properties":{"id":"denmark-poland-2","name":"Denmark-Poland 2","owners":"","rfs":"","length":""}},{"type":"Feature","geometry":{"type":"MultiLineString","coordinates":[[[12.5922,56.0306],[12.644,56.0373],[12.6958,56.0439]]]},"properties":{"id":"denmark-sweden-15","name":"Denmark-Sweden 15","owners":"","rfs":"","length":""}},{"type":"Feature","geometry":{"type":"MultiLineString","coordinates":[[[12.2731,55.5761],[12.3751,55.5261],[12.5438,55.4624],[12.7126,55.4624],[12.9639,55.4714]]]},"properties":{"id":"denmark-sweden-16","name":"Denmark-Sweden 16","owners":"","rfs":"","length":""}},{"type":"Feature","geometry":{"type":"MultiLineString","coordinates":[[[12.5369,56.0751],[12.5628,56.105],[12.5886,56.1349]]]},"properties":{"id":"denmark-sweden-17","name":"Denmark-Sweden 17","owners":"","rfs":"","length":""}},{"type":"Feature","geometry":{"type":"MultiLineString","coordinates":[[[12.5922,56.0306],[12.644,56.0373],[12.6958,56.0439]]]},"properties":{"id":"denmark-sweden-18","name":"Denmark-Sweden 18","owners":"","rfs":"","length":""}},{"type":"Feature","geometry":{"type":"MultiLineString","coordinates":[[[73.0715,6.6228],[72.9715,6.1258],[72.9708,5.6014],[73.0708,5.1036],[73.0708,4.8546],[73.2904,4.4616],[73.5404,4.2123],[73.125,3.8282],[72.9557,3.6085],[72.9773,3.2761],[73.5448,1.9189],[73.575,1.0185],[73.4556,0.2893],[73.4665,0.0603],[73.4269,-0.2979],[73.35,-0.4439],[73.0892,-0.6055]]]},"properties":{"id":"dhiraagu-cable-network","name":"Dhiraagu Cable Network","owners":"","rfs":"","length":""}},{"type":"Feature","geometry":{"type":"MultiLineString","coordinates":[[[79.8721,6.927],[79.2,6.1816],[74.25,4.1649],[73.5,4.1667]]]},"properties":{"id":"dhiraagu-slt-submarine-cable-network","name":"Dhiraagu-SLT Submarine Cable Network","owners":"","rfs":"","length":""}},{"type":"Feature","geometry":{"type":"MultiLineString","coordinates":[[[-76.7168,17.95],[-76.2749,17.395],[-75.3749,17.1802],[-74.6999,16.9651],[-71.9999,16.9651],[-70.6499,17.395],[-69.8624,17.8239],[-69.2999,17.7168],[-67.4999,17.395],[-66.1499,17.6096],[-64.5972,18.4144]],[[-70.1618,18.6994],[-69.9186,18.1449],[-69.8624,17.8239]]]},"properties":{"id":"east-west","name":"East-West","owners":"","rfs":"","length":""}},{"type":"Feature","geometry":{"type":"MultiLineString","coordinates":[[[-61.6508,10.6863],[-61.5374,11.074],[-61.5374,11.2947],[-61.5374,11.6255],[-61.6499,11.8458],[-61.7906,12.0088],[-61.8731,12.1915],[-61.8185,12.3957],[-61.481,13.0542],[-61.2083,13.1455],[-61.1999,13.0542],[-59.8499,13.0542],[-59.6074,13.0845],[-59.8499,13.1637],[-60.7499,14.0385],[-60.9749,14.1476],[-61.0068,13.9945],[-61.1999,14.1476],[-61.1999,14.3657],[-61.0942,14.6155],[-61.3686,14.8012],[-61.5374,15.0186],[-61.5374,15.2358],[-61.6499,15.4528],[-61.6078,15.6762],[-61.4392,15.8928],[-61.4139,15.9888],[-61.533,16.2413],[-61.7624,16.59],[-61.8579,17.0515],[-62.0999,16.9651],[-62.5499,16.9651],[-62.7298,17.0909],[-62.7298,17.2986],[-62.7298,17.4024],[-63.0737,18.031],[-63.0581,18.1449],[-63.0572,18.2177],[-63.2249,18.3052],[-63.4499,18.3586],[-64.1249,18.3586],[-64.3499,18.3586],[-64.5972,18.4144]],[[-61.5374,15.2358],[-61.3707,15.2521]]]},"properties":{"id":"eastern-caribbean-fiber-system-ecfs","name":"Eastern Caribbean Fiber System (ECFS)","owners":"","rfs":"","length":""}},{"type":"Feature","geometry":{"type":"MultiLineString","coordinates":[[[-61.6493,10.6877],[-62.0999,11.2947],[-63.8999,11.5153],[-65.6999,11.1844],[-68.3999,11.7357],[-68.8926,12.0904]]]},"properties":{"id":"eclink","name":"ECLink","owners":"","rfs":"","length":""}},{"type":"Feature","geometry":{"type":"MultiLineString","coordinates":[[[11.94,54.5772],[11.9251,54.494],[11.9251,54.2975],[12.1325,54.0792]]]},"properties":{"id":"elektra-globalconnect-1-gc1","name":"Elektra-GlobalConnect 1 (GC1)","owners":"","rfs":"","length":""}},{"type":"Feature","geometry":{"type":"MultiLineString","coordinates":[[[-6.198,53.4101],[-5.6249,53.5416],[-5.0907,53.5419],[-4.6304,53.3063]]]},"properties":{"id":"emerald-bridge-fibres","name":"Emerald Bridge Fibres","owners":"","rfs":"","length":""}},{"type":"Feature","geometry":{"type":"MultiLineString","coordinates":[[[-9.2321,54.2071],[-9.5624,54.5593],[-10.7999,55.0778],[-12.5999,55.0778],[-16.1999,54.2975],[-23.3999,52.4179],[-39.5999,46.8908],[-50.3999,44.213],[-61.1999,42.0792],[-68.3999,41.0693],[-71.0999,40.473],[-72.8722,40.8006]]]},"properties":{"id":"aec-1","name":"AEC-1","owners":"","rfs":"","length":""}},{"type":"Feature","geometry":{"type":"MultiLineString","coordinates":[[[-6.2154,53.3317],[-5.6249,53.4351],[-3.5999,53.6357],[-3.0064,53.6479]]]},"properties":{"id":"esat-2","name":"ESAT-2","owners":"","rfs":"","length":""}},{"type":"Feature","geometry":{"type":"MultiLineString","coordinates":[[[-5.3918,35.5659],[-5.1749,35.7857],[-5.1749,36.2407],[-5.1459,36.4274]]]},"properties":{"id":"estepona-tetouan","name":"Estepona-Tetouan","owners":"","rfs":"","length":""}},{"type":"Feature","geometry":{"type":"MultiLineString","coordinates":[[[-6.928,62.2441],[-6.8972,62.4059],[-7.1999,62.7124],[-7.1999,63.3249]],[[-3.3462,58.6154],[-3.8249,58.7586],[-3.8249,59.4517],[-3.1499,60.3543],[-2.6999,61.8756],[-2.6999,62.087],[-5.3999,62.918],[-7.1999,63.3249],[-10.7999,64.7047],[-10.7999,65.0865],[-12.1499,65.2754],[-13.4999,65.2754],[-14.0181,65.2508]]]},"properties":{"id":"farice-1","name":"FARICE-1","owners":"","rfs":"","length":""}},{"type":"Feature","geometry":{"type":"MultiLineString","coordinates":[[[11.2126,54.4962],[11.2501,54.593],[11.3586,54.6631]]]},"properties":{"id":"fehmarn-blt","name":"Fehmarn B\u00e4lt","owners":"","rfs":"","length":""}},{"type":"Feature","geometry":{"type":"MultiLineString","coordinates":[[[51.3,27.3647],[50.85,26.5625],[50.576,26.2295]],[[52.65,26.5625],[52.0875,26.0583],[51.5193,25.2946]],[[47.9748,29.3741],[48.6,28.9516],[49.1625,28.557],[50.175,27.8631],[51.3,27.3647],[51.975,26.9643],[52.65,26.5625],[53.55,25.7547],[54.9,25.5519],[55.3085,25.2694]]]},"properties":{"id":"fiber-optic-gulf-fog","name":"Fiber Optic Gulf (FOG)","owners":"","rfs":"","length":""}},{"type":"Feature","geometry":{"type":"MultiLineString","coordinates":[[[-77.9214,18.4694],[-77.7374,18.5009],[-77.2874,18.5009],[-77.1032,18.3987]],[[-73.7999,19.9526],[-73.5749,19.1044],[-72.8027,18.8648],[-72.6087,18.865]],[[-76.6666,17.9498],[-76.2749,17.6096],[-75.3749,17.6096],[-74.8124,18.2518],[-74.3624,19.3169],[-73.7999,19.9526]],[[-73.7999,19.9526],[-73.3499,20.375],[-71.5499,20.375],[-70.9874,20.164],[-70.6912,19.7994]]]},"properties":{"id":"fibralink","name":"Fibralink","owners":"","rfs":"","length":""}},{"type":"Feature","geometry":{"type":"MultiLineString","coordinates":[[[24.7525,59.4364],[25.0876,59.6797],[25.2001,59.9624],[25.0876,60.0749],[24.9325,60.1712]]]},"properties":{"id":"finland-estonia-2-eesf-2","name":"Finland-Estonia 2 (EESF-2)","owners":"","rfs":"","length":""}},{"type":"Feature","geometry":{"type":"MultiLineString","coordinates":[[[-5.6749,50.0639],[-6.2999,50.0951],[-8.0999,49.8781],[-10.7999,49.5873],[-16.1999,48.1068],[-23.3999,45.9602],[-39.5999,41.7444],[-50.3999,40.0437],[-61.1999,39.3512],[-68.3999,39.8712],[-71.6787,41.097],[-72.1656,41.2176],[-72.3658,41.2176],[-72.8208,41.1464],[-73.1944,41.0225],[-73.3441,40.9095]],[[-73.656,40.6007],[-71.0999,39.8712],[-68.3999,39.6983],[-61.1999,39.0024],[-50.3999,39.525],[-39.5999,41.0693],[-23.3999,45.3311],[-16.1999,46.5824],[-5.3999,49.2947],[-4.4999,49.2947],[-3.5999,49.1477],[-2.8124,48.8525],[-2.7678,48.5349]]]},"properties":{"id":"flag-atlantic-1-fa-1","name":"FLAG Atlantic-1 (FA-1)","owners":"","rfs":"","length":""}},{"type":"Feature","geometry":{"type":"MultiLineString","coordinates":[[[121.0278,20.9331],[118.8,21.1115],[116.55,20.9014],[115.2,21.1115],[114.1313,21.8443],[113.932,22.2277],[114.3,21.8443],[115.2,21.426],[116.55,21.2164],[118.8,21.6353],[120.1279,21.6668],[121.0278,21.6668],[121.95,22.4694],[122.4,24.0199],[122.175,24.5327],[121.8014,24.8635],[122.175,24.9414],[122.85,24.9414],[126.0,24.3278],[128.7,24.1226],[132.75,24.5327],[137.25,27.7636],[138.825,29.3446],[139.725,30.9014],[140.175,32.4333],[140.625,33.9396],[140.4562,34.6907],[140.1785,34.9678],[140.0906,35.0138],[140.0168,35.036],[140.0765,35.0138],[140.1645,34.9678],[140.4281,34.6907],[140.5125,33.9396],[139.95,32.4333],[139.05,31.4788],[137.7,30.7081],[135.0,29.9313],[132.75,29.9313],[130.5,30.126],[129.6,30.9014],[129.375,31.6705],[129.375,32.8123],[129.4875,34.3122],[128.9995,35.1704],[128.8125,34.3122],[128.25,32.8123],[128.025,31.6705],[127.35,29.5405],[127.125,28.557],[126.0,26.1593],[125.6625,25.5519],[125.325,24.1226],[124.425,22.053],[122.85,21.1115],[121.0278,20.9331]]]},"properties":{"id":"flag-north-asia-loopreach-north-asia-loop","name":"FLAG North Asia Loop/REACH North Asia Loop","owners":"","rfs":"","length":""}},{"type":"Feature","geometry":{"type":"MultiLineString","coordinates":[[[-28.6475,38.5254],[-28.7999,38.3878],[-29.6999,38.6518],[-30.5999,39.3512],[-31.1284,39.4625],[-31.1082,39.5668],[-31.1105,39.6722],[-30.5999,39.525],[-28.7999,39.0024],[-28.1249,38.9149],[-27.9634,39.0114]]]},"properties":{"id":"flores-corvo-cable-system","name":"Flores-Corvo Cable System","owners":"","rfs":"","length":""}},{"type":"Feature","geometry":{"type":"MultiLineString","coordinates":[[[-74.0471,40.1235],[-71.0999,39.525],[-67.4165,37.5898],[-64.7999,34.683],[-64.1249,33.5655],[-63.8999,32.8123],[-64.2374,32.4333],[-64.8107,32.2478]]]},"properties":{"id":"gemini-bermuda","name":"Gemini Bermuda","owners":"","rfs":"","length":""}},{"type":"Feature","geometry":{"type":"MultiLineString","coordinates":[[[-6.1658,53.5265],[-5.6249,53.7024],[-3.3308,53.4519],[-3.0276,53.2017]]]},"properties":{"id":"geo-eirgrid","name":"Geo-Eirgrid","owners":"","rfs":"","length":""}},{"type":"Feature","geometry":{"type":"MultiLineString","coordinates":[[[37.7728,44.7237],[37.8,44.3741],[38.475,43.8896],[39.375,43.5644],[39.7261,43.6155],[39.825,43.4011],[40.5,42.7437],[41.4,42.246],[41.6675,42.1468]]]},"properties":{"id":"georgia-russia","name":"Georgia-Russia","owners":"","rfs":"","length":""}},{"type":"Feature","geometry":{"type":"MultiLineString","coordinates":[[[11.94,54.5772],[12.0376,54.494],[12.0376,54.2975],[12.1496,54.1916]]]},"properties":{"id":"germany-denmark-3","name":"Germany-Denmark 3","owners":"","rfs":"","length":""}},{"type":"Feature","geometry":{"type":"MultiLineString","coordinates":[[[-0.2043,5.5583],[-0.4499,3.2798],[-0.4499,2.1561]],[[-4.5444,50.8282],[-6.0749,50.383],[-7.6499,49.7329],[-9.8999,48.7042],[-14.3999,44.0515],[-14.3999,39.6983],[-13.4999,35.7857],[-12.8249,33.1897],[-12.5999,30.126],[-13.4999,28.1611],[-14.6249,26.9643],[-17.5499,22.8847],[-18.8999,19.9526],[-18.8999,14.8012],[-18.8999,11.7357],[-17.5499,8.6357],[-13.0499,4.1649],[-10.7999,1.9182],[-3.5999,1.9182],[-0.4499,2.1561],[1.5751,3.2668],[2.2501,3.3791],[2.7001,4.1649],[3.4235,6.4391]]]},"properties":{"id":"glo-1","name":"Glo-1","owners":"","rfs":"","length":""}},{"type":"Feature","geometry":{"type":"MultiLineString","coordinates":[[[-62.2218,16.7707],[-62.2123,16.8305],[-62.1561,16.8574],[-62.0436,16.8036]],[[-62.8505,17.8979],[-63.056,17.8774],[-63.1686,17.931],[-63.1686,18.038],[-63.0781,18.0899]],[[-64.8193,17.7739],[-64.5749,17.9845],[-64.1249,17.931],[-63.9249,17.1802],[-62.3749,15.4528],[-61.7624,14.6924],[-61.3124,14.1476]],[[-61.7159,16.0289],[-61.8749,15.886],[-61.9874,15.9401],[-63.0561,17.1802],[-63.1707,17.4229],[-63.1124,17.7703],[-63.2249,17.8774],[-63.2249,18.038],[-63.0781,18.0899]],[[-66.1067,18.4661],[-65.6999,18.5187],[-65.3624,18.4654],[-65.1374,18.2518],[-64.6874,18.0914],[-64.1249,18.1449],[-63.4499,18.2518],[-63.2249,18.1983],[-63.0781,18.0899]],[[-61.5717,16.2445],[-61.4701,15.9888],[-61.4953,15.8928],[-61.6078,15.8387],[-61.7159,16.0289]],[[-61.2083,13.1455],[-61.5934,13.0542],[-61.9309,12.3957],[-61.9313,12.1915],[-61.7906,12.0088]],[[-60.9866,14.0324],[-61.1999,13.9293],[-61.4249,13.4921],[-61.4249,13.2732],[-61.2083,13.1455]],[[-64.8193,17.7739],[-64.6874,18.0914]],[[-61.3124,14.1476],[-61.1999,14.0385],[-60.9866,14.0324]],[[-61.3124,14.1476],[-60.9749,14.2566],[-60.7499,14.1476],[-59.8499,13.2732],[-59.6074,13.0845]],[[-61.0942,14.6155],[-61.3124,14.8012],[-61.4249,15.0186],[-61.3925,15.308],[-61.5374,15.4528],[-61.7203,15.8387],[-61.7159,16.0289]],[[-61.7159,16.0289],[-61.8749,15.9942],[-62.0999,16.5342],[-62.0436,16.8036],[-61.9874,16.9651],[-61.8469,17.1595]],[[-62.7298,17.2986],[-63.0561,17.1802]],[[-61.0942,14.6155],[-61.1436,14.3657],[-61.1436,14.1476],[-60.9866,14.0324]],[[-61.7906,12.0088],[-61.8148,11.8614],[-61.6499,11.2947],[-61.5936,11.074],[-61.6493,10.6877]]]},"properties":{"id":"southern-caribbean-fiber","name":"Southern Caribbean Fiber","owners":"","rfs":"","length":""}},{"type":"Feature","geometry":{"type":"MultiLineString","coordinates":[[[10.5167,57.331],[10.8001,57.451],[11.7001,57.5115],[12.0762,57.4877]]]},"properties":{"id":"globalconnect-2-gc2","name":"GlobalConnect 2 (GC2)","owners":"","rfs":"","length":""}},{"type":"Feature","geometry":{"type":"MultiLineString","coordinates":[[[11.1494,55.3261],[11.0251,55.3346],[10.7996,55.3244]]]},"properties":{"id":"globalconnect-3-gc3","name":"GlobalConnect 3 (GC3)","owners":"","rfs":"","length":""}},{"type":"Feature","geometry":{"type":"MultiLineString","coordinates":[[[11.94,54.5772],[11.8126,54.494],[11.8126,54.2975],[12.1325,54.0792]]]},"properties":{"id":"globalconnect-kpn","name":"GlobalConnect-KPN","owners":"","rfs":"","length":""}},{"type":"Feature","geometry":{"type":"MultiLineString","coordinates":[[[-80.0889,26.3506],[-79.6499,26.8138],[-77.8499,28.9516],[-76.4999,30.9014],[-75.1499,33.5655],[-74.4749,35.5419],[-73.9124,39.0024],[-74.3378,39.6039],[-73.3499,39.3512],[-71.0999,39.0024],[-68.3165,37.5898],[-65.6999,34.683],[-64.5749,33.5655],[-64.1249,32.8123],[-64.2374,32.5282],[-64.7734,32.3197],[-64.3499,31.2867],[-57.5999,22.053],[-52.1999,15.6695],[-46.7999,10.4108],[-38.6999,1.4684],[-38.0249,-1.2313],[-38.543,-3.7187],[-35.9999,-3.4793],[-34.1999,-4.1528],[-32.1749,-5.498],[-31.2749,-9.2904],[-32.8499,-13.699],[-34.6499,-18.0264],[-38.0249,-22.8734],[-40.9499,-23.906],[-42.2999,-23.7002],[-43.2096,-22.9035],[-42.2999,-23.5972],[-40.9499,-23.7001],[-38.3624,-22.5621],[-35.5499,-18.0264],[-33.7499,-13.699],[-31.9499,-9.2904],[-32.5124,-5.8338],[-34.1999,-4.4893],[-35.9999,-3.7038],[-38.543,-3.7187]],[[-80.0889,26.3506],[-79.6499,26.6631],[-77.8499,27.3647],[-76.9499,27.1647],[-73.3499,24.5327],[-69.2999,22.4694],[-67.9499,20.5858],[-67.8374,18.6786],[-68.1749,17.8239],[-68.3999,15.2358],[-67.4999,12.6154],[-67.2749,11.2947],[-66.9604,10.5996],[-66.7124,10.8531],[-65.6999,11.405],[-63.8999,11.7357],[-62.9999,11.7357],[-61.1999,11.7357],[-59.3999,11.2947],[-54.8999,9.0803],[-51.2999,6.8522],[-46.7999,5.062],[-40.9499,1.4684],[-39.1499,-1.2313],[-38.543,-3.7187]]]},"properties":{"id":"globenet","name":"GlobeNet","owners":"","rfs":"","length":""}},{"type":"Feature","geometry":{"type":"MultiLineString","coordinates":[[[-68.3999,15.2358],[-70.1999,14.8012],[-71.5499,14.1476],[-74.2499,12.8349],[-74.9249,11.7357],[-74.7798,10.9404]]]},"properties":{"id":"globenet","name":"GlobeNet","owners":"","rfs":"","length":""}},{"type":"Feature","geometry":{"type":"MultiLineString","coordinates":[[[12.5914,37.6506],[12.7126,37.2324],[13.0501,36.8732],[14.0626,36.059],[14.4119,35.9506]]]},"properties":{"id":"go-1-mediterranean-cable-system","name":"GO-1 Mediterranean Cable System","owners":"","rfs":"","length":""}},{"type":"Feature","geometry":{"type":"MultiLineString","coordinates":[[[151.207,-33.8696],[152.1,-33.7426],[154.8,-32.2329],[157.5,-28.7438],[165.6,-22.666],[166.4393,-22.3033]]]},"properties":{"id":"gondwana-1","name":"Gondwana-1","owners":"","rfs":"","length":""}},{"type":"Feature","geometry":{"type":"MultiLineString","coordinates":[[[16.8688,41.1257],[18.0001,41.1541],[18.6751,40.8995],[19.1251,40.3873],[19.2376,40.0437],[19.924,39.7541],[19.1251,40.0437],[19.0126,40.3873],[18.5626,40.8144],[18.0001,41.0693],[16.8688,41.1257]]]},"properties":{"id":"oteglobe-kokkini-bari","name":"OTEGLOBE Kokkini-Bari","owners":"","rfs":"","length":""}},{"type":"Feature","geometry":{"type":"MultiLineString","coordinates":[[[-51.73,64.1812],[-52.1999,64.1217],[-52.8749,64.3174],[-53.0999,64.7047],[-53.0999,65.0865],[-52.9057,65.4077],[-53.5499,65.5562],[-53.9999,65.834],[-53.9999,66.3808],[-53.9999,66.5605],[-53.6734,66.9395],[-54.2249,67.0039],[-54.4499,67.2662],[-54.4499,68.1201],[-53.5499,68.6178],[-52.8591,68.707]]]},"properties":{"id":"greenland-connect-north","name":"Greenland Connect North","owners":"","rfs":"","length":""}},{"type":"Feature","geometry":{"type":"MultiLineString","coordinates":[[[-53.9659,48.1864],[-53.5499,48.0692],[-53.0999,48.2568],[-52.1999,48.7042],[-49.4999,50.7403],[-49.0499,51.8656],[-50.8499,60.1309],[-51.7499,61.2326],[-52.6499,62.7124],[-52.6499,63.5262],[-51.9749,63.8255],[-51.73,64.1812],[-51.8624,63.8255],[-52.4249,63.5262],[-52.1999,62.7124],[-50.3999,61.2326],[-48.5999,60.3543],[-46.7999,59.6797],[-45.8999,59.4517],[-43.1999,59.2222],[-27.8999,61.0152],[-22.4999,62.087],[-20.9249,63.3249],[-20.1419,63.6424]],[[-46.0354,60.719],[-46.3499,60.3543],[-46.7999,59.6797]]]},"properties":{"id":"greenland-connect","name":"Greenland Connect","owners":"","rfs":"","length":""}},{"type":"Feature","geometry":{"type":"MultiLineString","coordinates":[[[144.8004,13.5137],[144.45,13.9293],[138.6,17.395],[131.85,21.6353],[128.7,23.7113],[127.575,24.9414],[127.125,25.9572],[127.125,26.5625],[128.025,28.557],[128.25,29.5405],[128.925,30.5145],[129.0375,31.6705],[129.6,33.5655],[130.05,33.9396],[130.4572,34.0332],[131.0319,33.8395]],[[127.125,25.9572],[127.4625,26.1593],[127.6808,26.2124]]]},"properties":{"id":"guam-okinawa-kyushu-incheon-goki","name":"Guam Okinawa Kyushu Incheon (GOKI)","owners":"","rfs":"","length":""}},{"type":"Feature","geometry":{"type":"MultiLineString","coordinates":[[[-2.2014,49.248],[-2.3624,49.2947],[-2.5581,49.4233]]]},"properties":{"id":"guernsey-jersey-4","name":"Guernsey-Jersey-4","owners":"","rfs":"","length":""}},{"type":"Feature","geometry":{"type":"MultiLineString","coordinates":[[[49.275,28.9516],[49.1625,28.8531]],[[56.3337,25.1217],[56.7,25.3487],[56.8688,26.1593],[56.7,26.5625],[56.25,26.5625],[55.8,26.2098],[55.35,25.9572],[53.55,25.9572],[52.2,25.856],[51.452,25.5389],[51.75,26.1593],[51.75,26.5625],[51.525,26.9643],[50.85,27.3647],[50.175,28.1611],[49.1625,28.8531],[48.6,29.0499],[47.9748,29.3741]],[[56.3337,25.1217],[57.15,25.3487],[57.0938,26.1593],[56.925,26.5625],[56.25,26.7636],[55.8,26.5122],[55.35,26.5122],[53.55,26.4618],[53.1,26.5625],[52.425,26.9643],[51.75,27.3647],[50.4,28.557],[49.275,28.9516],[48.825,29.5405],[48.5318,29.9236]],[[58.1762,23.6849],[58.3313,23.9171],[58.5,24.1226]],[[50.6562,26.2416],[51.075,26.5625],[51.525,26.9643]],[[50.2142,26.2854],[50.2313,26.4618],[50.4,26.9643],[50.85,27.3647]],[[50.8427,28.9703],[50.4,28.557]],[[56.3337,25.1217],[56.925,24.7627],[58.5,24.1226],[59.85,24.635],[63.675,22.4694],[66.6,20.5858],[70.2,19.8468],[72.8759,19.0761]]]},"properties":{"id":"gulf-bridge-international-cable-system-gbicsmiddle-east-north-africa-mena-cable-system","name":"Gulf Bridge International Cable System (GBICS)/Middle East North Africa (MENA) Cable System","owners":"","rfs":"","length":""}},{"type":"Feature","geometry":{"type":"MultiLineString","coordinates":[[[159.0703,7.7864],[158.85,8.6357],[158.85,9.5244]],[[167.4,8.6357],[169.65,7.7449],[171.1962,7.0778]],[[144.6947,13.4648],[144.8437,13.2732],[145.35,12.9445],[146.25,12.3957],[147.15,12.1759],[149.4,11.2947],[151.2,10.4108],[158.85,9.5244],[163.8,9.0803],[167.4,8.6357],[167.4058,9.1865]]]},"properties":{"id":"hantru1-cable-system","name":"HANTRU1 Cable System","owners":"","rfs":"","length":""}},{"type":"Feature","geometry":{"type":"MultiLineString","coordinates":[[[179.9999,-23.906],[173.7,-28.1503],[171.0,-29.1376],[166.95,-32.6128],[165.6,-34.116]],[[-173.6998,-11.9439],[-172.0782,-12.8942],[-170.9998,-13.699],[-170.6957,-14.2765]],[[-158.0569,21.3354],[-157.8373,21.1348],[-157.6123,21.1348],[-157.4998,21.1698],[-152.9998,25.3487],[-147.5998,29.7361],[-138.5998,34.3122],[-128.2498,42.7437],[-125.0998,45.1727],[-124.1998,45.8036],[-123.5248,45.8036],[-122.9898,45.5229]],[[-158.0569,21.3354],[-158.2873,20.7963],[-159.0748,18.6786],[-161.9998,13.0542],[-167.3998,2.3679],[-171.4498,-4.8257],[-172.7998,-10.1775],[-173.6998,-11.9439],[-176.3998,-18.4538],[-179.9998,-23.906]],[[174.5745,-36.1261],[174.6,-35.593],[174.15,-34.8578],[172.8,-34.116],[165.6,-34.116],[159.3,-35.0423],[155.7,-34.8578],[152.1,-34.116],[151.207,-33.8696]]]},"properties":{"id":"hawaiki","name":"Hawaiki","owners":"","rfs":"","length":""}},{"type":"Feature","geometry":{"type":"MultiLineString","coordinates":[[[32.4667,34.7666],[31.5001,34.1571],[29.6457,32.8419],[28.8001,32.3383]],[[5.3725,43.2936],[5.8501,41.7444],[6.9751,38.6518],[7.6501,37.9455],[9.0001,37.6789],[10.3486,37.6789],[10.9126,37.3219],[11.4751,37.2324],[12.2626,36.2407],[12.6001,35.7857],[13.1626,35.4198],[14.4001,34.683],[16.6501,34.1261],[19.3501,34.4978],[22.0501,34.2967],[25.2001,33.5655],[28.8001,32.3383],[29.8935,31.1915]]]},"properties":{"id":"hawk","name":"Hawk","owners":"","rfs":"","length":""}},{"type":"Feature","geometry":{"type":"MultiLineString","coordinates":[[[-70.9503,42.4636],[-69.2999,42.5783],[-65.6999,42.7437],[-63.8999,44.0515],[-63.5725,44.6532],[-61.1999,44.5347],[-50.3999,46.7368],[-39.5999,49.8781],[-23.3999,54.034],[-16.1999,54.8194],[-12.5999,55.3346],[-8.9999,55.5897],[-6.6762,55.4158],[-6.0749,55.3346],[-4.9499,54.3631],[-4.9499,54.1001],[-4.8374,53.9679],[-3.5999,53.7024],[-3.0064,53.6479],[-3.5999,53.569],[-5.6249,53.3681],[-6.2483,53.3481],[-5.6249,53.2336],[-5.3999,52.6915],[-5.6249,52.1426],[-7.1999,51.4468],[-10.7999,50.7403],[-16.1999,50.7403],[-23.3999,51.3064],[-39.5999,49.2947],[-50.3999,46.1164],[-61.1999,44.3741],[-63.5725,44.6532]],[[-6.6762,55.1309],[-6.6762,55.4158]]]},"properties":{"id":"exa-north-and-south","name":"EXA North and South","owners":"","rfs":"","length":""}},{"type":"Feature","geometry":{"type":"MultiLineString","coordinates":[[[-3.0109,51.2936],[-4.0499,51.4468],[-5.3999,51.3767],[-7.1999,51.3064],[-10.7999,50.5977],[-16.1999,50.4546],[-23.3999,50.7403],[-39.5999,48.7042],[-50.3999,45.489],[-61.1999,44.213],[-63.5758,44.6462]],[[-8.4727,51.8986],[-7.6499,51.5868],[-7.1999,51.3064]]]},"properties":{"id":"exa-express","name":"EXA Express","owners":"","rfs":"","length":""}},{"type":"Feature","geometry":{"type":"MultiLineString","coordinates":[[[-2.5376,49.5095],[-3.5999,49.5873],[-4.4999,49.7329],[-5.3999,49.8056],[-5.6545,50.0431]],[[-2.5582,49.4269],[-2.9249,49.2947],[-3.4599,48.8734],[-3.4599,48.7306]]]},"properties":{"id":"high-capacity-undersea-guernsey-optical-fibre-hugo","name":"High-capacity Undersea Guernsey Optical-fibre (HUGO)","owners":"","rfs":"","length":""}},{"type":"Feature","geometry":{"type":"MultiLineString","coordinates":[[[141.3154,43.1712],[141.075,43.5644],[141.075,44.0515],[141.3,45.3311],[141.6375,46.2722],[141.8594,46.6849]]]},"properties":{"id":"hokkaido-sakhalin-cable-system-hscs","name":"Hokkaido-Sakhalin Cable System (HSCS)","owners":"","rfs":"","length":""}},{"type":"Feature","geometry":{"type":"MultiLineString","coordinates":[[[-155.8564,20.0037],[-156.2623,19.741],[-156.5998,19.1044],[-156.5998,18.2518],[-154.7998,5.9578],[-150.2998,-13.699],[-149.5123,-17.1686],[-149.4411,-17.5122],[-149.5686,-17.4333],[-149.7373,-17.3796],[-149.8295,-17.5383]],[[-149.7373,-17.3796],[-150.0748,-17.276],[-150.7498,-16.9535],[-151.0311,-16.8458],[-151.0,-16.7296]],[[-151.0311,-16.8458],[-151.1998,-16.7362],[-151.3686,-16.6823],[-151.443,-16.7305]],[[-151.3686,-16.6823],[-151.4811,-16.5206],[-151.6498,-16.4667],[-151.7495,-16.5059]]]},"properties":{"id":"honotua","name":"Honotua","owners":"","rfs":"","length":""}},{"type":"Feature","geometry":{"type":"MultiLineString","coordinates":[[[80.243,13.0639],[81.45,12.3957],[83.7,11.2947],[89.1,9.9679],[93.15,8.7408],[95.4,7.7449],[97.425,6.7405],[99.45,5.2861],[100.125,4.6136],[100.6875,3.2668],[101.25,2.7051],[102.15,2.1431],[102.6828,1.755],[103.3407,1.3559],[103.5,1.2573],[103.6461,1.3386]]]},"properties":{"id":"i2i-cable-network-i2icn","name":"i2i Cable Network (i2icn)","owners":"","rfs":"","length":""}},{"type":"Feature","geometry":{"type":"MultiLineString","coordinates":[[[-2.0213,49.2253],[-1.9164,49.2567],[-1.65,49.2833]],[[-2.5294,49.451],[-2.3042,49.2947],[-2.2014,49.248]]]},"properties":{"id":"ingrid","name":"INGRID","owners":"","rfs":"","length":""}},{"type":"Feature","geometry":{"type":"MultiLineString","coordinates":[[[168.323,-17.7305],[168.6375,-17.9194],[169.2,-18.0264],[177.2999,-18.4538],[178.0874,-18.4538],[178.4374,-18.1238]]]},"properties":{"id":"interchange-cable-network-1-icn1","name":"Interchange Cable Network 1 (ICN1)","owners":"","rfs":"","length":""}},{"type":"Feature","geometry":{"type":"MultiLineString","coordinates":[[[12.415,55.6476],[12.4876,55.5579],[12.6001,55.5261],[12.7126,55.5261],[12.9167,55.5336]]]},"properties":{"id":"ip-only-denmark-sweden","name":"IP-Only Denmark-Sweden","owners":"","rfs":"","length":""}},{"type":"Feature","geometry":{"type":"MultiLineString","coordinates":[[[16.8688,41.1257],[18.0001,41.2388],[19.1251,41.2388],[19.4501,41.3169]]]},"properties":{"id":"italy-albania","name":"Italy-Albania","owners":"","rfs":"","length":""}},{"type":"Feature","geometry":{"type":"MultiLineString","coordinates":[[[12.2574,45.4961],[12.3761,45.3311],[13.2751,45.3311],[13.5335,45.4333]]]},"properties":{"id":"italy-croatia","name":"Italy-Croatia","owners":"","rfs":"","length":""}},{"type":"Feature","geometry":{"type":"MultiLineString","coordinates":[[[18.4857,40.1482],[18.6751,40.0437],[19.8001,39.8712],[19.9688,39.7848],[19.9688,39.7416],[20.0155,39.6836]]]},"properties":{"id":"italy-greece-1","name":"Italy-Greece 1","owners":"","rfs":"","length":""}},{"type":"Feature","geometry":{"type":"MultiLineString","coordinates":[[[12.5914,37.6506],[12.5438,37.2324],[12.6001,36.8732],[12.8251,35.4198],[13.1626,33.1897],[13.1874,32.8776]]]},"properties":{"id":"italy-libya","name":"Italy-Libya","owners":"","rfs":"","length":""}},{"type":"Feature","geometry":{"type":"MultiLineString","coordinates":[[[7.4267,43.7383],[7.8751,43.7272],[8.3251,43.8896],[8.4838,44.3057]]]},"properties":{"id":"italy-monaco","name":"Italy-Monaco","owners":"","rfs":"","length":""}},{"type":"Feature","geometry":{"type":"MultiLineString","coordinates":[[[117.5511,0.3273],[117.9,0.1186],[119.25,-1.0064],[119.3885,-1.1421]],[[111.15,-3.4793],[112.05,-3.9283],[112.95,-3.9283],[114.075,-3.7038],[114.604,-3.3276]],[[109.972,-1.8587],[109.575,-1.9061],[109.35,-2.1309]],[[109.3355,-0.027],[108.9,-0.3314],[109.125,-1.6812],[109.35,-2.1309],[109.8,-3.03],[110.475,-3.4793],[111.15,-3.4793],[111.6,-3.2547],[111.7529,-2.8493]],[[114.0972,-8.6152],[114.4125,-8.8461],[114.975,-8.8461],[115.2215,-8.6567]],[[116.0815,-8.586],[115.875,-8.5661],[115.5375,-8.5959],[115.3314,-8.5367]]]},"properties":{"id":"jaka2ladema","name":"JaKa2LaDeMa","owners":"","rfs":"","length":""}},{"type":"Feature","geometry":{"type":"MultiLineString","coordinates":[[[104.85,1.356],[104.625,1.356],[104.2016,1.3288],[103.987,1.3895]],[[104.1332,1.1737],[104.2879,1.2016],[104.625,1.2997],[104.85,1.356],[105.3,1.2435],[106.875,-0.3314],[107.1532,-2.1309],[107.2697,-3.03],[107.55,-4.6015],[107.1,-5.2739],[107.121,-5.9812]],[[109.1822,-0.0614],[108.9,0.0061],[106.875,-0.3314]]]},"properties":{"id":"jakabare","name":"JAKABARE","owners":"","rfs":"","length":""}},{"type":"Feature","geometry":{"type":"MultiLineString","coordinates":[[[9.1094,39.2156],[9.4501,38.8273],[11.7001,37.7234],[12.5914,37.6506]],[[9.4869,40.9227],[9.9001,41.0976],[10.5751,41.4358],[11.2501,41.7444],[11.7968,42.0914]]]},"properties":{"id":"janna","name":"Janna","owners":"","rfs":"","length":""}},{"type":"Feature","geometry":{"type":"MultiLineString","coordinates":[[[140.751,36.8019],[141.075,35.7857],[140.9625,35.4198],[140.85,35.1749],[140.3437,35.0292],[140.0625,35.0254],[139.9755,35.0054],[140.0625,35.0023],[140.0942,34.9678],[140.0625,34.9217],[139.9219,34.7832],[139.5,34.6213],[138.6,34.3122],[137.7,34.2192],[136.874,34.3368]],[[-179.9998,25.7817],[-172.7998,23.7113],[-163.7998,22.4694],[-158.8498,21.2164],[-158.3998,21.3736],[-158.2207,21.4634],[-158.3998,21.6353],[-158.3998,21.7398],[-158.1748,22.053],[-157.9498,22.2614],[-152.9998,24.5327],[-147.5998,26.5625],[-138.5998,28.1611],[-127.7998,32.0527],[-122.3998,34.683],[-120.8472,35.3671],[-121.9498,35.7857],[-123.7498,38.2995],[-123.687,38.9694],[-124.6498,39.0024],[-130.4998,41.4077],[-138.5998,43.4011],[-151.1998,44.6949],[-179.9998,44.6949]],[[180.0,25.7817],[160.2,31.2867],[149.4,32.4333],[138.6,32.8123],[137.7,33.3778],[136.874,34.3368]],[[140.751,36.8019],[141.975,36.693],[149.4,37.2324],[160.2,42.0792],[172.7999,44.6948],[179.9999,44.6948]]]},"properties":{"id":"japan-u-s-cable-network-jus","name":"Japan-U.S. Cable Network (JUS)","owners":"","rfs":"","length":""}},{"type":"Feature","geometry":{"type":"MultiLineString","coordinates":[[[-68.2841,12.1638],[-68.5124,12.1759],[-68.8926,12.0904]]]},"properties":{"id":"jerry-newton","name":"Jerry Newton","owners":"","rfs":"","length":""}},{"type":"Feature","geometry":{"type":"MultiLineString","coordinates":[[[34.7697,32.045],[33.7501,32.4333],[31.0501,33.1897],[25.2001,34.7524],[23.4001,35.328],[22.0501,35.8769],[19.8001,37.6789],[19.1828,39.4847],[18.9001,40.0437],[18.7876,40.3873],[18.0001,40.9845],[16.8688,41.1257]]]},"properties":{"id":"jonah","name":"Jonah","owners":"","rfs":"","length":""}},{"type":"Feature","geometry":{"type":"MultiLineString","coordinates":[[[10.5146,57.2449],[10.6876,57.2386],[10.967,57.2726]],[[11.1993,57.3138],[11.7001,57.0249],[12.1501,56.8407],[12.6834,56.6834]]]},"properties":{"id":"kattegat-2","name":"Kattegat 2","owners":"","rfs":"","length":""}},{"type":"Feature","geometry":{"type":"MultiLineString","coordinates":[[[-149.4477,60.11],[-149.3998,59.9061],[-149.3998,59.6797],[-149.8498,59.4517],[-151.1998,58.9912],[-151.4248,58.5244],[-151.4248,58.0513],[-151.8748,57.5719],[-152.3291,57.4245],[-152.0998,57.5719],[-152.0998,57.6923],[-152.3952,57.7944],[-152.0998,57.8124],[-151.6498,58.0513],[-151.6498,58.5244],[-152.3248,59.1069],[-152.3248,59.5088],[-152.0998,59.5659],[-151.5442,59.6466],[-152.0998,59.6797],[-152.0998,59.9061],[-151.6498,60.3543],[-151.2687,60.5531],[-151.5919,60.7091],[-151.5919,60.8675],[-150.2334,61.2176],[-149.8584,61.2176]]]},"properties":{"id":"kodiak-kenai-fiber-link-kkfl","name":"Kodiak Kenai Fiber Link (KKFL)","owners":"","rfs":"","length":""}},{"type":"Feature","geometry":{"type":"MultiLineString","coordinates":[[[131.0319,33.8395],[130.5,34.3122],[128.9995,35.1704],[130.05,34.3122],[130.4016,33.5902]]]},"properties":{"id":"korea-japan-cable-network-kjcn","name":"Korea-Japan Cable Network (KJCN)","owners":"","rfs":"","length":""}},{"type":"Feature","geometry":{"type":"MultiLineString","coordinates":[[[49.95,29.4426],[50.312,29.246]],[[49.5,29.3446],[49.4781,29.0727]],[[47.9748,29.3741],[48.4875,29.3446],[49.5,29.3446],[49.95,29.4426],[50.5211,29.5708]]]},"properties":{"id":"kuwait-iran","name":"Kuwait-Iran","owners":"","rfs":"","length":""}},{"type":"Feature","geometry":{"type":"MultiLineString","coordinates":[[[-3.0508,53.809],[-3.5999,53.8685],[-4.3872,53.9679],[-4.5666,54.1003]]]},"properties":{"id":"lanis-1","name":"Lanis-1","owners":"","rfs":"","length":""}},{"type":"Feature","geometry":{"type":"MultiLineString","coordinates":[[[-4.6914,54.2224],[-4.7914,54.2808],[-5.3843,54.5429],[-5.4843,54.5429]]]},"properties":{"id":"lanis-2","name":"Lanis-2","owners":"","rfs":"","length":""}},{"type":"Feature","geometry":{"type":"MultiLineString","coordinates":[[[21.5701,57.3897],[21.1501,57.451],[19.5751,58.0513],[18.4501,58.4067],[18.0001,58.7586],[17.9465,58.9031]]]},"properties":{"id":"latvia-sweden-1-lv-se-1","name":"Latvia-Sweden 1 (LV-SE 1)","owners":"","rfs":"","length":""}},{"type":"Feature","geometry":{"type":"MultiLineString","coordinates":[[[31.0501,33.0012],[31.5001,33.9707],[32.4667,34.7666]],[[12.5914,37.6506],[12.6563,37.2324],[12.8251,36.8732],[13.5001,35.968],[14.4001,35.5114],[16.6501,35.2362],[19.3501,35.6029],[22.0501,35.1289],[23.4001,34.7138],[25.2001,34.405],[31.0501,33.0012],[33.7501,32.2432],[34.7697,32.045]]]},"properties":{"id":"lev-submarine-system","name":"Lev Submarine System","owners":"","rfs":"","length":""}},{"type":"Feature","geometry":{"type":"MultiLineString","coordinates":[[[12.0834,32.9335],[12.3751,33.0012],[12.5299,32.7749],[12.6422,32.9637],[13.0501,33.0012],[13.1874,32.8776],[13.5001,33.0012],[14.1751,32.8123],[14.2645,32.65],[14.4001,32.8123],[14.8501,32.8123],[15.0751,32.623],[15.095,32.3746],[15.3001,32.3383],[16.4251,31.4788],[16.5884,31.2056],[16.8751,31.2867],[17.5501,31.2867],[18.2251,30.9014],[18.412,30.587],[18.6751,30.7081],[19.3501,30.7081],[19.5765,30.3784],[19.5751,30.7081],[19.8001,31.8618],[20.0668,32.1169],[20.0251,32.4333],[20.2501,32.7177],[20.7001,32.8123],[20.95,32.717],[21.1501,33.0012],[21.6001,33.0012],[21.7418,32.8821],[22.0501,33.0012],[22.5001,33.0012],[22.6391,32.7636],[22.9501,32.8123],[23.8501,32.4333],[23.9604,32.0799]]]},"properties":{"id":"lfon-libyan-fiber-optic-network","name":"LFON (Libyan Fiber Optic Network)","owners":"","rfs":"","length":""}},{"type":"Feature","geometry":{"type":"MultiLineString","coordinates":[[[8.7816,-0.7207],[8.775,-0.3314],[9.0204,0.2659],[9.4543,0.3945]]]},"properties":{"id":"libreville-port-gentil-cable","name":"Libreville-Port Gentil Cable","owners":"","rfs":"","length":""}},{"type":"Feature","geometry":{"type":"MultiLineString","coordinates":[[[57.5101,-20.0775],[56.7,-20.1525],[55.8,-20.4691],[55.575,-20.5744],[55.5478,-20.8973],[55.35,-20.5744],[52.2,-18.8801],[49.4002,-18.1461]]]},"properties":{"id":"lower-indian-ocean-network-lion","name":"Lower Indian Ocean Network (LION)","owners":"","rfs":"","length":""}},{"type":"Feature","geometry":{"type":"MultiLineString","coordinates":[[[45.45,-11.9439],[45.1658,-12.8171]],[[39.7001,-4.0503],[42.3,-5.0499],[43.2,-5.7219],[45.45,-11.9439],[47.25,-11.9439],[48.6,-11.5033],[49.5,-11.5033],[50.4,-12.3838],[51.75,-17.1686],[52.2,-18.8801]]]},"properties":{"id":"lower-indian-ocean-network-2-lion2","name":"Lower Indian Ocean Network 2 (LION2)","owners":"","rfs":"","length":""}},{"type":"Feature","geometry":{"type":"MultiLineString","coordinates":[[[-3.5999,0.1186],[-3.9249,1.4684],[-4.0499,2.3679],[-4.0499,3.2668],[-4.0262,5.3235]],[[-19.804,15.2358],[-18.4499,15.2358],[-17.4457,14.6866]],[[-0.2043,5.5583],[0.0001,3.2798],[0.0001,0.8066]],[[-9.1074,38.6427],[-9.4499,38.2112],[-9.7874,37.2324],[-10.1249,35.7857],[-10.5749,33.9396],[-13.9499,29.7361],[-14.3999,28.9516],[-14.6249,28.1611],[-15.0749,26.9643],[-18.4499,22.8847],[-19.7999,19.9526],[-19.8041,15.2358],[-19.7999,11.7357],[-18.4499,8.6357],[-13.9499,3.2668],[-10.7999,0.1186],[-3.5999,0.1186],[0.0001,0.8066],[1.5751,1.9182],[2.2501,2.4803],[3.1501,4.1649],[3.4235,6.4391]]]},"properties":{"id":"mainone","name":"MainOne","owners":"","rfs":"","length":""}},{"type":"Feature","geometry":{"type":"MultiLineString","coordinates":[[[103.5,8.1905],[101.925,9.5244],[101.25,11.2947],[101.1375,12.1759],[101.2773,12.6707]],[[103.5067,10.6304],[103.6125,9.5244],[103.5,8.1905],[103.95,5.5101],[103.725,4.6136],[103.3952,4.1163]]]},"properties":{"id":"malaysia-cambodia-thailand-mct-cable","name":"Malaysia-Cambodia-Thailand (MCT) Cable","owners":"","rfs":"","length":""}},{"type":"Feature","geometry":{"type":"MultiLineString","coordinates":[[[145.7511,15.1782],[145.8,15.071],[145.6375,15.0115],[145.6875,14.8012],[145.4082,14.3657],[145.2125,14.1522],[145.125,13.9293],[145.0125,13.7108],[144.8095,13.5491]]]},"properties":{"id":"mariana-guam-cable","name":"Mariana-Guam Cable","owners":"","rfs":"","length":""}},{"type":"Feature","geometry":{"type":"MultiLineString","coordinates":[[[118.0822,-8.8411],[117.9,-8.5866],[117.5625,-8.364],[117.3375,-8.1785],[117.225,-7.7328]],[[116.6549,-8.5371],[116.55,-8.2527],[116.55,-8.03],[116.775,-7.8071],[117.225,-7.7328],[118.2375,-7.7328],[118.575,-7.9557],[118.7604,-8.3193],[118.7719,-8.3919],[118.7449,-8.4643]],[[120.253,-9.6458],[120.6,-9.2904],[120.6,-9.0683]],[[123.5834,-10.1829],[123.3,-10.0113],[122.85,-9.919],[121.725,-9.1794],[121.6427,-8.8457],[121.5,-9.0683],[120.6,-9.0683],[119.25,-9.0683],[118.7118,-8.7964]]]},"properties":{"id":"mataram-kupang-cable-system-mkcs","name":"Mataram Kupang Cable System (MKCS)","owners":"","rfs":"","length":""}},{"type":"Feature","geometry":{"type":"MultiLineString","coordinates":[[[103.9626,1.1347],[104.0199,1.2126],[104.1661,1.2306],[104.2879,1.1876],[104.625,1.1873],[104.85,1.131],[105.3,1.131]],[[105.3,1.131],[104.85,1.2435],[104.625,1.2295],[104.1944,1.2952],[103.987,1.3895]],[[106.8334,-6.1716],[106.875,-5.2739],[107.325,-4.6015],[107.2135,-3.03],[107.098,-2.1309],[106.7625,-0.3314],[105.3,1.131]]]},"properties":{"id":"matrix-cable-system","name":"Matrix Cable System","owners":"","rfs":"","length":""}},{"type":"Feature","geometry":{"type":"MultiLineString","coordinates":[[[-80.1602,26.0105],[-79.7624,25.3487],[-79.8749,24.7372],[-80.9999,23.9171],[-83.2499,23.7113],[-84.8249,22.8847],[-85.4999,21.6353],[-85.7249,20.375],[-84.8249,19.1044],[-82.1249,17.395],[-80.7749,16.1023],[-80.5499,13.9293],[-80.0999,13.0542],[-78.2999,10.632],[-76.4999,10.0787],[-75.5587,9.4964]],[[-86.7676,21.0957],[-86.5124,21.2688],[-86.1749,21.3212],[-85.4999,21.6353]],[[-83.0377,9.9886],[-82.9124,10.4108],[-80.7749,11.9559],[-80.0999,13.0542]],[[-87.9462,15.845],[-87.2999,16.5342],[-85.4999,18.2518],[-84.8249,19.1044]],[[-82.1249,17.395],[-81.1668,19.283]],[[-79.7535,9.4376],[-79.1999,9.9679],[-78.2999,10.632]]]},"properties":{"id":"maya-1","name":"Maya-1","owners":"","rfs":"","length":""}},{"type":"Feature","geometry":{"type":"MultiLineString","coordinates":[[[7.7554,36.9028],[7.6501,37.2324],[6.3001,38.6518],[5.5126,41.7444],[5.3725,43.2936]],[[6.3001,38.6518],[5.4001,38.2112],[3.1501,37.053],[3.0357,36.7621],[2.8126,37.053],[1.8001,37.053],[0.0001,36.3313],[-0.642,35.7016]]]},"properties":{"id":"med-cable-network","name":"Med Cable Network","owners":"","rfs":"","length":""}},{"type":"Feature","geometry":{"type":"MultiLineString","coordinates":[[[14.4588,35.9341],[14.6251,36.1499],[14.8501,36.6028],[14.8539,36.7339]]]},"properties":{"id":"melita-1","name":"Melita 1","owners":"","rfs":"","length":""}},{"type":"Feature","geometry":{"type":"MultiLineString","coordinates":[[[-74.2499,33.5655],[-75.5999,30.9014],[-77.3999,28.9516],[-79.1999,26.9643],[-79.6499,26.3611],[-80.1602,26.0105],[-79.6499,26.2602],[-78.9749,26.9643],[-77.8499,27.664],[-76.9499,27.7636],[-73.3499,26.9643],[-69.2999,24.9414],[-67.0499,22.053],[-65.9249,20.375],[-65.2499,18.8917],[-65.1936,18.2518],[-64.8193,17.7739],[-64.5749,18.1449],[-64.2374,18.3586],[-64.2374,18.8917],[-64.5999,20.9131],[-65.2499,24.9414],[-66.5999,28.1611],[-72.4499,38.6518],[-72.9123,40.7735],[-72.6749,38.6518],[-74.2499,33.5655]]]},"properties":{"id":"mid-atlantic-crossing-mac","name":"Mid-Atlantic Crossing (MAC)","owners":"","rfs":"","length":""}},{"type":"Feature","geometry":{"type":"MultiLineString","coordinates":[[[103.987,1.3895],[103.9781,1.1854],[103.9626,1.1347]]]},"properties":{"id":"moratelindo-international-cable-system-1-mic-1","name":"Moratelindo International Cable System-1 (MIC-1)","owners":"","rfs":"","length":""}},{"type":"Feature","geometry":{"type":"MultiLineString","coordinates":[[[2.7001,58.9912],[3.3751,59.9061],[4.5001,60.5761],[4.8303,60.5873]],[[3.6001,56.3452],[4.5001,56.5938],[6.3001,57.6923],[6.7528,58.0828]],[[-2.1068,57.1538],[-1.7999,57.0861],[2.7001,56.8407]],[[1.7293,52.4688],[1.9126,52.6233],[2.2501,53.2336],[2.4751,54.034],[2.8126,54.8194],[3.6001,56.3452],[2.985,56.5492],[2.7001,56.8407],[2.4751,57.8124],[2.7001,58.9912],[4.0501,58.8751],[5.1751,58.9912],[5.5245,59.2793]]]},"properties":{"id":"tampnet-offshore-foc-network","name":"Tampnet Offshore FOC Network","owners":"","rfs":"","length":""}},{"type":"Feature","geometry":{"type":"MultiLineString","coordinates":[[[-148.6847,60.773],[-148.5213,60.769],[-148.4135,60.7862],[-148.314,60.7771],[-148.1975,60.7763],[-148.0996,60.7524],[-148.0827,60.7256],[-148.0608,60.6912],[-148.0565,60.6588],[-147.8757,60.6064],[-147.6339,60.6025],[-147.5057,60.5745],[-147.4952,60.485],[-147.568,60.3118],[-147.6405,60.2512],[-147.7625,60.1187],[-147.7888,60.024],[-147.8943,59.9623],[-148.0093,59.8779],[-148.0813,59.8393],[-147.8248,59.4517],[-145.3498,58.5244],[-139.0498,56.8407],[-138.1498,55.8432],[-135.4498,54.034],[-132.2998,50.7403],[-127.7998,47.8054],[-125.0998,46.5824],[-124.1998,46.0384],[-123.5248,45.882],[-122.9898,45.5229]],[[-146.3534,61.1304],[-146.5593,61.1092],[-146.6595,61.0675],[-146.801,60.9659],[-146.8201,60.9192],[-146.8591,60.8588],[-147.0698,60.7877],[-147.33,60.7787],[-147.5308,60.7664],[-147.6833,60.765],[-147.7875,60.7646],[-147.89,60.7659],[-148.0282,60.7565],[-148.2105,60.7882],[-148.3224,60.7874],[-148.3869,60.791],[-148.4732,60.7835],[-148.5182,60.7774],[-148.6847,60.773]],[[-134.7473,58.551],[-134.8954,58.4981],[-134.9838,58.4917],[-135.0389,58.4602],[-135.0527,58.4136],[-135.0292,58.3655],[-135.0148,58.3057],[-135.0148,58.2388],[-135.0639,58.1868],[-135.1749,58.1792],[-135.2713,58.199],[-135.3524,58.2227],[-135.4475,58.2876],[-135.5459,58.3295],[-135.6319,58.3579],[-135.7696,58.3602],[-135.8835,58.3436],[-135.987,58.3271],[-136.113,58.3011],[-136.2841,58.2885],[-136.3921,58.2745],[-136.4776,58.2409],[-136.5506,58.1985],[-136.8713,58.1452],[-139.0498,56.8407]]]},"properties":{"id":"northstar","name":"NorthStar","owners":"","rfs":"","length":""}},{"type":"Feature","geometry":{"type":"MultiLineString","coordinates":[[[0.6751,37.5898],[2.8126,37.1427],[3.0357,36.7621]],[[-0.377,39.4596],[0.4501,39.177],[0.9001,38.6518],[0.6751,37.5898],[0.0001,36.5124],[-0.642,35.7016]]]},"properties":{"id":"oran-valencia-orval","name":"Oran-Valencia (ORVAL)","owners":"","rfs":"","length":""}},{"type":"Feature","geometry":{"type":"MultiLineString","coordinates":[[[-66.1067,18.4661],[-65.6999,18.572],[-64.8357,18.5753],[-64.5972,18.4144]],[[-76.0499,10.8531],[-75.5057,10.3868]],[[-70.0499,12.6169],[-69.7499,13.9293]],[[-70.0499,12.6169],[-69.2999,12.6154],[-68.9624,12.3957],[-68.957,12.1688]],[[-81.6556,30.3321],[-80.5499,30.3205],[-79.1999,30.126],[-73.3499,29.5405],[-69.2999,27.5643],[-66.3749,23.7113],[-64.7999,20.7963],[-64.4624,18.8917],[-64.5972,18.4144],[-64.3499,18.3052],[-64.2374,18.2518],[-64.2374,17.8239],[-66.1499,16.1023],[-69.7499,13.9293],[-71.5499,13.9293],[-74.2499,12.6154],[-76.0499,10.8531],[-78.2999,10.8531],[-79.3124,9.9679],[-79.7535,9.4377]],[[-79.5666,8.9503],[-79.3124,8.1905],[-78.7499,7.2988],[-78.7499,5.062],[-80.9999,2.3679],[-80.9999,0.5686],[-80.8874,-0.3314],[-80.7161,-0.9497]]]},"properties":{"id":"pacific-caribbean-cable-system-pccs","name":"Pacific Caribbean Cable System (PCCS)","owners":"","rfs":"","length":""}},{"type":"Feature","geometry":{"type":"MultiLineString","coordinates":[[[-179.9998,49.0003],[-151.1998,49.0003],[-138.5998,48.4064],[-125.0998,48.4064],[-124.6498,48.481],[-123.7498,48.2568],[-122.8498,48.2193],[-122.3022,47.8863],[-122.8498,48.1818],[-123.7498,48.1818],[-124.6498,48.4064],[-125.0998,48.2568],[-127.3498,42.7437],[-126.4498,38.6518],[-122.8498,35.6029],[-120.6215,35.1209],[-122.8498,35.4198],[-129.5998,38.6518],[-138.5998,42.7437],[-151.1998,44.0516],[-179.9998,44.0516]],[[179.9999,44.0515],[172.7999,44.0515],[160.2,41.4077],[143.1,33.9396],[138.6,33.0012],[137.7,33.4717],[136.874,34.3368],[137.7,33.7528],[138.6,33.5655],[140.85,34.3122],[141.525,35.0522],[141.525,35.7857],[140.6125,36.3835],[142.2,36.1499],[149.4,39.6983],[160.2,45.9602],[172.8,49.0003],[180.0,49.0003]]]},"properties":{"id":"pacific-crossing-1-pc-1","name":"Pacific Crossing-1 (PC-1)","owners":"","rfs":"","length":""}},{"type":"Feature","geometry":{"type":"MultiLineString","coordinates":[[[119.5004,10.82],[120.15,10.8531],[121.05,11.074],[121.5,10.8531],[121.9413,10.7493]]]},"properties":{"id":"palawa-iloilo-cable-system","name":"Palawa-Iloilo Cable System","owners":"","rfs":"","length":""}},{"type":"Feature","geometry":{"type":"MultiLineString","coordinates":[[[-85.0499,7.7449],[-84.5999,8.6357],[-84.4522,9.5259]],[[-118.7998,31.2867],[-117.4498,32.4333],[-117.0382,32.531]],[[-106.4219,23.1997],[-107.5498,22.053],[-107.9998,20.375]],[[-79.5465,8.9341],[-79.7624,8.1905],[-79.6499,7.2988],[-80.0999,6.8522],[-80.9999,6.8522],[-85.0499,7.7449],[-87.2999,9.5244],[-98.0999,14.3657],[-102.5999,16.1023],[-106.6499,18.6786],[-107.9998,20.375],[-111.5998,22.4694],[-116.0998,27.7636],[-118.7998,31.2867],[-120.5998,32.8123],[-121.0498,34.3122],[-120.6215,35.1209]]]},"properties":{"id":"pan-american-crossing-pac","name":"Pan-American Crossing (PAC)","owners":"","rfs":"","length":""}},{"type":"Feature","geometry":{"type":"MultiLineString","coordinates":[[[2.0013,41.3044],[1.8001,40.7292],[1.8001,40.0437],[2.0251,39.3512],[2.4751,39.177],[2.971,39.3548]]]},"properties":{"id":"penbal-5","name":"PENBAL-5","owners":"","rfs":"","length":""}},{"type":"Feature","geometry":{"type":"MultiLineString","coordinates":[[[-6.0871,36.2767],[-6.7499,36.2407],[-8.5499,35.8769],[-9.4499,35.4198],[-11.2499,33.9396],[-14.8499,29.7361],[-15.1874,28.9516],[-16.0312,28.4414],[-16.3717,28.3555]]]},"properties":{"id":"pencan-8","name":"Pencan-8","owners":"","rfs":"","length":""}},{"type":"Feature","geometry":{"type":"MultiLineString","coordinates":[[[-60.1354,46.2515],[-59.3999,46.5824],[-58.9499,47.1974],[-58.6865,47.6177]],[[-58.6865,47.6177],[-59.1749,47.1974],[-59.6249,46.5824],[-60.1354,46.2515]]]},"properties":{"id":"persona","name":"Persona","owners":"","rfs":"","length":""}},{"type":"Feature","geometry":{"type":"MultiLineString","coordinates":[[[166.489,-20.7056],[166.4664,-20.8272],[166.1619,-20.9771]],[[165.3416,-20.9456],[165.8578,-21.0246],[166.1619,-20.9771],[166.6804,-20.9927],[166.9812,-20.849],[167.1515,-20.7806]]]},"properties":{"id":"picot-1","name":"Picot-1","owners":"","rfs":"","length":""}},{"type":"Feature","geometry":{"type":"MultiLineString","coordinates":[[[145.7847,-5.2337],[146.025,-5.1619],[146.675,-5.137],[146.9078,-4.8389]],[[151.207,-33.8696],[152.1,-33.1795],[153.9,-31.8515],[154.8,-28.7438],[154.8,-25.5409],[154.35,-18.8801],[153.9,-15.441],[154.8,-11.9439],[154.8,-10.1775],[153.0,-8.4011],[149.4,-7.0634],[148.05,-6.2254],[147.6,-5.7778],[147.3187,-5.2739],[146.9078,-4.8389],[145.9,-2.3308],[146.6553,1.5193],[146.25,7.7449],[145.35,12.1759],[145.125,12.6154],[144.7875,13.2732],[144.6947,13.4648]]]},"properties":{"id":"pipe-pacific-cable-1-ppc-1","name":"PIPE Pacific Cable-1 (PPC-1)","owners":"","rfs":"","length":""}},{"type":"Feature","geometry":{"type":"MultiLineString","coordinates":[[[32.4667,34.7666],[32.7376,34.4978],[33.3001,34.4978],[33.6106,34.8273]]]},"properties":{"id":"poseidon","name":"POSEIDON","owners":"","rfs":"","length":""}},{"type":"Feature","geometry":{"type":"MultiLineString","coordinates":[[[51.5193,25.2946],[52.2,25.6533],[52.4202,25.6689],[52.65,25.4503],[52.866,25.1526],[54.0,24.5327],[54.4191,24.444]]]},"properties":{"id":"qatar-u-a-e-submarine-cable-system","name":"Qatar-U.A.E. Submarine Cable System","owners":"","rfs":"","length":""}},{"type":"Feature","geometry":{"type":"MultiLineString","coordinates":[[[-73.4795,-43.1175],[-73.51,-44.1216],[-73.5707,-44.6976],[-73.6315,-45.1341],[-73.5606,-45.3393],[-73.4217,-45.3533],[-73.2801,-45.2821],[-73.1983,-45.2818],[-73.0476,-45.4179],[-72.8051,-45.4583]]]},"properties":{"id":"fos-quellon-chacabuco","name":"FOS Quellon-Chacabuco","owners":"","rfs":"","length":""}},{"type":"Feature","geometry":{"type":"MultiLineString","coordinates":[[[132.874,42.8127],[133.65,42.3292],[134.775,41.4077],[137.025,38.6518],[138.242,37.17],[137.25,38.6518],[135.0,41.4077],[133.65,42.4124],[132.874,42.8127]]]},"properties":{"id":"russia-japan-cable-network-rjcn","name":"Russia-Japan Cable Network (RJCN)","owners":"","rfs":"","length":""}},{"type":"Feature","geometry":{"type":"MultiLineString","coordinates":[[[31.758,-28.9506],[32.6251,-29.5299],[33.3001,-30.31]],[[76.2696,9.9384],[76.05,9.5244],[76.5,4.1649],[77.4,0.5686]],[[54.45,-20.5744],[54.9,-20.7849],[55.2792,-21.0001],[55.35,-20.7849],[55.8,-20.5744],[56.7,-20.7849],[57.15,-20.9951],[57.825,-20.9951],[58.275,-20.5744],[60.3,-18.8801],[63.0,-14.5717],[65.7,-11.9439],[72.9,-8.4011],[75.15,-6.6167],[76.95,-3.03],[77.4,0.5686],[81.0,1.4684],[85.5,-1.0064],[90.0,-0.1064],[92.7,3.9405],[94.275,4.8378],[95.4,5.734],[97.425,5.734],[99.675,5.3981],[100.363,5.3538]],[[18.4459,-33.7272],[18.0001,-34.116],[17.7751,-34.8578],[18.4501,-36.3215],[19.8001,-37.4016],[23.4001,-37.4016],[26.1001,-36.3215],[33.3001,-30.31],[38.7,-28.7438],[41.4,-28.7438],[45.45,-28.7438],[47.25,-27.9517],[52.65,-23.0806],[54.0,-20.9951],[54.45,-20.5744],[54.9,-20.3636],[55.8,-20.3636],[56.7,-20.5744],[57.15,-20.5744],[57.4855,-20.474],[57.6,-20.6797],[57.825,-20.9951]]]},"properties":{"id":"safe","name":"SAFE","owners":"","rfs":"","length":""}},{"type":"Feature","geometry":{"type":"MultiLineString","coordinates":[[[-66.0169,18.4418],[-65.6999,18.6786],[-65.2499,18.8917],[-63.8999,18.6786],[-63.1457,18.0597],[-63.1156,18.0477],[-63.0737,18.031]]]},"properties":{"id":"sint-maarten-puerto-rico-network-one-smpr-1","name":"Sint Maarten Puerto Rico Network One (SMPR-1)","owners":"","rfs":"","length":""}},{"type":"Feature","geometry":{"type":"MultiLineString","coordinates":[[[-171.7667,-13.8335],[-171.4498,-13.8083],[-170.9998,-13.9175],[-170.6957,-14.2765]]]},"properties":{"id":"samoa-american-samoa-sas","name":"Samoa-American Samoa (SAS)","owners":"","rfs":"","length":""}},{"type":"Feature","geometry":{"type":"MultiLineString","coordinates":[[[-10.3499,33.9396],[-8.5499,35.4198],[-7.1999,36.3313],[-6.4289,36.7313]],[[7.6501,0.3436],[8.5501,0.3436],[9.4543,0.3945]],[[2.2501,2.9298],[2.0251,3.8282],[2.0251,5.062],[2.4401,6.3567]],[[-14.8499,26.9643],[-15.8625,27.8079],[-15.8625,27.9428],[-15.7,27.9998]],[[13.3724,-8.7767],[12.6001,-9.0146],[11.7001,-9.5124],[9.6751,-10.6201]],[[9.7064,4.0473],[9.2251,3.2668],[8.1001,2.8175],[6.3001,2.5927]],[[-0.2043,5.5583],[-0.2249,3.2798],[-0.2249,1.4815]],[[-4.0262,5.3235],[-3.9374,3.2668],[-3.8249,2.3679],[-3.6999,1.4684],[-3.5999,1.0185]],[[-17.4457,14.6866],[-18.4499,15.0186],[-19.3499,15.0186]],[[2.9251,4.1649],[5.4001,2.8175],[6.3001,2.5927],[7.4251,1.4684],[7.6501,0.3436],[8.1001,-4.8257],[8.5501,-6.6167],[9.6751,-10.6201],[9.4501,-18.0264],[10.8001,-23.4939],[14.4001,-30.31],[15.9751,-32.6128],[17.5501,-33.649],[18.4459,-33.7272]],[[-9.1027,38.4431],[-9.2249,38.1227],[-9.5624,37.2324],[-9.8999,35.7857],[-10.3499,33.9396],[-12.8249,30.126],[-13.7249,28.1611],[-14.8499,26.9643],[-17.9999,22.8847],[-19.3499,19.9526],[-19.3499,15.0186],[-19.3499,11.7357],[-17.9999,8.6357],[-13.4999,3.716],[-10.7999,1.0185],[-3.5999,1.0185],[-0.2249,1.4815],[1.5751,2.5927],[2.2501,2.9298],[2.9251,4.1649],[3.4235,6.4391]]]},"properties":{"id":"sat-3wasc","name":"SAT-3/WASC","owners":"","rfs":"","length":""}},{"type":"Feature","geometry":{"type":"MultiLineString","coordinates":[[[12.6405,56.0707],[12.6681,56.0573],[12.6958,56.0439],[12.683,56.0247],[12.6703,56.0056],[12.6418,56.0195],[12.6132,56.0334],[12.6269,56.052],[12.6405,56.0707]]]},"properties":{"id":"scandinavian-ring-north","name":"Scandinavian Ring North","owners":"","rfs":"","length":""}},{"type":"Feature","geometry":{"type":"MultiLineString","coordinates":[[[12.6703,55.5937],[12.8251,55.5897],[12.9188,55.5568],[12.7688,55.5579],[12.6703,55.5937]]]},"properties":{"id":"scandinavian-ring-south","name":"Scandinavian Ring South","owners":"","rfs":"","length":""}},{"type":"Feature","geometry":{"type":"MultiLineString","coordinates":[[[-5.1155,54.844],[-5.1749,54.7545],[-5.2874,54.6895],[-5.5387,54.643]]]},"properties":{"id":"scotland-northern-ireland-1","name":"Scotland-Northern Ireland 1","owners":"","rfs":"","length":""}},{"type":"Feature","geometry":{"type":"MultiLineString","coordinates":[[[-46.4125,-24.0089],[-44.5499,-25.3603],[-41.3999,-25.5409],[-36.6749,-24.1115],[-31.0497,-18.0253],[-29.2497,-13.6978],[-28.5749,-9.2904],[-30.8249,-4.1528],[-34.1999,0.5686],[-39.5999,7.7449],[-48.5999,19.9526],[-62.9999,34.683],[-65.6999,37.5898],[-68.3999,39.177],[-71.0999,39.6117],[-74.0629,40.1528]]]},"properties":{"id":"seabras-1","name":"Seabras-1","owners":"","rfs":"","length":""}},{"type":"Feature","geometry":{"type":"MultiLineString","coordinates":[[[39.2697,-6.8231],[40.5,-6.8401],[42.75,-6.6167],[52.2,-4.8257],[54.0,-4.6015],[55.4451,-4.6176]]]},"properties":{"id":"seychelles-to-east-africa-system-seas","name":"Seychelles to East Africa System (SEAS)","owners":"","rfs":"","length":""}},{"type":"Feature","geometry":{"type":"MultiLineString","coordinates":[[[-4.3333,60.3334],[-4.0499,60.2428],[-3.5999,60.2428],[-2.9249,60.3543],[-2.6999,60.4099],[-2.2949,60.441]],[[-2.5237,57.6669],[-2.6999,57.9321],[-2.6999,58.5244],[-2.9,58.8334],[-2.4749,58.8751],[-1.3499,59.6797],[-1.2385,59.9961],[-1.2674,60.0041],[-1.3237,60.0041],[-1.7999,60.0187],[-2.9249,60.3543],[-6.2999,61.8756],[-6.7718,62.0176]]]},"properties":{"id":"shefa-2","name":"SHEFA-2","owners":"","rfs":"","length":""}},{"type":"Feature","geometry":{"type":"MultiLineString","coordinates":[[[22.6391,32.7636],[22.9501,33.5655],[23.1751,35.4198],[23.5126,35.74],[23.7376,35.74],[24.0122,35.512]]]},"properties":{"id":"silphium","name":"Silphium","owners":"","rfs":"","length":""}},{"type":"Feature","geometry":{"type":"MultiLineString","coordinates":[[[-3.0508,53.809],[-3.5999,53.8021],[-5.6249,53.5021],[-6.2483,53.3481]]]},"properties":{"id":"sirius-south","name":"Sirius South","owners":"","rfs":"","length":""}},{"type":"Feature","geometry":{"type":"MultiLineString","coordinates":[[[-5.8081,54.714],[-5.5921,54.714],[-4.9499,55.3346],[-4.7835,55.6379]]]},"properties":{"id":"sirius-north","name":"Sirius North","owners":"","rfs":"","length":""}},{"type":"Feature","geometry":{"type":"MultiLineString","coordinates":[[[-46.3281,-23.9618],[-44.5499,-24.8169],[-42.7499,-24.7261],[-40.9499,-23.2874],[-39.0374,-21.9374],[-37.3499,-18.0264],[-36.4499,-13.699],[-33.7499,-8.4011],[-33.7499,-6.6167],[-34.6499,-4.8257],[-35.9999,-4.1528],[-38.543,-3.7187],[-38.4749,-1.2313],[-39.5999,1.4684],[-46.7999,8.6357],[-52.1999,13.9293],[-57.5999,16.5342],[-59.3999,17.8239],[-62.0999,19.1044],[-65.2499,18.9981],[-65.6999,18.7852],[-65.9811,18.6786],[-66.1067,18.4661],[-66.3749,19.1044],[-66.3749,20.375],[-67.4999,22.053],[-69.2999,23.2986],[-73.3499,25.3487],[-76.9499,27.3647],[-77.8499,27.4645],[-79.6499,26.7134],[-80.0889,26.3506]],[[-46.3281,-23.9618],[-45.4499,-25.1342],[-43.6499,-27.9517],[-45.8999,-32.6128],[-50.8499,-35.2263],[-53.9999,-36.3215],[-56.6954,-36.471]],[[-44.5499,-24.8169],[-43.4249,-23.906],[-43.2096,-22.9035]],[[-80.9144,-2.2729],[-81.4499,-2.5805],[-84.1499,-3.03]],[[-81.0538,-4.1538],[-81.4499,-3.4793],[-81.4499,-2.5805]],[[-66.1067,18.4661],[-66.4874,18.6786],[-67.0499,18.7852],[-67.4999,18.4654],[-67.7249,17.8239],[-70.1999,14.5835],[-71.5499,13.7108],[-74.1471,12.4169],[-74.8124,11.7357],[-74.7798,10.9404]],[[-38.5045,-12.97],[-37.3499,-13.699],[-36.4499,-13.699]],[[-80.0889,26.3506],[-79.8749,25.3487],[-80.0999,24.7372],[-80.9999,24.1226],[-83.2499,23.9171],[-84.8249,23.0918],[-85.7249,21.6353],[-86.1749,20.375],[-87.0749,18.2518],[-87.7499,16.9651],[-87.9749,16.5342],[-88.3124,16.1023],[-88.5971,15.7272]],[[-71.6204,-33.0455],[-71.9999,-31.8515],[-73.7999,-27.1538],[-72.8999,-19.5176],[-70.3068,-18.4735],[-72.8999,-19.0929],[-75.5999,-18.4538],[-77.8499,-15.441],[-78.0749,-13.699],[-77.8499,-12.823],[-76.8743,-12.2784],[-79.1999,-12.3838],[-81.8999,-11.5033],[-84.1499,-6.6167],[-84.1499,-3.03],[-86.3999,0.5686],[-90.4499,3.716],[-91.7999,9.5244],[-91.3499,13.0542],[-90.8222,13.9348]],[[-67.4999,18.4654],[-68.0624,18.6786],[-68.4382,18.6214]]]},"properties":{"id":"south-america-1-sam-1","name":"South America-1 (SAm-1)","owners":"","rfs":"","length":""}},{"type":"Feature","geometry":{"type":"MultiLineString","coordinates":[[[-77.0403,3.8837],[-78.2999,4.1649],[-79.6499,5.062]],[[-56.6954,-36.471],[-53.9999,-36.14],[-50.8499,-34.8578],[-46.7999,-32.6128],[-44.5499,-27.9517],[-45.6749,-25.1342],[-46.3281,-23.9618],[-44.9999,-24.3167],[-43.6499,-23.7001],[-43.2096,-22.9035],[-42.2999,-23.8031],[-40.9499,-24.1115],[-37.6874,-23.184],[-33.7499,-18.0264],[-31.9499,-13.699],[-30.5999,-9.2904],[-31.8374,-5.1619],[-34.1999,-3.8161],[-35.9999,-3.2547],[-38.543,-3.7187],[-38.6999,-1.2313],[-40.0499,1.4684],[-46.7999,6.8522],[-51.2999,8.6357],[-54.8999,10.8531],[-57.1499,13.0542],[-60.2999,16.5342],[-61.6499,17.395],[-63.4499,17.8239],[-64.1249,18.038],[-64.5749,18.038],[-64.8193,17.7739],[-64.9914,17.8313],[-66.1499,16.9651],[-68.3999,15.886],[-70.1999,15.2358],[-71.5499,14.5835],[-74.2499,13.2732],[-78.2999,11.5153],[-79.8749,9.9679],[-79.9003,9.3538]],[[-67.0339,10.6081],[-67.3874,11.2947],[-67.7249,12.6154],[-68.8499,13.9293],[-70.1999,15.2358]],[[-71.6204,-33.0455],[-72.4499,-31.8515],[-74.2499,-27.1538],[-78.2999,-15.441],[-78.2999,-13.699],[-78.0749,-12.823],[-76.8743,-12.2784],[-79.1999,-12.164],[-80.9999,-11.5033],[-83.2499,-6.6167],[-83.2499,-3.03],[-82.7999,0.5686],[-81.8999,2.3679],[-79.6499,5.062],[-79.1999,7.2988],[-79.5374,8.1905],[-79.5465,8.9341]]]},"properties":{"id":"south-american-crossing-sac","name":"South American Crossing (SAC)","owners":"","rfs":"","length":""}},{"type":"Feature","geometry":{"type":"MultiLineString","coordinates":[[[-38.543,-3.7187],[-35.9999,-2.8053],[-34.1999,-2.5805],[-29.8124,-3.1423],[-19.7999,-6.6167],[-5.3999,-8.4011],[7.2001,-9.0683],[11.7001,-9.0683],[12.6001,-9.1985],[13.2014,-9.4901]]]},"properties":{"id":"south-atlantic-cable-system-sacs","name":"South Atlantic Cable System (SACS)","owners":"","rfs":"","length":""}},{"type":"Feature","geometry":{"type":"MultiLineString","coordinates":[[[-155.822,20.0233],[-156.1498,20.2695],[-156.8969,20.457],[-157.3473,20.5096],[-157.8585,20.8939],[-158.1306,21.3541]],[[-122.9898,45.5229],[-123.5248,45.8232],[-124.1998,45.8624],[-125.0998,45.3311],[-128.6998,42.7437],[-138.5998,35.0522],[-147.5998,30.5145],[-152.9998,26.5625],[-157.9498,22.9077],[-158.5123,22.053],[-158.5123,21.7398],[-158.5123,21.6353],[-158.1306,21.3541],[-158.7373,20.7963],[-159.9748,18.6786],[-162.8998,14.8012],[-166.4998,10.4108],[-171.8998,2.3679],[-176.3998,-6.6167],[-179.5498,-16.9535],[-179.9998,-17.3834]],[[-179.9998,-35.593],[-175.4998,-34.116],[-172.7998,-25.5409],[-169.1998,-15.441],[-168.2998,-10.1775],[-163.7998,2.3679],[-160.1998,13.0542],[-157.4998,18.6786],[-156.4873,19.741],[-155.8564,20.0037],[-155.9248,20.2695],[-155.6998,20.5858],[-152.9998,23.2986],[-147.5998,25.7547],[-138.5998,27.3647],[-127.7998,31.6705],[-122.3998,34.4978],[-120.8472,35.3671]],[[180.0,-17.3834],[178.875,-18.0288],[178.4374,-18.1238],[178.0874,-18.6671],[177.9749,-18.8801],[173.7,-23.906],[166.5,-27.1538],[160.65,-31.0838],[154.8001,-32.6128],[152.1,-33.8361],[151.274,-33.7612]],[[151.1963,-33.9136],[152.1,-34.2091],[155.7,-35.2263],[159.3,-35.7758],[167.4,-36.3215],[172.8,-36.6833],[174.6234,-36.7876]],[[174.7679,-36.7878],[175.0499,-36.593],[175.0499,-36.14],[175.4999,-35.7758],[178.6499,-36.14],[179.9999,-35.593]]]},"properties":{"id":"southern-cross-cable-network-sccn","name":"Southern Cross Cable Network (SCCN)","owners":"","rfs":"","length":""}},{"type":"Feature","geometry":{"type":"MultiLineString","coordinates":[[[-64.8431,18.3225],[-64.6845,17.7823],[-64.7032,17.7467],[-64.7032,17.7823],[-64.7217,17.8013],[-64.9001,17.8013],[-64.9001,17.7481],[-64.8815,17.7124],[-64.9186,17.7481],[-64.9939,18.3246]],[[-64.9939,18.3246],[-64.9846,18.3335],[-64.9753,18.3424],[-64.9616,18.3391],[-64.948,18.3357],[-64.9459,18.332],[-64.9438,18.3282],[-64.9508,18.3206],[-64.9578,18.3129],[-64.9275,18.3028],[-64.8973,18.2926],[-64.8702,18.3075],[-64.8431,18.3225]]]},"properties":{"id":"st-thomas-st-croix-system","name":"St. Thomas-St. Croix System","owners":"","rfs":"","length":""}},{"type":"Feature","geometry":{"type":"MultiLineString","coordinates":[[[-16.3623,28.3776],[-15.2881,28.3885],[-15.1801,28.3885],[-15.1801,28.0604],[-15.4088,28.041]]]},"properties":{"id":"subcan-link-1","name":"Subcan Link 1","owners":"","rfs":"","length":""}},{"type":"Feature","geometry":{"type":"MultiLineString","coordinates":[[[-16.3623,28.3776],[-15.2881,28.4841],[-15.0721,28.4841],[-15.0721,28.0604],[-15.4088,28.041]]]},"properties":{"id":"subcan-link-2","name":"Subcan Link 2","owners":"","rfs":"","length":""}},{"type":"Feature","geometry":{"type":"MultiLineString","coordinates":[[[-56.3754,5.8866],[-56.3624,6.4052],[-56.4749,7.2988],[-57.3749,8.1905],[-60.2999,10.632],[-60.7499,10.8531],[-60.9749,10.9636],[-61.4249,10.8531],[-61.6508,10.6863]],[[-58.1549,6.8043],[-57.7124,7.2988],[-57.3749,8.1905]]]},"properties":{"id":"suriname-guyana-submarine-cable-system-sg-scs","name":"Suriname-Guyana Submarine Cable System (SG-SCS)","owners":"","rfs":"","length":""}},{"type":"Feature","geometry":{"type":"MultiLineString","coordinates":[[[15.5578,78.2219],[14.4001,78.179],[13.5001,78.179],[12.6001,78.0399],[11.7001,77.0707],[12.6001,73.4221],[16.2001,69.7372],[16.8751,69.1046],[16.8751,68.8625],[16.5125,68.7069],[16.9876,68.8625],[17.1001,69.1046],[16.6501,69.7372],[13.0501,73.4221],[12.1501,77.0707],[13.0501,78.0399],[13.5001,78.1328],[14.4001,78.1559],[15.5578,78.2219]]]},"properties":{"id":"svalbard-undersea-cable-system","name":"Svalbard Undersea Cable System","owners":"","rfs":"","length":""}},{"type":"Feature","geometry":{"type":"MultiLineString","coordinates":[[[24.7525,59.4364],[24.4126,59.5088],[23.8501,59.4517],[23.1751,59.2222],[22.7364,59.0001],[22.0501,59.1069],[20.2501,59.2797],[18.9001,59.2797],[18.6884,59.2928]]]},"properties":{"id":"sweden-estonia-ee-s-1","name":"Sweden-Estonia (EE-S 1)","owners":"","rfs":"","length":""}},{"type":"Feature","geometry":{"type":"MultiLineString","coordinates":[[[18.7013,59.7598],[19.1251,59.7364],[20.2501,59.6797],[21.3751,59.7931],[21.8289,60.1861],[21.9894,60.2846],[22.2592,60.4494]]]},"properties":{"id":"sweden-finland-4-sfs-4","name":"Sweden-Finland 4 (SFS-4)","owners":"","rfs":"","length":""}},{"type":"Feature","geometry":{"type":"MultiLineString","coordinates":[[[19.9378,60.114],[19.5751,60.0187],[19.1251,59.9624],[18.8167,59.9835]]]},"properties":{"id":"sweden-finland-link-sfl","name":"Sweden-Finland Link (SFL)","owners":"","rfs":"","length":""}},{"type":"Feature","geometry":{"type":"MultiLineString","coordinates":[[[-66.0828,18.4536],[-66.0306,18.4443],[-66.0169,18.4418],[-65.6999,18.4654],[-64.9371,18.373]]]},"properties":{"id":"taino-carib","name":"Taino-Carib","owners":"","rfs":"","length":""}},{"type":"Feature","geometry":{"type":"MultiLineString","coordinates":[[[119.2925,26.0718],[119.7,26.0583],[121.1625,25.7547],[121.4626,25.1817]]]},"properties":{"id":"taiwan-strait-express-1-tse-1","name":"Taiwan Strait Express-1 (TSE-1)","owners":"","rfs":"","length":""}},{"type":"Feature","geometry":{"type":"MultiLineString","coordinates":[[[32.4667,34.7666],[32.6251,34.4978],[33.5251,33.5655],[34.2001,33.0012],[34.9988,32.8116]]]},"properties":{"id":"tamares-north","name":"Tamares North","owners":"","rfs":"","length":""}},{"type":"Feature","geometry":{"type":"MultiLineString","coordinates":[[[1.441,51.3586],[1.8001,51.236],[2.4751,51.236],[2.9128,51.2312]]]},"properties":{"id":"tangerine","name":"Tangerine","owners":"","rfs":"","length":""}},{"type":"Feature","geometry":{"type":"MultiLineString","coordinates":[[[174.8718,-37.8014],[174.6,-37.7582],[172.8,-37.4016],[167.4,-37.0433],[159.3,-36.5026],[155.7,-35.593],[152.1,-34.3021],[151.2451,-33.7371]]]},"properties":{"id":"tasman-global-access-tga-cable","name":"Tasman Global Access (TGA) Cable","owners":"","rfs":"","length":""}},{"type":"Feature","geometry":{"type":"MultiLineString","coordinates":[[[-2.9749,51.2224],[-4.0499,51.3767],[-5.3999,51.236],[-7.1999,51.0242],[-10.7999,50.3112],[-16.1999,49.5873],[-23.3999,49.0003],[-39.5999,45.0138],[-50.3999,42.5783],[-61.1999,41.0693],[-68.3999,40.7292],[-71.0999,40.3016],[-74.0629,40.1528]],[[-2.9749,51.2224],[-4.0499,51.4117],[-5.3999,51.3064],[-7.1999,51.1655],[-10.7999,50.4546],[-16.1999,49.8781],[-23.3999,49.5873],[-39.5999,45.6465],[-50.3999,43.0733],[-61.1999,41.4077],[-68.3999,40.8995],[-71.0999,40.3873],[-74.0629,40.1528]]]},"properties":{"id":"tata-tgn-atlantic","name":"Tata TGN-Atlantic","owners":"","rfs":"","length":""}},{"type":"Feature","geometry":{"type":"MultiLineString","coordinates":[[[61.875,18.6786],[61.875,22.4694],[59.85,23.8142],[58.5,24.4303],[57.0375,25.1452],[56.8125,25.3487],[56.925,26.1593],[56.7563,26.5625],[56.25,26.6128],[55.8,26.2602],[55.35,26.0583],[53.55,26.0583],[52.425,26.5625],[51.75,26.9643],[51.075,27.3647],[50.5125,26.9643],[50.2875,26.4618],[50.2142,26.2854]],[[55.3085,25.2694],[55.1813,25.5519],[55.2375,25.856],[55.35,26.0583]],[[56.3337,25.1217],[56.8125,25.3487]],[[58.5911,23.6151],[58.95,23.8142],[59.85,23.8142]],[[50.576,26.2295],[51.1875,26.5625],[51.75,26.9643]],[[51.5193,25.2946],[51.975,26.0583],[52.425,26.5625]]]},"properties":{"id":"tata-tgn-gulf","name":"Tata TGN-Gulf","owners":"","rfs":"","length":""}},{"type":"Feature","geometry":{"type":"MultiLineString","coordinates":[[[-118.2454,34.0534],[-118.7998,34.0795],[-120.5998,33.9396],[-122.3998,34.3122],[-125.5498,38.6518],[-126.4498,42.7437],[-125.0998,45.0138],[-124.1998,45.7448],[-123.5248,45.7644],[-122.9898,45.5229],[-123.5248,45.8428],[-124.1998,45.9211],[-125.0998,46.0384],[-129.5998,46.2722],[-138.5998,47.1974],[-151.1998,47.8054],[-179.9998,47.8054]],[[-122.9898,45.5229],[-123.5248,45.8624],[-124.1998,45.9798],[-125.0998,46.1944],[-129.5998,46.5824],[-138.5998,47.8054],[-151.1998,48.4064],[-179.9998,48.4064]],[[180.0,48.4064],[172.8,48.4064],[160.2,45.3311],[149.4,39.3512],[141.3,35.0522],[140.3437,35.0522],[140.0611,35.0623]],[[180.0,47.8054],[172.8,47.8054],[160.2,44.6948],[149.4,39.0024],[143.1,35.0522],[138.6,34.0329],[137.7,34.3122],[137.3916,34.7691],[137.5875,34.3122],[138.6,24.1226],[139.95,21.6353],[142.2,16.9651],[143.325,15.2358],[144.225,13.9293],[144.6947,13.4648]]]},"properties":{"id":"tata-tgn-pacific","name":"Tata TGN-Pacific","owners":"","rfs":"","length":""}},{"type":"Feature","geometry":{"type":"MultiLineString","coordinates":[[[80.243,13.0639],[81.45,12.1759],[83.7,10.4108],[89.1,9.0803],[93.15,8.5184],[95.4,7.5219],[97.425,6.5729],[99.225,5.2861],[99.9,4.6136],[100.575,3.2668],[101.25,2.5927],[102.15,2.0869],[102.6828,1.7269],[103.3407,1.3278],[103.5,1.2433],[103.9197,1.1722]],[[103.9197,1.1722],[103.987,1.3895]]]},"properties":{"id":"tata-tgn-tata-indicom","name":"Tata TGN-Tata Indicom","owners":"","rfs":"","length":""}},{"type":"Feature","geometry":{"type":"MultiLineString","coordinates":[[[-2.9492,43.2742],[-4.0499,44.6948],[-5.8499,46.2722],[-6.9749,48.1068],[-6.9749,50.4546],[-5.3999,51.0242],[-4.0499,51.2712],[-2.9749,51.2224],[-4.0499,51.3064],[-5.3999,51.0949],[-7.1999,50.5977],[-10.7999,48.7042],[-15.2999,44.6948],[-15.2999,39.6983],[-13.9499,39.0024],[-10.7999,38.6518],[-9.1074,38.6427]]]},"properties":{"id":"tata-tgn-western-europe","name":"Tata TGN-Western Europe","owners":"","rfs":"","length":""}},{"type":"Feature","geometry":{"type":"MultiLineString","coordinates":[[[8.1001,37.9455],[7.9876,37.2324],[7.7554,36.9028]],[[27.9001,32.2432],[30.6001,32.4333],[32.4001,33.1897],[33.4126,34.4978],[33.6106,34.8273]],[[5.3725,43.2936],[6.0751,41.7444],[7.4251,38.6518],[8.1001,37.9455],[9.0001,37.8567],[10.3486,37.8567],[10.9126,37.5006],[11.7001,37.2324],[11.8126,36.2407],[12.2626,35.7857],[12.6563,35.4198],[14.4001,34.2657],[16.6501,33.5655],[19.3501,33.9396],[22.0501,33.8774],[25.2001,33.1426],[27.9001,32.2432],[29.7009,31.0723]]]},"properties":{"id":"te-northtgn-eurasiaseacomalexandrosmedex","name":"TE North/TGN-Eurasia/SEACOM/Alexandros/Medex","owners":"","rfs":"","length":""}},{"type":"Feature","geometry":{"type":"MultiLineString","coordinates":[[[151.2285,-33.882],[152.1,-33.9295],[154.8,-32.423],[160.65,-30.6977],[166.5,-25.5409],[171.0,-22.2501],[173.7,-17.1686],[180.0,-8.4011]],[[-179.9998,-8.4011],[-176.3998,-3.03],[-172.7998,2.3679],[-167.3998,10.4108],[-163.7998,14.8012],[-160.1998,18.6786],[-158.8498,20.7963],[-158.3998,21.426],[-158.242,21.5488]]]},"properties":{"id":"telstra-endeavour","name":"Telstra Endeavour","owners":"","rfs":"","length":""}},{"type":"Feature","geometry":{"type":"MultiLineString","coordinates":[[[103.9626,1.1347],[104.0335,1.2907],[103.987,1.3895],[104.1921,1.3027],[104.2879,1.356],[104.3723,1.4684],[104.6521,2.3679],[104.386,5.3981],[103.0348,6.8935],[101.7,7.0755],[100.5997,7.0759]]]},"properties":{"id":"thailand-indonesia-singapore-tis","name":"Thailand-Indonesia-Singapore (TIS)","owners":"","rfs":"","length":""}},{"type":"Feature","geometry":{"type":"MultiLineString","coordinates":[[[39.6729,-4.0529],[42.3,-4.6015],[46.575,-2.3557],[53.1,1.4684],[56.25,5.5101],[57.6,9.5244],[62.1,15.6695],[63.0,20.7963],[63.0,22.4694],[59.85,24.3278],[58.5,24.6605],[56.925,24.9159],[56.3337,25.1217]]]},"properties":{"id":"the-east-african-marine-system-teams","name":"The East African Marine System (TEAMS)","owners":"","rfs":"","length":""}},{"type":"Feature","geometry":{"type":"MultiLineString","coordinates":[[[23.9604,32.0799],[24.3001,32.2432],[24.9751,32.0527],[25.0874,31.7612]]]},"properties":{"id":"tobrok-emasaed-cable-system","name":"Tobrok-Emasaed Cable System","owners":"","rfs":"","length":""}},{"type":"Feature","geometry":{"type":"MultiLineString","coordinates":[[[-179.9998,-19.3054],[-175.9498,-20.9951],[-175.2,-21.1335]],[[180.0,-19.3054],[179.1,-18.6671],[178.4374,-18.1238]]]},"properties":{"id":"tonga-cable","name":"Tonga Cable","owners":"","rfs":"","length":""}},{"type":"Feature","geometry":{"type":"MultiLineString","coordinates":[[[135.0,30.7081],[136.8,31.4788],[138.6,32.623],[140.4,33.3778],[143.1,34.4978],[149.4,37.9455],[160.2,43.4011],[172.8,46.5824],[180.0,46.5824]],[[132.75,30.3205],[132.75,30.7081],[130.5,30.7081],[128.925,31.6705],[128.025,33.1897],[128.25,34.3122],[128.6208,34.8807],[127.8,34.3122],[127.125,33.1897],[126.0,32.8123],[124.2,33.1897],[122.85,33.9396],[120.825,35.4198],[120.3425,36.0873],[120.6,35.4198],[122.4,33.9396],[123.75,33.0012],[124.2,31.8618]],[[139.9755,35.0054],[140.1047,34.8986],[140.0625,34.6907],[139.95,34.405],[139.05,33.9396],[136.8,31.8618],[135.0,31.0943],[132.75,30.7081]],[[121.4082,31.619],[122.175,31.1905],[123.525,30.126],[123.75,28.1611],[121.95,26.5625],[121.3875,25.7547],[121.4626,25.1817],[121.5,25.7547],[121.95,26.3611],[125.2619,27.5903],[130.5,30.7081]],[[135.0,30.7081],[132.75,30.3205],[130.5,30.5145],[124.2,31.8618],[122.85,31.9573],[121.95,31.7662],[121.3953,31.6198]],[[-123.9402,45.644],[-125.0998,44.8546],[-129.5998,44.0515],[-138.5998,45.6465],[-151.1998,46.5824],[-179.9998,46.5824]]]},"properties":{"id":"trans-pacific-express-tpe-cable-system","name":"Trans-Pacific Express (TPE) Cable System","owners":"","rfs":"","length":""}},{"type":"Feature","geometry":{"type":"MultiLineString","coordinates":[[[58.1762,23.6849],[58.2751,23.9171],[58.725,24.2253],[59.85,24.8393]],[[56.3337,25.1217],[56.925,25.0688],[58.725,25.1452],[59.85,24.8393],[62.55,24.5327],[67.0285,24.8897]]]},"properties":{"id":"transworld-tw1","name":"Transworld (TW1)","owners":"","rfs":"","length":""}},{"type":"Feature","geometry":{"type":"MultiLineString","coordinates":[[[11.0909,36.8499],[11.4274,37.0292],[12.173,37.5468],[12.3751,37.9455],[12.5137,38.0183]]]},"properties":{"id":"trapani-kelibia","name":"Trapani-Kelibia","owners":"","rfs":"","length":""}},{"type":"Feature","geometry":{"type":"MultiLineString","coordinates":[[[-60.9496,10.8315],[-60.9749,11.0168],[-60.8403,11.1658]]]},"properties":{"id":"tt-1","name":"TT-1","owners":"","rfs":"","length":""}},{"type":"Feature","geometry":{"type":"MultiLineString","coordinates":[[[32.9667,36.1],[32.9626,35.9073],[33.0751,35.5419],[33.2363,35.2991]]]},"properties":{"id":"turcyos-1","name":"Turcyos-1","owners":"","rfs":"","length":""}},{"type":"Feature","geometry":{"type":"MultiLineString","coordinates":[[[35.9994,36.0823],[35.55,35.7857],[34.875,35.4198],[34.2001,35.2362],[33.9195,35.2844]]]},"properties":{"id":"turcyos-2","name":"Turcyos-2","owners":"","rfs":"","length":""}},{"type":"Feature","geometry":{"type":"MultiLineString","coordinates":[[[56.3337,25.1217],[56.925,25.0943],[57.6036,25.2343],[57.7973,25.6813]]]},"properties":{"id":"uae-iran","name":"UAE-Iran","owners":"","rfs":"","length":""}},{"type":"Feature","geometry":{"type":"MultiLineString","coordinates":[[[35.8978,34.8917],[35.55,34.8678],[33.9751,34.7755],[33.6106,34.8273]]]},"properties":{"id":"ugarit","name":"UGARIT","owners":"","rfs":"","length":""}},{"type":"Feature","geometry":{"type":"MultiLineString","coordinates":[[[-2.226,49.2157],[-2.4207,49.2186],[-3.5999,49.4412],[-4.4999,49.5873],[-5.173,50.0225]]]},"properties":{"id":"uk-channel-islands-8","name":"UK-Channel Islands-8","owners":"","rfs":"","length":""}},{"type":"Feature","geometry":{"type":"MultiLineString","coordinates":[[[-118.388,33.8446],[-120.5998,33.8463],[-122.3998,34.1261],[-129.5998,37.9455],[-138.5998,42.0792],[-151.1998,43.4012],[-179.9998,43.4012]],[[139.9549,34.9766],[140.0625,34.9678],[140.3437,34.9601],[141.3,34.8678],[143.1,34.8678],[149.4,36.1499],[160.2,40.7292],[172.7999,43.4011],[179.9999,43.4011]]]},"properties":{"id":"unityeac-pacific","name":"Unity/EAC-Pacific","owners":"","rfs":"","length":""}},{"type":"Feature","geometry":{"type":"MultiLineString","coordinates":[[[14.5335,-22.6854],[13.0501,-22.8734],[9.9001,-23.4939]],[[12.35,-5.9334],[10.8001,-5.9457],[8.1001,-6.6167]],[[9.0001,-10.6201],[11.7001,-9.2904],[12.6001,-9.2904],[13.2014,-9.4901]],[[7.6501,-4.8257],[10.8001,-4.8257],[11.8636,-4.7788]],[[4.5001,0.1186],[6.3001,1.6933],[8.1001,2.3679],[9.0001,3.2668],[9.2087,4.0147]],[[3.4235,6.4391],[3.3751,4.1649],[2.2501,2.0307]],[[1.2278,6.1263],[1.4626,5.062],[1.5751,1.356]],[[-9.1074,38.6427],[-9.4499,38.2995],[-11.0249,36.5124],[-11.9249,35.4198],[-13.4999,32.0527],[-14.6249,30.5145],[-15.2999,28.9516],[-16.1999,27.7636],[-17.9999,24.9414],[-18.8999,22.8847],[-20.2499,19.9526],[-20.2499,15.2358],[-20.2499,11.7357],[-18.8999,8.6357],[-14.3999,2.8175],[-10.7999,-0.7814],[-3.5999,-0.7814],[0.2251,0.1316],[1.5751,1.356],[2.2501,2.0307],[4.5001,0.1186],[6.3001,-1.2313],[7.6501,-4.8257],[8.1001,-6.6167],[9.0001,-10.6201],[8.5501,-18.0264],[9.9001,-23.4939],[13.9501,-30.31],[15.7501,-32.6128],[16.6501,-33.2736],[18.1555,-33.3481]],[[-0.2043,5.5583],[0.2251,3.2798],[0.2251,0.1316]],[[-4.0262,5.3235],[-4.1624,3.2668],[-4.2749,2.3679],[-4.1499,1.4684],[-3.5999,-0.7814]],[[-23.5212,14.923],[-22.4999,15.0186],[-20.2499,15.0186]],[[-16.1999,27.7636],[-15.7499,27.5643],[-15.4687,27.5643],[-15.2999,27.664],[-15.2999,27.8134],[-15.3987,27.9594]]]},"properties":{"id":"west-africa-cable-system-wacs","name":"West Africa Cable System (WACS)","owners":"","rfs":"","length":""}},{"type":"Feature","geometry":{"type":"MultiLineString","coordinates":[[[118.3069,24.4761],[118.3039,24.5164],[118.3009,24.5567]],[[118.1891,24.4939],[118.2395,24.4747],[118.2899,24.4555]]]},"properties":{"id":"cross-straits-cable-network","name":"Cross Straits Cable Network","owners":"","rfs":"","length":""}},{"type":"Feature","geometry":{"type":"MultiLineString","coordinates":[[[-72.9379,40.7558],[-71.0999,40.1298],[-68.3999,40.3873],[-61.1999,40.3873],[-50.3999,41.5763],[-39.5999,43.7272],[-23.3999,47.8054],[-16.1999,49.0003],[-10.7999,50.0229],[-8.0999,50.3112],[-5.3999,50.8114],[-4.5444,50.8282]]]},"properties":{"id":"yellow","name":"Yellow","owners":"","rfs":"","length":""}},{"type":"Feature","geometry":{"type":"MultiLineString","coordinates":[[[21.3751,59.5374],[20.2501,59.4517],[18.9001,59.3372],[18.0628,59.3323],[18.9001,59.3945],[20.2501,59.5088],[21.3751,59.6228],[23.8501,59.6797],[24.4126,59.7931],[24.9325,60.1712],[24.9188,60.0749],[24.8626,59.9624],[24.7501,59.6797],[24.7525,59.4364],[24.4126,59.5659],[23.8501,59.5659],[21.3751,59.5374]]]},"properties":{"id":"baltic-sea-submarine-cable","name":"Baltic Sea Submarine Cable","owners":"","rfs":"","length":""}},{"type":"Feature","geometry":{"type":"MultiLineString","coordinates":[[[-4.1695,51.5581],[-5.3999,51.4468],[-5.8499,51.5868],[-6.585,52.1716]]]},"properties":{"id":"solas","name":"Solas","owners":"","rfs":"","length":""}},{"type":"Feature","geometry":{"type":"MultiLineString","coordinates":[[[-6.5588,52.1843],[-5.9624,51.5868],[-5.7374,50.7403],[-5.6985,50.0787]],[[-4.5444,50.8282],[-5.3999,51.5868],[-5.8499,52.1426],[-6.3649,52.4018]]]},"properties":{"id":"pan-european-crossing-uk-ireland","name":"Pan European Crossing (UK-Ireland)","owners":"","rfs":"","length":""}},{"type":"Feature","geometry":{"type":"MultiLineString","coordinates":[[[-135.8998,55.8432],[-134.4665,56.0336],[-134.4155,56.4665],[-134.5247,56.8495],[-134.4575,56.9423],[-134.2853,56.9993],[-134.1838,57.0597],[-134.1008,57.145],[-133.9163,57.2201],[-133.6581,57.2297]],[[-135.3344,57.053],[-135.4762,57.1429],[-135.5656,57.2563],[-135.6201,57.2929],[-135.6847,57.3279],[-135.7029,57.3515],[-135.6524,57.3766],[-135.6169,57.3976],[-135.5723,57.4315],[-135.5298,57.4658],[-135.5324,57.507],[-135.5324,57.5492],[-135.5054,57.5685],[-135.4186,57.5838],[-135.3253,57.5637],[-135.1631,57.4973],[-135.0598,57.4499],[-134.9698,57.4305],[-134.8573,57.4159],[-134.7717,57.4256],[-134.5823,57.5019],[-134.7528,57.5946],[-134.8029,57.7346],[-134.8529,58.013],[-134.8973,58.1072],[-134.7417,58.1282],[-134.6362,58.213],[-134.7117,58.2917],[-134.6795,58.3343],[-134.5983,58.3484],[-134.5292,58.3484],[-134.4008,58.2996],[-134.2958,58.2371],[-134.1366,58.1651],[-134.1248,58.1012],[-133.9914,57.9864],[-133.8247,57.8237],[-133.8026,57.7079],[-133.6914,57.5588],[-133.6648,57.373],[-133.6305,57.314],[-133.6581,57.2297],[-133.6295,57.1377],[-133.5163,57.0944],[-133.2329,57.0512],[-133.0082,57.021],[-132.9702,56.9833],[-132.9011,56.9134],[-132.9699,56.8078],[-132.7966,56.8194],[-132.6978,56.7788],[-132.6293,56.7297],[-132.599,56.69],[-132.5694,56.6267],[-132.5021,56.5978],[-132.4582,56.5592],[-132.3838,56.4708],[-132.459,56.3862],[-132.5198,56.3681],[-132.5918,56.3505],[-132.5972,56.3132],[-132.626,56.2596],[-132.7297,56.2329],[-132.841,56.1905],[-132.855,56.127],[-132.7418,56.0668],[-132.6135,56.0063],[-132.4515,55.8927],[-132.3435,55.7977],[-132.276,55.6338],[-132.1336,55.5267],[-131.9755,55.4521],[-131.9133,55.4662],[-131.8253,55.4343],[-131.6479,55.342]]]},"properties":{"id":"alaska-united-southeast-au-se","name":"Alaska United Southeast (AU-SE)","owners":"","rfs":"","length":""}},{"type":"Feature","geometry":{"type":"MultiLineString","coordinates":[[[-81.73,12.5511],[-81.7874,12.9811],[-81.6749,13.4192],[-80.9999,14.0748],[-79.7624,14.5109],[-79.1999,14.9461]],[[-70.6836,19.8034],[-70.1999,20.0583],[-69.2999,19.9526],[-67.0499,19.2107],[-66.4874,18.8917],[-66.1067,18.4661]],[[-70.6912,19.7994],[-70.6499,20.375],[-70.6499,21.2164]],[[-69.2999,22.2614],[-70.6499,21.2164],[-73.3499,20.5858],[-73.9124,19.9526],[-74.4749,19.3169],[-74.9249,18.2518],[-75.2624,17.395],[-75.2624,11.7357],[-74.7798,10.9404]],[[-86.7676,21.0957],[-86.5124,21.2164],[-86.1749,21.2164],[-85.2749,21.6353]],[[-75.5057,10.3868],[-76.0499,11.5153],[-79.1999,14.9461],[-80.5499,16.1023],[-81.8999,17.395],[-84.5999,19.1044],[-85.4999,20.375],[-85.2749,21.6353],[-84.8249,22.6772],[-83.2499,23.5051],[-80.9999,23.7113],[-79.6499,24.7372],[-79.6499,25.3487],[-80.1602,26.0105]],[[-88.5971,15.7272],[-88.1999,16.1023],[-87.8624,16.5342],[-87.5249,16.9651],[-86.6249,18.2518],[-85.4999,20.375]],[[-38.5045,-12.97],[-37.3499,-13.456],[-35.9999,-13.5046],[-35.5499,-13.699]],[[-43.2096,-22.9035],[-42.2999,-23.4941],[-40.9499,-23.4939],[-38.6999,-22.2501],[-36.4499,-18.0264],[-35.5499,-13.699],[-33.2999,-8.4011],[-33.2999,-6.6167],[-34.1999,-4.8257],[-35.9999,-3.9283],[-38.543,-3.7187],[-38.2499,-1.2313],[-39.1499,1.4684],[-46.7999,9.5244],[-52.1999,14.8012],[-57.5999,17.395],[-59.3999,18.2518],[-62.0999,19.3169],[-63.8999,19.3169],[-65.6999,19.5291],[-67.4999,21.2164],[-69.2999,22.2614],[-73.3499,24.3278],[-76.9499,26.9643],[-79.1999,29.1482],[-80.5499,30.126],[-81.6556,30.3321]],[[-65.6999,19.5291],[-66.0374,19.1044],[-66.1067,18.4661]]]},"properties":{"id":"america-movil-submarine-cable-system-1-amx-1","name":"America Movil Submarine Cable System-1 (AMX-1)","owners":"","rfs":"","length":""}},{"type":"Feature","geometry":{"type":"MultiLineString","coordinates":[[[44.4,-12.1663],[44.4,-11.9217],[44.65,-11.9217],[45.2333,-12.5394],[45.2333,-12.7833]],[[43.4892,-11.9231],[43.4892,-12.0454],[43.3125,-12.054],[43.2,-11.9439],[43.2433,-11.7006]]]},"properties":{"id":"avassa","name":"Avassa","owners":"","rfs":"","length":""}},{"type":"Feature","geometry":{"type":"MultiLineString","coordinates":[[[151.1963,-33.9136],[151.5738,-34.827],[150.5,-37.9425],[149.4,-38.8178],[147.6,-39.3418],[146.25,-39.5156],[144.0,-39.5156],[142.2,-39.3418],[140.4,-38.8178],[134.8509,-36.6764],[127.0926,-36.0168],[119.5502,-36.0792],[115.4468,-35.9172],[114.0532,-34.6113],[114.0532,-33.0618],[115.8573,-31.9534]]]},"properties":{"id":"indigo-central","name":"INDIGO-Central","owners":"","rfs":"","length":""}},{"type":"Feature","geometry":{"type":"MultiLineString","coordinates":[[[51.3,1.4684],[46.8,2.2555],[45.3442,2.0412]],[[43.2433,-11.7006],[42.75,-11.9439],[42.075,-11.9439]],[[43.6631,-23.3547],[42.75,-23.5971],[41.4,-23.4939]],[[32.5806,-25.9683],[33.7501,-26.4509],[35.55,-26.7527]],[[39.6729,-4.0529],[42.3,-4.1528]],[[40.5,-6.1695],[41.625,-9.2904],[42.075,-11.9439],[42.525,-14.8619],[42.525,-15.224],[42.525,-20.5744],[41.4,-23.4939],[35.55,-26.7527],[33.7501,-28.5463],[32.8501,-28.9409],[31.758,-28.9506]],[[37.2197,19.6156],[37.8,19.5291],[39.0375,18.2518],[40.05,16.5342],[41.625,14.8012],[42.1313,13.9293],[42.7782,13.0542],[43.1297,12.8349],[43.2141,12.6154],[43.4532,12.3957],[44.55,11.405],[45.45,11.2947],[48.6,12.0659],[52.65,13.0542],[54.0,13.2732],[55.575,12.6154],[55.35,9.5244],[54.45,5.5101],[51.3,1.4684],[46.125,-1.9061],[42.3,-4.1528],[40.95,-5.498],[40.5,-6.1695],[39.825,-6.5235],[39.2697,-6.8231]],[[43.1616,11.5737],[43.65,11.5654],[44.55,11.405]]]},"properties":{"id":"eastern-africa-submarine-system-eassy","name":"Eastern Africa Submarine System (EASSy)","owners":"","rfs":"","length":""}},{"type":"Feature","geometry":{"type":"MultiLineString","coordinates":[[[101.4477,1.6655],[101.4188,2.1431],[101.8125,2.2555],[102.2209,2.2733]]]},"properties":{"id":"dumai-melaka-cable-system","name":"Dumai-Melaka Cable System","owners":"","rfs":"","length":""}},{"type":"Feature","geometry":{"type":"MultiLineString","coordinates":[[[43.148,11.5949],[43.65,11.956],[45.0335,12.8009]]]},"properties":{"id":"aden-djibouti","name":"Aden-Djibouti","owners":"","rfs":"","length":""}},{"type":"Feature","geometry":{"type":"MultiLineString","coordinates":[[[151.8585,7.44],[153.0,7.7449],[157.95,7.7449],[159.0703,7.7864]]]},"properties":{"id":"chuuk-pohnpei-cable","name":"Chuuk-Pohnpei Cable","owners":"","rfs":"","length":""}},{"type":"Feature","geometry":{"type":"MultiLineString","coordinates":[[[-118.416,33.9199],[-120.5998,33.6592],[-122.3998,33.7528],[-129.5998,37.2324],[-138.5998,40.7292],[-151.1998,42.0793],[-179.9998,42.0793]],[[126.0,21.0065],[130.95,22.4694],[132.75,23.2986],[138.6,25.7547],[160.2,39.3512],[172.7999,42.0792],[179.9999,42.0792]],[[126.0,21.0065],[124.1488,23.5517],[122.85,24.5327],[122.175,24.7883],[121.8015,24.8635]]]},"properties":{"id":"pacific-light-cable-network-plcn","name":"Pacific Light Cable Network (PLCN)","owners":"","rfs":"","length":""}},{"type":"Feature","geometry":{"type":"MultiLineString","coordinates":[[[126.0,21.0065],[124.65,19.2461],[123.3,17.8239],[122.4,16.1023],[122.175,15.886],[121.95,15.7778],[121.5602,15.7615]]]},"properties":{"id":"pacific-light-cable-network-plcn","name":"Pacific Light Cable Network (PLCN)","owners":"","rfs":"","length":""}},{"type":"Feature","geometry":{"type":"MultiLineString","coordinates":[[[-80.0889,26.3506],[-79.4249,25.9572],[-79.3124,25.3487],[-78.9749,24.7372],[-78.9749,23.7113],[-78.2999,22.8847],[-76.0499,21.6353],[-74.6999,21.0065],[-73.9686,20.375],[-73.9124,20.164],[-74.0249,19.9526],[-74.5874,19.3169],[-75.0374,18.2518],[-75.5999,17.395],[-75.5999,11.074],[-75.5057,10.3868]],[[-76.6894,17.943],[-76.4999,17.8239],[-76.2749,17.8239],[-76.1843,17.9184],[-76.0499,17.8239],[-75.5999,17.395]]]},"properties":{"id":"colombia-florida-subsea-fiber-cfx-1","name":"Colombia-Florida Subsea Fiber (CFX-1)","owners":"","rfs":"","length":""}},{"type":"Feature","geometry":{"type":"MultiLineString","coordinates":[[[32.5299,29.9725],[32.2876,30.466],[31.9501,30.8772],[31.3876,31.0942],[30.8251,31.1905],[29.8935,31.1915]],[[56.3337,25.1217],[56.925,24.8648],[58.5,24.5071],[59.85,23.9171],[62.1,22.4694],[62.1,19.1044]],[[35.8592,34.4397],[35.55,34.405],[32.4001,33.2838],[30.6001,32.623],[28.8001,32.623]],[[15.0674,37.5134],[15.7501,37.4113],[16.2563,36.8732],[16.4251,35.7857],[16.6501,34.683]],[[5.3725,43.2936],[5.9626,41.7444],[7.2001,38.6518],[7.8751,37.9455],[9.0001,37.7679],[10.3486,37.7679],[10.9126,37.4113],[11.5876,37.2324],[12.7126,35.968],[13.6688,35.4198],[14.4001,35.0983],[16.6501,34.683],[19.3501,35.0522],[22.0501,34.7138],[25.2001,33.9863],[28.8001,32.623],[29.8935,31.1915],[30.8251,31.1183],[31.3876,30.9978],[31.9501,30.7806],[32.2876,30.4175],[32.5299,29.9725]],[[32.5299,29.9725],[32.5688,29.6383],[32.7376,29.3446],[33.0188,28.9516],[33.5113,28.1611],[34.3125,27.3647],[35.1844,26.5625],[35.8875,25.7547],[36.9,24.1226],[38.1375,22.053],[38.925,20.375],[40.275,18.2518],[41.2875,16.5342],[42.2438,14.8012],[42.75,13.9293],[43.1157,13.0542],[43.2704,12.8349],[43.3547,12.6154],[43.7344,12.3957],[44.55,12.0109],[45.45,12.1759],[48.6,12.9445],[55.35,15.2358],[58.95,16.9651],[62.1,19.1044],[66.6,19.5291],[70.2,19.3169],[72.8759,19.0761]],[[67.0285,24.8897],[66.4875,23.2986],[66.15,20.375],[66.6,19.5291]],[[38.1375,22.053],[39.1828,21.4815]]]},"properties":{"id":"imewe","name":"IMEWE","owners":"","rfs":"","length":""}},{"type":"Feature","geometry":{"type":"MultiLineString","coordinates":[[[72.8759,19.0761],[70.2,19.2107],[66.6,19.3169],[61.875,18.6786],[58.95,16.7498],[55.35,15.0186],[48.6,12.8349],[45.45,12.0659],[44.55,11.9559],[43.7063,12.3957],[43.3407,12.6154],[43.2563,12.8349],[43.0875,13.0542],[42.6938,13.9293],[42.1875,14.8012],[41.175,16.5342],[40.1625,18.2518],[38.8125,20.375],[38.025,22.053],[36.7875,24.1226],[35.775,25.7547],[35.1,26.5625],[34.2563,27.3647],[33.441,28.1611],[32.6137,29.1042]],[[32.5806,-25.9683],[33.7501,-26.5516],[35.775,-26.9535]],[[42.3,-4.3771],[39.6729,-4.0529]],[[55.35,15.0186],[55.8,12.6154],[55.8,9.5244],[55.35,5.5101],[52.2,1.4684],[46.35,-2.1309],[42.3,-4.3771],[40.95,-5.7219],[40.6125,-6.1695],[39.825,-6.5794],[39.2697,-6.8231]],[[31.758,-28.9506],[32.8501,-29.0393],[33.7501,-28.7438],[35.775,-26.9535],[41.625,-23.7001],[42.75,-20.5744],[42.75,-15.224],[42.75,-14.8619],[42.3,-11.9439],[41.85,-9.2904],[40.6125,-6.1695]],[[43.148,11.5949],[43.65,11.7907],[44.55,11.9559]],[[38.025,22.053],[39.1828,21.4815]]]},"properties":{"id":"seacomtata-tgn-eurasia","name":"SEACOM/Tata TGN-Eurasia","owners":"","rfs":"","length":""}},{"type":"Feature","geometry":{"type":"MultiLineString","coordinates":[[[44.55,12.1759],[43.65,11.8458],[43.3559,11.7216]],[[58.5,24.1226],[58.3313,23.9171],[58.1762,23.6849]],[[32.6532,29.1136],[33.427,28.1611],[34.0313,27.3647],[34.7625,26.5625],[35.325,25.7547],[36.3375,24.1226],[37.575,22.053],[38.3625,20.375],[39.7125,18.2518],[40.725,16.5342],[41.9625,14.8012],[42.4688,13.9293],[42.975,13.0542],[43.2,12.8349],[43.2844,12.6154],[43.5938,12.3957],[44.55,12.1759],[45.45,12.6154],[48.6,13.3827],[55.35,16.1023],[58.95,17.8239],[60.3,19.1044],[60.3,22.4694],[59.85,23.0918],[58.5,24.1226]],[[29.7009,31.0723],[29.9813,30.6114],[30.3751,30.2962],[31.0501,29.9313],[31.7251,29.6872],[32.1751,29.3934],[32.6532,29.1136]],[[29.7009,31.0723],[29.9813,30.6598],[30.3751,30.3933],[31.0501,30.0287],[31.7251,29.7849],[32.1751,29.4424],[32.6532,29.1136]],[[12.5914,37.6506],[12.173,37.2788],[12.0376,36.8732],[12.1501,35.7857],[12.4876,35.4198],[14.4001,34.1261],[16.6501,33.3778],[19.3501,33.7528],[22.0501,33.7372],[25.2001,33.0012],[27.9001,32.148],[29.7009,31.0723]],[[37.575,22.053],[39.1828,21.4815]]]},"properties":{"id":"middle-east-north-africa-mena-cable-systemgulf-bridge-international","name":"Middle East North Africa (MENA) Cable System/Gulf Bridge International","owners":"","rfs":"","length":""}},{"type":"Feature","geometry":{"type":"MultiLineString","coordinates":[[[37.2197,19.6156],[37.5892,20.236],[38.1,20.7963],[39.1828,21.4815]]]},"properties":{"id":"saudi-arabia-sudan-2-sas-2","name":"Saudi Arabia-Sudan-2 (SAS-2)","owners":"","rfs":"","length":""}},{"type":"Feature","geometry":{"type":"MultiLineString","coordinates":[[[29.8935,31.1915],[30.8251,30.7565],[31.3876,30.5145],[31.9501,30.2962],[32.2876,30.1747],[32.5299,29.9725]],[[-5.6545,50.0431],[-6.0749,49.9506],[-6.2999,49.8056],[-7.4999,49.3436],[-8.5499,48.7042],[-12.5999,44.0515],[-12.5999,39.6983],[-11.0249,37.9455],[-9.7874,36.5124],[-8.9999,36.1499],[-6.2999,35.968],[-5.6249,35.9679],[-5.3476,36.156],[-4.4999,36.059],[-2.2499,36.1499],[2.2501,37.9455],[5.4001,38.2995],[9.0001,38.3878],[10.3486,38.3878],[12.1501,38.2995],[12.6001,38.4318],[13.0501,38.3437],[13.3587,38.1161],[13.0501,38.2995],[12.6001,38.3436],[12.1501,38.2112],[12.1501,36.8732],[12.3751,36.2407],[12.7126,35.7857],[13.3313,35.4198],[14.4001,34.8217],[16.6501,34.3122],[19.3501,34.683],[22.0501,34.436],[25.2001,33.706],[28.8001,32.4333],[29.8935,31.1915],[30.8251,30.684],[31.3876,30.4175],[31.9501,30.199],[32.2876,30.126],[32.5299,29.9725],[32.4844,29.6383],[32.6533,29.3446],[32.6532,29.1136],[33.413,28.1611],[34.1438,27.3647],[34.9313,26.5625],[35.55,25.7547],[36.5625,24.1226],[37.8,22.053],[38.5875,20.375],[39.9375,18.2518],[40.95,16.5342],[42.075,14.8012],[42.5813,13.9293],[43.0313,13.0542],[43.2282,12.8349],[43.3125,12.6154],[43.65,12.3957],[44.55,11.9008],[45.45,11.9559],[48.6,12.7252],[55.35,14.8012],[58.95,16.5342],[61.65,18.2518],[66.6,19.1044],[70.2,19.1044],[72.8759,19.0761]],[[-5.1459,36.4274],[-4.7249,36.2407],[-4.4999,36.059]],[[56.3337,25.1217],[56.925,24.8393],[58.5,24.3534],[59.85,23.7113],[61.65,22.4694],[61.65,18.2518]],[[100.0661,6.6135],[100.2939,6.908],[100.5997,7.0759],[101.7,7.2988],[103.0488,7.34],[105.3,7.5219],[108.0,8.4132],[109.35,9.9679],[110.25,12.6154],[112.95,18.2518],[113.2875,20.7963],[113.625,21.6353],[113.9491,22.2715],[114.1875,21.8443],[115.2,21.2164],[116.55,21.0065],[118.8,21.3212],[121.0278,21.1431],[122.85,21.3212],[123.975,22.053],[124.875,24.1226],[125.1,25.5519],[125.325,26.1593],[126.225,28.557],[126.45,29.5405],[127.575,32.4333],[127.575,33.1897],[128.025,34.3122],[128.6208,34.8807]],[[100.363,5.3538],[99.675,5.5101],[97.425,6.908]],[[72.8759,19.0761],[72.675,16.9651],[73.7451,13.4921],[75.0951,9.5244],[77.2902,6.8522],[78.6951,5.062],[81.0,4.3893],[85.5,5.5101],[90.0,6.4052],[92.7,6.4052],[94.275,6.6287],[95.4,6.6287],[97.425,6.908],[99.0,6.8522],[99.675,6.7405],[100.0661,6.6135]],[[121.9251,30.8648],[122.175,30.9979],[122.85,31.1905],[124.65,30.8048],[125.6625,30.2233],[126.45,29.5405]],[[139.6209,35.144],[139.4437,34.405],[139.3875,33.9396],[139.5,32.4333],[139.05,31.2867],[137.7,30.5145],[135.0,29.7361],[132.75,29.7361],[130.5,29.9313],[129.375,30.9014],[128.025,32.4333],[127.8,33.1897],[128.1375,34.3122],[128.6208,34.8807]],[[35.0071,29.5319],[34.7676,29.089],[34.5176,28.0163],[34.7625,26.9643],[35.55,25.7547]],[[39.1878,21.4841],[37.8,22.053]]]},"properties":{"id":"flag-europe-asia-fea","name":"FLAG Europe-Asia (FEA)","owners":"","rfs":"","length":""}},{"type":"Feature","geometry":{"type":"MultiLineString","coordinates":[[[120.1279,21.4576],[118.8,21.5307],[117.45,21.8443],[115.65,22.053],[114.975,22.3654],[114.2587,22.3183]],[[114.2029,22.2221],[114.4125,20.7963],[114.975,18.2518],[117.0,16.1023],[119.25,14.3657],[120.15,13.8201],[121.066,13.7624]],[[121.4626,25.1817],[121.275,25.7547],[121.95,26.7636],[123.525,28.1611],[123.3,30.126],[122.175,30.7565],[121.9251,30.8648],[122.175,31.0461],[122.85,31.4788],[128.025,32.8123],[128.7,34.3122],[128.9995,35.1704],[129.6,34.3122],[129.6,32.8123],[129.6,31.6705],[130.5,30.9014],[132.75,30.9014],[135.0,31.2867],[136.8,32.0527],[137.025,32.8123],[136.874,34.3368],[137.7,33.9396],[138.6,33.9396],[139.275,34.1261],[139.8937,34.405],[140.0344,34.6907],[140.0203,34.8524],[139.9549,34.9766],[140.0906,34.8524],[140.3156,34.6907],[140.4562,34.405],[140.7375,33.9396],[140.625,32.4333],[140.175,30.9014],[138.825,28.557],[137.25,26.9643],[132.75,23.7113],[130.95,22.8847],[126.0,21.2164],[122.85,20.375],[121.05,19.3169],[120.15,18.6786],[119.25,17.8239],[119.025,15.2358],[119.5875,14.5835],[120.15,13.9293],[121.066,13.7624],[120.15,13.2732],[118.8,12.6154],[116.1,9.0803],[114.075,7.7449],[110.7,5.9578],[110.025,5.5101],[108.0,4.6136],[107.1,4.0527],[105.75,3.2668],[105.2437,2.8175],[104.625,1.4684],[104.2879,1.2297],[104.1638,1.2241],[103.987,1.3895],[104.1779,1.2634],[104.2879,1.3139],[104.4285,1.4684],[104.7937,2.8175],[105.75,4.1649],[107.1,4.9499],[108.0,5.622],[110.475,7.7449],[111.7125,9.9679],[112.725,12.6154],[114.3,17.1085],[114.525,18.2518],[114.1875,20.7963],[114.2587,22.3183]],[[124.65,35.4198],[121.5,35.7857],[120.3425,36.0873]],[[103.987,1.3895],[104.1874,1.2896],[104.2879,1.3419],[104.4004,1.4684],[104.7375,2.8175],[105.75,4.2771],[107.1,5.062],[108.0,5.734],[110.25,7.7449],[111.4875,9.9679],[112.5,12.6154],[114.075,17.1085],[114.3,18.2518],[114.075,20.7963],[114.2029,22.2221]],[[121.3833,25.15],[121.6125,25.7547],[121.95,26.0583],[122.85,26.2602],[128.7,25.7547],[131.4,26.1593],[132.75,26.1593]],[[114.2587,22.3183],[114.975,22.2614],[115.65,21.9487],[117.45,21.6353],[118.8,21.0065],[121.0278,20.828],[122.85,20.7963],[126.0,22.053],[128.7,23.2986],[132.75,26.1593]],[[114.2587,22.3183],[114.975,22.3134],[115.65,22.0008],[117.45,21.7398],[118.8,21.2164],[121.0278,21.0381],[122.85,21.2164],[124.2,22.053],[125.1,24.1226],[125.3812,25.5519],[125.6625,26.1593],[126.675,28.557],[126.9,29.5405],[127.35,30.7081],[125.1,33.1897],[124.65,34.3122],[124.65,35.4198],[125.55,36.1499],[126.3916,36.5763],[125.55,35.968],[125.1,35.4198],[125.1,34.3122],[125.325,33.1897],[128.25,30.7081],[130.5,29.5405],[132.75,29.3446],[135.0,29.3446],[137.7,30.126],[139.275,30.9014],[141.3,32.0527],[142.2,34.405],[142.2,35.0522],[141.975,35.7857],[140.6125,36.3835],[141.75,35.7857],[141.75,35.0522],[140.85,34.1261],[138.6,33.3778],[137.7,33.6592],[136.874,34.3368],[137.475,32.8123],[137.7,31.2867],[137.25,29.3446],[132.75,26.1593]],[[125.1,24.1226],[123.75,25.247],[122.85,25.5519],[121.95,25.4503],[121.3833,25.15],[121.95,25.3487],[122.4,24.9414],[122.85,24.0199],[122.4,22.4694],[121.05,19.741],[119.7,18.6786],[118.8,17.8239],[118.8,15.2358],[119.3625,14.5835],[120.15,14.3657],[120.8202,14.2866],[120.15,14.0385],[118.8,13.0542],[115.65,9.0803],[113.85,7.7449],[110.475,5.9578],[109.8,5.5101],[108.0,4.7257],[107.1,4.1649],[105.75,3.3791],[105.1875,2.8175],[104.5969,1.4684],[104.2879,1.2437],[104.1731,1.2503],[103.987,1.3895]],[[120.1279,21.4576],[120.375,21.6353],[120.5437,22.053],[120.6622,22.2493]]]},"properties":{"id":"eac-c2c","name":"EAC-C2C","owners":"","rfs":"","length":""}},{"type":"Feature","geometry":{"type":"MultiLineString","coordinates":[[[130.9019,23.8658],[128.7,25.5519],[128.025,25.9572],[127.7008,26.0877]],[[105.075,2.8175],[104.7975,2.5134],[104.4,2.4241],[103.8507,2.2957]],[[126.8572,19.4797],[125.55,19.3169],[121.05,19.9526],[119.475,18.6786],[118.575,17.8239],[117.5633,15.4532],[116.2125,12.6154],[114.75,9.0803],[112.95,7.7449],[110.025,5.9578],[109.35,5.5101],[108.0,4.9499],[107.1,4.3893],[105.75,3.6037],[105.075,2.8175],[104.5408,1.4684],[104.2879,1.2858],[104.1993,1.3224],[103.9859,1.3853]],[[139.9755,35.0054],[140.1328,34.8986],[140.1187,34.6907],[140.0625,34.405],[139.725,33.9396],[139.95,32.4333],[139.5,30.9014],[138.825,29.7361],[137.25,28.557],[132.75,25.3487],[130.95,23.9171],[126.8572,19.4797],[124.2,15.2358],[123.525,14.3657],[122.9501,14.1165]],[[119.475,18.6786],[118.35,20.164],[117.0,21.1115],[115.65,21.7921],[114.975,22.1572],[114.2587,22.3183]]]},"properties":{"id":"asia-submarine-cable-express-asecahaya-malaysia","name":"Asia Submarine-cable Express (ASE)/Cahaya Malaysia","owners":"","rfs":"","length":""}},{"type":"Feature","geometry":{"type":"MultiLineString","coordinates":[[[124.6128,11.0069],[124.65,10.7426],[124.65,10.4108],[124.7625,9.9679],[125.1,9.7462],[125.4375,9.3024],[125.5406,8.9476],[125.325,9.3024],[125.1,9.5244],[124.65,9.4134],[124.5375,9.0803],[124.5375,8.6357],[124.6319,8.4541],[124.425,8.6357],[124.2,8.6357],[124.0577,8.3256],[123.85,8.1499],[123.975,8.4132],[123.75,8.8581],[123.4125,9.0803],[123.2814,9.2955]],[[124.6128,11.0069],[124.5375,10.7426],[124.425,10.5214],[124.2,10.4108],[123.8946,10.3099],[124.0875,10.4108],[124.1904,10.932],[124.0875,11.2947],[123.75,11.2947],[123.3,10.95]],[[120.623,14.0882],[120.4875,13.9293],[120.6,13.7108],[121.05,13.5468],[121.3875,13.4921],[121.5,13.2732],[121.4645,13.0458],[121.6125,12.8349],[121.725,12.6154],[121.95,12.1759],[122.0625,12.0659],[122.4,11.9559],[122.75,11.5832],[122.9625,11.8458],[123.3,11.8458],[123.4125,11.9559],[123.6462,12.3667],[123.5813,12.5056],[123.525,12.6154],[123.525,12.8349],[123.6375,13.0542],[123.7437,13.139],[123.975,13.1637],[124.2,13.0542],[124.1987,12.618],[124.2,12.1759],[124.6003,12.0699]]]},"properties":{"id":"pldt-domestic-fiber-optic-network-dfon","name":"PLDT Domestic Fiber Optic Network (DFON)","owners":"","rfs":"","length":""}},{"type":"Feature","geometry":{"type":"MultiLineString","coordinates":[[[119.925,18.6786],[120.6,18.7852],[121.05,18.7852],[121.5131,18.4183]],[[114.184,22.2496],[114.75,21.8965],[115.65,21.6353],[117.0,21.3212],[118.35,20.5858],[120.15,19.741],[121.05,19.5291]],[[103.987,1.3895],[104.1826,1.2764],[104.2879,1.2577],[104.5689,1.4684],[105.1312,2.8175],[105.75,3.4914],[107.1,4.2771],[108.0,4.8378],[109.575,5.5101],[110.25,5.9578],[113.175,7.7449],[114.975,9.0803],[116.55,12.6154],[118.0133,15.4532],[119.025,17.8239],[119.925,18.6786],[121.05,19.5291],[122.85,19.741],[126.0,20.375],[130.95,21.2164],[138.6,24.1226]],[[107.0792,10.3421],[107.775,9.6353],[108.675,9.3024],[111.6,9.3024],[113.4,9.0803],[114.975,9.0803]]]},"properties":{"id":"tata-tgn-intra-asia-tgn-ia","name":"Tata TGN-Intra Asia (TGN-IA)","owners":"","rfs":"","length":""}},{"type":"Feature","geometry":{"type":"MultiLineString","coordinates":[[[125.55,24.1226],[122.85,24.8393],[122.175,24.8903],[121.8014,24.8635]],[[121.9251,30.8648],[122.175,30.8048],[124.2,30.126],[125.55,29.5405],[127.575,28.557]],[[127.8,29.5405],[126.0,30.7081],[124.2,31.4788],[122.85,31.7662],[121.95,31.6705],[121.3953,31.6198]],[[136.8,31.2867],[137.25,32.8123],[136.874,34.3368]],[[112.05,12.6154],[111.6,13.0542],[110.7,14.8012],[109.8,15.5612],[108.9,15.886],[108.1925,16.0434]],[[108.0,6.8522],[105.3,7.0755],[103.0488,7.1168],[101.7,7.1872],[100.5997,7.0759]],[[113.85,18.2518],[113.85,20.7963],[114.2587,22.3183]],[[128.7,30.5145],[128.7,31.6705],[128.925,32.8123],[129.15,34.3122],[128.9995,35.1704]],[[103.3227,3.8152],[103.95,3.9405],[106.2,5.5101],[108.0,6.8522],[111.0375,9.9679],[112.05,12.6154],[113.85,18.2518],[117.0,19.741],[120.15,20.375],[121.05,20.5858],[122.85,21.0065],[124.65,22.053],[125.55,24.1226],[125.9437,25.5519],[126.3375,26.1593],[127.575,28.557],[127.8,29.5405],[128.7,30.5145],[130.5,30.3205],[132.75,30.126],[135.0,30.5145],[136.8,31.2867],[138.6,32.4333],[139.5,33.9396],[140.0062,34.405],[140.0906,34.6907],[140.1187,34.8986],[139.9755,35.0054]],[[103.987,1.3895],[104.1874,1.3027],[104.4846,1.4684],[105.3,2.3679],[106.2,4.6136],[106.2,5.5101]]]},"properties":{"id":"asia-pacific-gateway-apg","name":"Asia Pacific Gateway (APG)","owners":"","rfs":"","length":""}},{"type":"Feature","geometry":{"type":"MultiLineString","coordinates":[[[12.1501,38.3878],[12.2626,38.2112],[12.2626,36.8732],[12.4876,36.2407],[12.7126,35.8769],[13.5001,35.4198],[14.4001,34.9601],[16.6501,34.4978],[19.3501,34.8678],[22.0501,34.575],[25.2001,33.8463],[28.8001,32.5282],[29.8935,31.1915],[30.8251,30.829],[31.3876,30.6113],[31.9501,30.3933],[32.2876,30.2233],[32.5428,29.9591],[32.5969,29.6383],[32.7657,29.3446],[33.0469,28.9516],[33.5253,28.1611],[34.4813,27.3647],[35.4375,26.5625],[36.225,25.7547],[37.2375,24.1226],[38.475,22.053],[39.1828,21.4815]],[[29.8935,31.1915],[30.8251,30.9014],[31.3876,30.7081],[31.9501,30.4902],[32.2876,30.2719],[32.5299,29.9725]],[[100.0661,6.6135],[100.0579,6.3544],[99.9925,6.2055],[99.6735,5.9564],[99.0,5.8459],[97.425,6.4052]],[[62.55,19.9526],[62.55,22.4694],[59.85,24.1226],[58.5,24.5838],[56.925,24.8903],[56.3337,25.1217]],[[39.1828,21.4815],[39.2625,20.375],[40.6125,18.2518],[41.625,16.5342],[42.4125,14.8012],[42.9188,13.9293],[43.2,13.0542],[43.3125,12.8349],[43.3969,12.6154],[43.8188,12.3957],[44.55,12.1209],[45.45,12.3957],[48.6,13.1637],[55.35,15.6695],[58.95,17.395],[62.55,19.9526],[66.6,19.9526],[70.2,19.5291],[72.8759,19.0761]],[[13.3587,38.1161],[13.0501,38.3878],[12.6001,38.5199],[12.1501,38.3878],[10.3486,38.4759],[9.0001,38.4759],[8.1001,38.3878],[7.6501,38.6518],[6.1876,41.7444],[5.3725,43.2936]],[[9.8674,37.2768],[9.6751,37.5898],[9.0001,38.4759]],[[7.7554,36.9028],[7.8751,37.2324],[7.9876,37.9455],[8.1001,38.3878]],[[103.6461,1.3386],[103.5,1.2293],[103.3407,1.2997],[102.6828,1.6988],[102.15,2.0307],[101.25,2.4803],[100.4625,3.2668],[99.675,4.6136],[99.0,5.2861],[97.425,6.4052],[95.4,8.1905],[93.1449,9.5244],[91.8,10.4108],[90.0,12.3957],[88.2,13.4921],[83.7,13.9293],[81.45,13.2732],[80.243,13.0639],[81.45,11.2947],[82.125,9.5244],[82.575,7.7449],[82.35,5.51],[81.0,4.6136],[78.6951,4.6136],[76.3902,6.8522],[74.1951,9.5244],[72.8451,13.4921],[72.225,16.9651],[72.8759,19.0761]],[[79.8721,6.927],[79.425,5.9578],[78.4619,4.8073]],[[91.9948,21.4293],[91.8,19.9526],[88.2,13.4921]],[[66.6,19.9526],[66.375,20.375],[66.6,23.2986],[67.0285,24.8897]],[[101.25,2.4803],[101.7,2.3679],[102.2209,2.2733]]]},"properties":{"id":"seamewe-4","name":"SeaMeWe-4","owners":"","rfs":"","length":""}},{"type":"Feature","geometry":{"type":"MultiLineString","coordinates":[[[103.1478,1.6774],[103.3407,1.384],[103.5,1.2713],[103.6688,1.0748],[103.7813,1.0185],[103.9597,1.1335]]]},"properties":{"id":"batam-rengit-cable-system-brcs","name":"Batam-Rengit Cable System (BRCS)","owners":"","rfs":"","length":""}},{"type":"Feature","geometry":{"type":"MultiLineString","coordinates":[[[116.6775,23.355],[117.1687,22.8847],[118.35,22.1051],[120.15,20.164]],[[115.2,14.8012],[117.0,14.1476],[118.8,13.9293],[120.15,14.1476],[120.623,14.0882]],[[116.1,18.2518],[115.2,19.5291],[114.75,20.375],[114.3,21.6353],[114.2029,22.2221]],[[103.6461,1.3386],[104.1685,1.2372],[104.2879,1.2718],[104.5127,1.4684],[104.9625,2.8175],[105.75,3.8282],[107.1,4.6136],[108.0,5.174],[108.675,5.5101],[109.35,5.9578],[111.825,7.7449],[113.7375,9.9679],[114.75,13.0542],[115.2,14.8012],[116.1,18.2518],[120.15,20.164],[121.05,20.164],[122.85,20.5858],[126.0,21.426],[130.95,23.2986],[132.75,24.1226],[137.25,27.3647],[138.825,28.9516],[139.95,30.9014],[140.4,32.4333],[139.95,33.9396],[140.3437,34.405],[140.2593,34.6907],[140.0625,34.8524],[139.9549,34.9766]],[[114.5707,4.7036],[114.3,5.062],[111.825,7.7449]]]},"properties":{"id":"southeast-asia-japan-cable-sjc","name":"Southeast Asia-Japan Cable (SJC)","owners":"","rfs":"","length":""}},{"type":"Feature","geometry":{"type":"MultiLineString","coordinates":[[[29.7009,31.0723],[29.9813,30.5629],[30.3751,30.199],[31.0501,29.8337],[31.7251,29.5894],[32.1751,29.3444],[32.6532,29.1136]],[[-5.6249,35.9224],[-5.3476,36.156]],[[32.6532,29.1136],[33.4551,28.1611],[34.3688,27.3647],[35.2688,26.5625],[36.0,25.7547],[37.0125,24.1226],[38.25,22.053],[39.0375,20.375],[40.3875,18.2518],[41.4,16.5342],[42.3,14.8012],[42.8063,13.9293],[43.1438,13.0542],[43.2844,12.8349],[43.3688,12.6154],[43.7625,12.3957],[44.55,12.0659],[45.45,12.2858],[48.6,13.0542],[55.35,15.4528],[58.95,17.1802],[62.325,19.5291],[66.6,19.741],[70.2,19.423],[72.8759,19.0761]],[[32.6532,29.1136],[32.1751,29.2954],[31.7251,29.4916],[31.0501,29.7361],[30.3751,30.1017],[29.9813,30.5145],[29.7009,31.0723],[27.9001,32.0527],[25.2001,32.8596],[22.0501,33.5967],[19.3501,33.5655],[16.6501,33.1897],[14.4001,33.9863],[12.3188,35.4198],[12.0376,35.7857],[11.9251,36.2407],[11.9251,37.2324],[10.9126,37.6789],[10.3486,38.1227],[9.0001,38.1227],[5.4001,38.1227],[2.2501,37.7679],[-2.2499,36.059],[-4.4999,35.968],[-5.6249,35.9224],[-6.2999,35.8769],[-8.9999,36.059],[-9.8999,36.4219],[-11.2499,37.9455],[-13.4999,39.6983],[-13.4999,44.0515],[-9.4499,48.7042],[-7.6499,49.5873],[-6.0749,50.3112],[-4.5444,50.8282]],[[-11.2499,37.9455],[-10.3499,37.9455],[-9.3374,38.1227],[-9.1027,38.4431]],[[14.4001,33.9863],[13.5001,33.0955],[13.1874,32.8776]],[[7.4267,43.7383],[7.3126,43.4011],[7.4251,41.7444],[7.9691,39.4235],[8.3251,38.6518],[8.4376,38.3878],[9.0001,38.1227]],[[44.55,12.0659],[43.65,11.8182],[43.1616,11.5737]],[[38.25,22.053],[39.1828,21.4815]],[[56.3337,25.1217],[56.925,24.6605],[58.0044,23.6796],[58.1625,23.9685],[58.725,24.3278],[59.85,24.0199],[62.325,22.4694],[62.325,19.5291]]]},"properties":{"id":"europe-india-gateway-eig","name":"Europe India Gateway (EIG)","owners":"","rfs":"","length":""}},{"type":"Feature","geometry":{"type":"MultiLineString","coordinates":[[[29.7009,31.0723],[29.9813,30.7565],[30.3751,30.5872],[31.0501,30.2233],[31.7251,29.98],[32.1751,29.4913],[32.6532,29.1136]],[[107.0792,10.3421],[107.775,9.8571],[108.675,9.7462],[110.25,9.9679]],[[94.3912,16.858],[93.6,16.7498],[92.25,14.8012],[90.9,9.5244],[90.45,5.062],[90.0,3.716]],[[100.0661,6.6135],[100.3501,6.908],[100.5997,7.0759]],[[19.3501,34.1261],[19.3501,37.6789],[18.9578,39.4847],[18.7876,40.0437],[18.6751,40.3873],[18.0001,40.8995],[16.8688,41.1257]],[[45.0335,12.8009],[45.45,11.7357]],[[22.5792,33.8946],[22.9501,35.4198],[23.5126,35.7857],[23.7376,35.7857],[24.0122,35.512]],[[103.5067,10.6304],[103.725,9.5244],[103.725,8.1905],[103.0488,7.2284]],[[97.425,5.9578],[99.0,6.0697],[100.0661,6.6135],[100.2377,6.908],[100.5997,7.0759],[101.7,7.243],[103.0488,7.2284],[105.3,7.2988],[108.0,8.0792],[110.25,9.9679],[111.6,12.6154],[113.625,18.2518],[113.7375,20.7963],[114.2602,22.208]],[[58.6061,23.5761],[58.95,23.6082],[59.85,23.5051]],[[61.2,17.395],[61.2,22.4694],[59.85,23.5051],[59.042,23.912],[58.5,24.1996],[56.925,24.7883],[56.3337,25.1217],[56.925,25.3487],[56.9813,26.1593],[56.8125,26.5625],[56.25,26.6631],[55.8,26.3107],[55.35,26.1593],[53.55,26.1593],[52.2,25.9572],[51.5193,25.2946]],[[72.8759,19.0761],[71.775,16.9651]],[[5.3725,43.2936],[6.3001,41.7444],[7.8751,38.6518],[8.2126,38.3878],[9.0001,38.2112],[10.3486,38.2112],[10.9126,37.7679],[12.0376,37.2324],[12.0376,36.2407],[12.3751,35.7857],[12.8251,35.4198],[14.4001,34.405],[16.6501,33.7528],[19.3501,34.1261],[22.0501,34.0174],[25.2001,33.2838],[27.9001,32.3383],[29.7009,31.0723],[29.9813,30.7081],[30.3751,30.4903],[31.0501,30.126],[31.7251,29.8825],[32.1751,29.4913],[32.6532,29.1136],[33.3989,28.1611],[33.9751,27.3647],[34.6782,26.5625],[35.2125,25.7547],[36.225,24.1226],[37.4625,22.053],[38.25,20.375],[39.6,18.2518],[40.6125,16.5342],[41.9063,14.8012],[42.4125,13.9293],[42.9469,13.0542],[43.186,12.8349],[43.2704,12.6154],[43.5657,12.3957],[44.55,11.7357],[45.45,11.7357],[48.6,12.5056],[55.35,14.3657],[58.95,16.1023],[61.2,17.395],[66.6,18.4654],[71.775,16.9651],[71.9451,13.4921],[73.2951,9.5244],[75.4902,6.8522],[78.6951,4.1649],[79.65,3.6411],[81.0,3.2668],[85.5,2.8175],[90.0,3.716],[92.7,5.062],[94.275,5.9578],[95.4,6.2934],[97.425,5.9578],[99.675,5.734],[100.3732,5.4209]],[[43.148,11.5949],[43.65,11.7356],[44.55,11.7357]],[[39.1828,21.4815],[37.4625,22.053]],[[67.0285,24.8897],[65.25,24.1568],[61.2,22.4694]]]},"properties":{"id":"asia-africa-europe-1-aae-1","name":"Asia Africa Europe-1 (AAE-1)","owners":"","rfs":"","length":""}},{"type":"Feature","geometry":{"type":"MultiLineString","coordinates":[[[57.7973,25.6813],[57.9593,25.1908],[57.9375,24.1226],[58.0044,23.6796]]]},"properties":{"id":"pishgaman-oman-iran-poi-network","name":"Pishgaman Oman Iran (POI) Network","owners":"","rfs":"","length":""}},{"type":"Feature","geometry":{"type":"MultiLineString","coordinates":[[[60.6328,25.2959],[60.3,25.1452],[58.95,24.8393],[58.05,24.1226],[58.0044,23.6796]]]},"properties":{"id":"pishgaman-oman-iran-poi-network","name":"Pishgaman Oman Iran (POI) Network","owners":"","rfs":"","length":""}},{"type":"Feature","geometry":{"type":"MultiLineString","coordinates":[[[56.2579,25.617],[56.5875,25.3487],[57.3239,24.4208],[58.0044,23.6796]],[[56.2468,26.1813],[56.3625,26.4115],[56.5875,26.4115],[56.7563,26.1593],[56.5708,25.7908],[56.2579,25.617]],[[57.7973,25.6813],[57.7973,25.1908],[57.3239,24.4208]],[[58.0044,23.6796],[58.1063,24.1226],[58.95,24.7372],[60.3,25.0943],[60.6328,25.2959]]]},"properties":{"id":"omranepeg-cable-system","name":"OMRAN/EPEG Cable System","owners":"","rfs":"","length":""}},{"type":"Feature","geometry":{"type":"MultiLineString","coordinates":[[[79.8894,6.8208],[79.5375,5.9578],[78.4508,4.5806]],[[80.243,13.0639],[81.45,12.6154],[83.7,12.1759],[89.1,10.8531],[93.15,9.2963],[95.4,7.9678],[97.425,7.1313],[99.675,5.622],[100.363,5.3538]],[[72.0,16.9651],[72.8759,19.0761]],[[97.425,7.1313],[95.4,6.4052],[94.275,6.1816],[92.7,5.5101],[90.0,4.6136],[85.5,3.716],[81.0,3.4914],[79.65,3.8656],[78.6951,4.3893],[75.9402,6.8522],[73.7451,9.5244],[72.3951,13.4921],[72.0,16.9651],[66.825,20.5858],[62.6625,23.9171],[59.85,24.7372],[58.725,24.9414],[56.925,24.9669],[56.3337,25.1217]],[[58.725,24.9414],[58.2188,23.9171],[58.2294,23.6796]]]},"properties":{"id":"bay-of-bengal-gateway-bbg","name":"Bay of Bengal Gateway (BBG)","owners":"","rfs":"","length":""}},{"type":"Feature","geometry":{"type":"MultiLineString","coordinates":[[[101.45,0.5333],[101.25,0.1186],[100.8,-0.5564],[100.3616,-0.9439],[100.2375,-0.5564],[99.0,1.4684],[98.7866,1.7478],[98.6625,2.3679],[98.6625,3.2668],[98.676,3.752]],[[104.175,-2.5805],[104.85,-2.0185],[105.075,-1.8498],[105.3671,-1.8102],[106.1631,-2.0072],[107.4379,-2.5177],[107.6629,-2.7674]],[[101.4477,1.6655],[101.3064,2.1431],[101.1938,2.3679],[101.25,2.8175],[101.4367,3.0093]],[[98.676,3.752],[99.0,3.5456],[99.2082,3.3806],[99.45,3.0422],[99.675,2.3679],[99.8278,2.1051],[100.125,2.3679],[101.25,2.9298],[101.4367,3.0093]],[[106.8334,-6.1716],[106.9875,-5.9457],[107.121,-5.9812],[107.2125,-5.2739],[107.6625,-4.6015],[107.326,-3.03],[107.3049,-2.7837],[107.411,-2.6282],[107.6629,-2.7674],[107.6629,-2.5177],[107.7605,-2.238],[108.225,-1.2313],[108.9,-0.2189],[109.3355,-0.027],[108.9,0.1186],[104.85,0.6811],[104.4,0.7936],[104.2875,0.9061],[104.175,0.9623],[103.9162,1.0558],[103.9,1.1347],[103.9626,1.1347],[103.8844,1.1591],[103.5,1.1591],[103.3407,1.1311],[102.6828,1.4739],[102.15,1.6371],[101.7281,1.6933],[101.4477,1.6655],[101.479,1.0185],[101.45,0.5333],[101.7,0.1186],[103.05,-1.2313],[103.61,-1.59],[103.725,-2.1309],[104.175,-2.5805],[104.5125,-2.8053],[104.7573,-2.991],[104.625,-3.4793],[104.175,-4.3771],[103.839,-5.0403],[104.4,-5.1619],[104.85,-5.2739],[105.2541,-5.4093],[105.3562,-5.7219],[105.8803,-5.8682],[106.425,-5.7219],[106.8334,-6.1716]]]},"properties":{"id":"jasuka","name":"JASUKA","owners":"","rfs":"","length":""}},{"type":"Feature","geometry":{"type":"MultiLineString","coordinates":[[[116.8313,-1.2654],[117.0812,-1.4029],[117.8519,-1.5153]],[[120.6,1.9182],[118.8,2.8175],[117.9,3.1545],[117.675,3.1545],[117.5785,3.3274]],[[117.45,-4.3771],[118.8,-4.9378],[119.4124,-5.1522]],[[116.5831,-5.7491],[116.55,-6.6167],[115.875,-8.1785],[115.875,-8.4011],[115.7625,-8.5124],[115.597,-8.4639]],[[114.4697,-5.9457],[113.4,-6.6167],[113.2835,-6.9022]],[[103.9626,1.1347],[103.8988,1.1915]],[[103.6461,1.3386],[103.8988,1.1915]],[[107.2125,-4.6015],[106.7625,-5.2739],[106.8334,-6.129]],[[101.4477,1.6655],[101.7281,1.7495],[102.15,1.7496],[102.6828,1.5301],[103.3407,1.2154],[103.5,1.1873],[103.8988,1.1915],[104.1378,1.2384],[104.2879,1.1735],[104.625,1.131],[104.85,1.0185],[105.3,1.0185],[106.65,-0.3314],[107.0366,-2.1309],[107.1531,-3.03],[107.2125,-4.6015],[112.05,-5.2739],[114.4697,-5.9457],[116.5831,-5.7491],[117.45,-4.3771],[117.6,-2.7304],[117.8519,-1.5153],[118.5413,-0.8106],[119.475,0.5686],[119.7,1.0185],[120.6,1.9182],[124.2,1.9182],[124.8396,1.4908]]]},"properties":{"id":"indonesia-global-gateway-igg-system","name":"Indonesia Global Gateway (IGG) System","owners":"","rfs":"","length":""}},{"type":"Feature","geometry":{"type":"MultiLineString","coordinates":[[[-64.8193,17.7739],[-64.5749,18.0915],[-64.1249,18.2518],[-63.4499,18.1449],[-63.0501,18.0929],[-62.9999,17.9864],[-62.8334,17.9001]],[[-63.0501,18.0929],[-63.4642,17.7118],[-63.4642,17.6165],[-63.2832,17.4229],[-62.9436,17.1802],[-61.8749,15.9401],[-61.7159,16.0289],[-61.6078,15.8928],[-61.5264,15.9888],[-61.5548,16.243]],[[-64.8193,17.7739],[-65.3061,18.2518],[-65.5311,18.572],[-65.6999,18.6786],[-65.8686,18.6786],[-66.1067,18.4661]]]},"properties":{"id":"global-caribbean-network-gcn","name":"Global Caribbean Network (GCN)","owners":"","rfs":"","length":""}},{"type":"Feature","geometry":{"type":"MultiLineString","coordinates":[[[-58.0499,13.0542],[-58.4999,12.6154],[-60.7499,11.7357],[-61.0874,11.2947],[-61.3124,10.8531],[-61.5167,10.6498]],[[-38.543,-3.7187],[-38.9249,-1.2313],[-40.4999,1.4684],[-46.7999,5.9578],[-51.2999,7.7449],[-54.8999,9.9679],[-58.0499,13.0542]],[[-80.1602,26.0105],[-79.6499,26.2098],[-78.8624,26.9643],[-77.8499,27.5643],[-76.9499,27.5643],[-73.3499,26.1593],[-69.2999,24.1226],[-67.2749,22.053],[-66.1499,20.375],[-66.2624,19.1044],[-66.1067,18.4661]],[[-66.1067,18.4661],[-65.9248,18.6786],[-65.6999,18.7319],[-65.4749,18.572],[-65.2499,18.2518],[-64.8166,17.7739],[-64.5749,17.931],[-63.4499,17.1802],[-62.0999,15.9401],[-61.8749,15.8319],[-61.6078,15.7304],[-61.2561,15.6695],[-60.7499,15.2358],[-60.7499,15.0186],[-59.8499,14.3657],[-58.0499,13.0542]],[[-61.0942,14.6155],[-61.1999,14.8012],[-61.1999,14.9099],[-60.7499,15.0186]],[[-52.3209,4.9415],[-51.2999,7.7449]],[[-68.8926,12.0904],[-68.3999,11.8458],[-65.6999,11.2947],[-64.7999,12.1759],[-62.9999,13.0542],[-61.1999,13.4921],[-60.2999,13.9293],[-59.8499,14.3657]],[[-66.8783,10.6065],[-66.5999,10.8531],[-65.6999,11.2947]]]},"properties":{"id":"americas-ii","name":"Americas-II","owners":"","rfs":"","length":""}},{"type":"Feature","geometry":{"type":"MultiLineString","coordinates":[[[106.8278,-6.1719],[106.425,-5.2739],[106.5375,-4.6015],[106.5375,-3.4793],[106.5475,-3.0799],[106.2,-2.5805],[105.75,-1.9061],[105.5827,-1.5539],[105.4125,-1.2313],[105.075,0.1186],[104.85,0.2903],[104.175,0.3988],[103.6688,0.7936],[103.6688,1.0185],[103.8781,1.191],[103.9626,1.1347],[103.9782,1.1854],[103.9465,1.3273],[104.0113,1.2337],[104.1496,1.1845],[104.3442,1.2016],[104.4258,1.1367]]]},"properties":{"id":"jakarta-bangka-bintan-batam-singapore-b3js","name":"Jakarta-Bangka-Bintan-Batam-Singapore (B3JS)","owners":"","rfs":"","length":""}},{"type":"Feature","geometry":{"type":"MultiLineString","coordinates":[[[38.107,24.0706],[37.8,24.0199],[37.3405,24.0354],[37.125,24.1226]],[[43.0085,14.6857],[42.75,14.6924],[42.525,14.6924],[42.3563,14.8012]],[[101.25,2.3679],[101.3626,2.1431],[101.4477,1.6655]],[[99.45,4.6136],[98.676,3.752]],[[27.9001,32.4333],[28.8001,34.3122],[28.5751,36.1499],[28.4626,36.5124],[28.2536,36.8553]],[[16.6501,33.9396],[16.4251,34.683],[16.2001,35.7857],[16.0876,36.8732],[15.7501,37.3219],[15.0674,37.5134]],[[94.3912,16.858],[93.6,16.9651],[91.8,17.8239]],[[102.2209,2.2733],[102.15,1.9744]],[[90.1166,21.8208],[90.9,20.375],[91.8,17.8239],[91.8,14.8012],[90.45,9.5244],[90.225,7.9678],[90.0,7.2988]],[[67.0285,24.8897],[65.25,24.0541],[63.225,22.4694]],[[65.7549,16.8863],[63.4584,20.8808],[63.225,22.4694],[59.85,24.4303],[58.5,24.7372],[56.925,24.9414],[56.3337,25.1217]],[[29.7009,31.0723],[29.9813,30.4175],[30.3751,29.9069],[31.0501,29.5405],[31.7251,29.2955],[32.1751,29.1974],[32.6532,29.1136]],[[5.9303,43.1253],[6.3001,42.7437],[6.5251,41.7444],[8.1001,38.6518],[8.3251,38.3878],[9.0001,38.2995],[10.3486,38.2995],[10.9126,37.8567],[12.1501,37.2324],[12.1501,36.2407],[12.4876,35.7857],[12.9938,35.4198],[14.4001,34.5441],[16.6501,33.9396],[19.3501,34.3122],[22.0501,34.1571],[25.2001,33.4248],[27.9001,32.4333],[29.7009,31.0723],[29.9813,30.466],[30.3751,30.0043],[31.0501,29.6383],[31.7251,29.3936],[32.1751,29.2464],[32.6532,29.1136],[33.4691,28.1611],[34.425,27.3647],[35.3532,26.5625],[36.1125,25.7547],[37.125,24.1226],[38.3625,22.053],[39.15,20.375],[40.5,18.2518],[41.5125,16.5342],[42.3563,14.8012],[42.8625,13.9293],[43.1719,13.0542],[43.2985,12.8349],[43.3829,12.6154],[43.5375,12.3957],[44.55,11.6806],[45.45,11.6255],[48.6,12.3957],[55.35,14.1476],[58.95,15.886],[65.7549,16.8863],[70.65,13.4121],[72.1098,9.2807],[74.3049,6.6069],[76.95,5.5101],[79.65,5.5101],[80.5399,5.9408]],[[80.5399,5.9408],[81.0,5.5101],[82.8,5.5101],[85.5,6.4052],[90.0,7.2988],[92.7,6.8522],[94.275,6.8522],[95.4,6.7405],[97.425,6.2375],[98.775,5.2861],[99.45,4.6136],[100.35,3.2668],[101.25,2.3679],[102.15,1.9744],[102.6828,1.6706],[103.3407,1.2716],[103.5,1.2153],[103.6461,1.3386]],[[43.1616,11.5737],[43.65,11.708],[44.55,11.6806]],[[58.5911,23.6151],[58.95,23.8657],[59.85,24.4303]]]},"properties":{"id":"seamewe-5","name":"SeaMeWe-5","owners":"","rfs":"","length":""}},{"type":"Feature","geometry":{"type":"MultiLineString","coordinates":[[[15.0674,37.5134],[15.7501,37.2324],[15.9188,36.8732],[15.5251,36.1499],[15.0751,35.9224],[14.4881,35.8919]]]},"properties":{"id":"italy-malta","name":"Italy-Malta","owners":"","rfs":"","length":""}},{"type":"Feature","geometry":{"type":"MultiLineString","coordinates":[[[15.0674,37.5134],[15.6376,37.2324],[15.7501,36.8732],[15.3001,36.1499],[15.0751,36.0135],[14.38,35.9341]]]},"properties":{"id":"epic-malta-sicily-cable-system-emscs","name":"Epic Malta-Sicily Cable System (EMSCS)","owners":"","rfs":"","length":""}},{"type":"Feature","geometry":{"type":"MultiLineString","coordinates":[[[11.0909,36.8499],[11.4274,36.8493],[12.173,37.3682],[12.5914,37.6506]]]},"properties":{"id":"hannibal-system","name":"HANNIBAL System","owners":"","rfs":"","length":""}},{"type":"Feature","geometry":{"type":"MultiLineString","coordinates":[[[11.0909,36.8499],[11.4274,36.9393],[12.173,37.4576],[12.5914,37.6506]]]},"properties":{"id":"didon","name":"Didon","owners":"","rfs":"","length":""}},{"type":"Feature","geometry":{"type":"MultiLineString","coordinates":[[[28.9882,41.0406],[28.2836,40.7445],[27.6707,40.5715],[27.2044,40.5173],[26.7554,40.4556],[26.644,40.3755],[26.5929,40.3174],[26.5166,40.2768],[26.4478,40.2237],[26.3722,40.1944],[26.3762,40.1468],[26.3442,40.1046],[26.2461,40.0556],[25.3126,39.525],[25.3126,38.6518],[25.6501,37.4113],[25.2001,37.2324],[24.6376,37.2771],[24.0751,37.2324],[23.9626,37.5898],[23.7362,37.9761]],[[25.8751,36.6028],[25.4251,36.6028],[24.9751,36.3313],[24.5251,36.3313],[24.1876,36.5124],[23.8501,37.5898],[23.7362,37.9761]],[[28.9882,41.0406],[28.3058,40.7274],[27.6789,40.5523],[27.18,40.4957],[26.7549,40.4374],[26.6771,40.3798],[26.6056,40.3078],[26.5317,40.2627],[26.4817,40.2214],[26.3886,40.1917],[26.3908,40.1325],[26.3482,40.0867],[26.26,40.0423],[26.0982,39.9777],[25.4251,39.525],[25.4251,38.6518],[25.8751,37.4113],[26.2126,37.2324],[26.3251,36.8732],[25.8751,36.6028],[26.1001,35.7857]],[[34.2001,33.0955],[33.7501,33.5655],[33.7501,34.4978],[33.6106,34.8273]],[[24.0122,35.512],[23.9626,35.7857],[23.8501,36.5124],[23.7376,37.5898],[23.7362,37.9761]],[[15.0674,37.5134],[15.7501,37.5006],[18.0001,36.5124],[19.3423,36.1496],[22.0501,35.5419],[23.4001,34.9908],[25.2001,34.6136],[31.0501,33.0955],[33.7501,32.3383],[34.7697,32.045],[34.65,32.2432],[34.7625,32.623],[34.9988,32.8116]],[[34.9988,32.8116],[34.2001,33.0955],[31.0501,33.5655],[28.8001,34.3122],[27.2251,35.0522],[26.5501,35.4198],[26.1001,35.7857],[24.0122,35.512],[23.7376,35.8313],[22.9501,35.968],[18.0001,36.8732],[15.7501,37.5898],[15.0674,37.5134]]]},"properties":{"id":"mednautilus-submarine-system","name":"MedNautilus Submarine System","owners":"","rfs":"","length":""}},{"type":"Feature","geometry":{"type":"MultiLineString","coordinates":[[[-6.585,52.1716],[-6.0749,51.5868],[-5.8499,50.7403],[-5.6988,50.0762]]]},"properties":{"id":"esat-1","name":"ESAT-1","owners":"","rfs":"","length":""}},{"type":"Feature","geometry":{"type":"MultiLineString","coordinates":[[[-3.6109,50.3191],[-3.1499,50.2393],[-2.8124,50.0951],[-2.4749,49.5873],[-2.5334,49.5034]]]},"properties":{"id":"channel-islands-9-liberty-submarine-cable","name":"Channel Islands-9 Liberty Submarine Cable","owners":"","rfs":"","length":""}},{"type":"Feature","geometry":{"type":"MultiLineString","coordinates":[[[0.3667,50.8193],[0.4501,50.7403],[1.3501,50.2393],[1.4934,50.1792]]]},"properties":{"id":"circe-south","name":"Circe South","owners":"","rfs":"","length":""}},{"type":"Feature","geometry":{"type":"MultiLineString","coordinates":[[[-2.5334,49.5034],[-2.4187,49.5873],[-2.6999,50.1673],[-3.0374,50.3112],[-3.5784,50.3517]]]},"properties":{"id":"uk-channel-islands-7","name":"UK-Channel Islands-7","owners":"","rfs":"","length":""}},{"type":"Feature","geometry":{"type":"MultiLineString","coordinates":[[[1.441,51.3586],[1.8001,51.3064],[2.4751,51.3064],[2.9619,51.2467]]]},"properties":{"id":"pan-european-crossing-uk-belgium","name":"Pan European Crossing (UK-Belgium)","owners":"","rfs":"","length":""}},{"type":"Feature","geometry":{"type":"MultiLineString","coordinates":[[[4.5242,52.3637],[4.5207,52.3633],[4.516,52.3628],[4.51,52.3622],[4.5029,52.3615],[4.4946,52.3607],[4.4852,52.3598],[4.4749,52.3588],[4.4635,52.3577],[4.4513,52.3565],[4.4381,52.3552],[4.4242,52.3538],[4.4095,52.3524],[4.3941,52.3509],[4.3781,52.3494],[4.3615,52.3478],[4.3443,52.3461],[4.3267,52.3444],[4.3086,52.3427],[4.2902,52.3409],[4.2714,52.3391],[4.2524,52.3372],[4.2331,52.3354],[4.2137,52.3335],[4.1942,52.3316],[4.1746,52.3297],[4.1551,52.3278],[4.1355,52.326],[4.1161,52.3241],[4.0969,52.3222],[4.0778,52.3204],[4.0591,52.3186],[4.0406,52.3168],[4.0226,52.315],[4.0049,52.3133],[3.9878,52.3117],[3.9711,52.3101],[3.9551,52.3085],[3.9397,52.307],[3.9251,52.3056],[3.9111,52.3042],[3.898,52.303],[3.8857,52.3018],[3.8744,52.3007],[3.864,52.2996],[3.8547,52.2987],[3.8464,52.2979],[3.8392,52.2972],[3.8332,52.2966],[3.8251,52.2958],[3.8161,52.2942],[3.8071,52.2927],[3.7981,52.2912],[3.7891,52.2896],[3.7801,52.2881],[3.7711,52.2866],[3.7621,52.285],[3.7531,52.2835],[3.7441,52.282],[3.7351,52.2805],[3.7261,52.2789],[3.7171,52.2774],[3.7081,52.2759],[3.6991,52.2743],[3.6901,52.2728],[3.6811,52.2713],[3.6721,52.2698],[3.6631,52.2682],[3.6541,52.2667],[3.6451,52.2652],[3.6361,52.2636],[3.6271,52.2621],[3.6181,52.2606],[3.6091,52.259],[3.6001,52.2575],[3.5911,52.256],[3.5821,52.2545],[3.5731,52.2529],[3.5641,52.2514],[3.5551,52.2499],[3.5461,52.2483],[3.5371,52.2468],[3.5281,52.2453],[3.5191,52.2437],[3.5101,52.2422],[3.5011,52.2407],[3.4921,52.2391],[3.4831,52.2376],[3.4741,52.2361],[3.4651,52.2346],[3.4561,52.233],[3.4471,52.2315],[3.4381,52.23],[3.4291,52.2284],[3.4201,52.2269],[3.4111,52.2254],[3.4021,52.2238],[3.3931,52.2223],[3.3751,52.2192],[2.0251,52.2116],[1.6203,52.2072],[1.6171,52.1955],[1.6133,52.1809],[2.0251,52.1426],[3.1501,51.5868],[3.2069,51.3309]]]},"properties":{"id":"concerto","name":"Concerto","owners":"","rfs":"","length":""}},{"type":"Feature","geometry":{"type":"MultiLineString","coordinates":[[[1.5906,52.1578],[2.0251,52.0043],[2.9251,51.5868],[3.4962,51.564]]]},"properties":{"id":"farland-north","name":"Farland North","owners":"","rfs":"","length":""}},{"type":"Feature","geometry":{"type":"MultiLineString","coordinates":[[[1.7293,52.4688],[2.2501,52.4179],[3.8251,52.4179],[4.5242,52.3637]]]},"properties":{"id":"circe-north","name":"Circe North","owners":"","rfs":"","length":""}},{"type":"Feature","geometry":{"type":"MultiLineString","coordinates":[[[-4.4809,54.1505],[-4.2749,54.1001],[-3.5999,53.9017],[-3.0508,53.809]]]},"properties":{"id":"e-llan","name":"E-LLAN","owners":"","rfs":"","length":""}},{"type":"Feature","geometry":{"type":"MultiLineString","coordinates":[[[-4.6599,55.5413],[-4.9499,55.4624],[-5.6249,54.8194],[-5.7187,54.7537]]]},"properties":{"id":"lanis-3","name":"Lanis-3","owners":"","rfs":"","length":""}},{"type":"Feature","geometry":{"type":"MultiLineString","coordinates":[[[-4.8542,55.2404],[-5.1749,55.2064],[-5.6249,55.0133],[-5.8098,54.8578]]]},"properties":{"id":"scotland-northern-ireland-2","name":"Scotland-Northern Ireland 2","owners":"","rfs":"","length":""}},{"type":"Feature","geometry":{"type":"MultiLineString","coordinates":[[[24.9325,60.1712],[24.9751,60.0749],[24.9751,59.9624],[24.8626,59.6797],[24.7525,59.4237],[24.9751,59.6797],[25.0876,59.9624],[25.0313,60.0749],[24.9325,60.1712]]]},"properties":{"id":"finland-estonia-connection-fec","name":"Finland Estonia Connection (FEC)","owners":"","rfs":"","length":""}},{"type":"Feature","geometry":{"type":"MultiLineString","coordinates":[[[24.2766,59.401],[24.4126,59.6797],[24.7501,59.9624],[24.9325,60.1712]]]},"properties":{"id":"finland-estonia-3-eesf-3","name":"Finland-Estonia 3 (EESF-3)","owners":"","rfs":"","length":""}},{"type":"Feature","geometry":{"type":"MultiLineString","coordinates":[[[21.0112,56.5084],[20.8126,56.4075],[20.8126,56.1577],[21.0827,56.0285]]]},"properties":{"id":"bcs-east","name":"BCS East","owners":"","rfs":"","length":""}},{"type":"Feature","geometry":{"type":"MultiLineString","coordinates":[[[101.4477,1.6655],[101.7281,1.7775],[101.925,1.9182],[102.2209,2.2733]],[[103.9626,1.1347],[103.5,1.1732],[103.3407,1.1873],[102.6828,1.502],[102.15,1.6933],[101.7281,1.7214],[101.4477,1.6655]]]},"properties":{"id":"batam-dumai-melaka-bdm-cable-system","name":"Batam Dumai Melaka (BDM) Cable System","owners":"","rfs":"","length":""}},{"type":"Feature","geometry":{"type":"MultiLineString","coordinates":[[[103.706,1.2593],[103.8656,1.1854],[103.9626,1.1347]],[[103.4667,-0.8165],[103.8938,-0.3314],[103.8938,0.1186],[103.6125,0.7936],[103.6125,1.0185],[103.9626,1.1347]]]},"properties":{"id":"pgascom","name":"PGASCOM","owners":"","rfs":"","length":""}},{"type":"Feature","geometry":{"type":"MultiLineString","coordinates":[[[120.2008,12.0054],[120.375,11.8458],[120.6,11.7357]],[[119.5004,10.82],[120.15,10.9758],[120.6,11.7357],[120.825,12.1759],[121.0502,12.363]]]},"properties":{"id":"boracay-palawan-submarine-cable-system","name":"Boracay-Palawan Submarine Cable System","owners":"","rfs":"","length":""}},{"type":"Feature","geometry":{"type":"MultiLineString","coordinates":[[[37.2197,19.6156],[37.5892,20.1304],[38.1,20.656],[39.1828,21.4815]]]},"properties":{"id":"saudi-arabia-sudan-1-sas-1","name":"Saudi Arabia-Sudan-1 (SAS-1)","owners":"","rfs":"","length":""}},{"type":"Feature","geometry":{"type":"MultiLineString","coordinates":[[[43.0085,14.6857],[42.75,14.5835],[42.525,14.5835],[42.1313,14.8012]],[[48.5318,29.9236],[48.7125,29.5405],[48.6,29.1482]],[[48.5318,29.9236],[48.6,29.5405],[48.4875,29.2465]],[[60.6274,25.2587],[59.85,24.5327]],[[52.1825,16.213],[52.65,15.6695],[52.65,15.2358]],[[75.5451,6.6287],[79.2,6.6287],[79.8721,6.927]],[[76.9702,8.7982],[76.5,8.1905],[75.5451,6.6287],[74.25,5.3981],[73.5,4.1667]],[[72.8759,19.0761],[70.2,19.741],[66.6,20.375],[63.45,22.4694],[59.85,24.5327],[58.5,23.9685],[58.1762,23.6849],[57.8813,24.1226],[57.375,25.3487],[57.15,26.1593],[56.9813,26.5625],[56.743,26.9732],[56.2742,27.1873],[56.25,26.8138],[55.8,26.4115],[55.35,26.3611],[53.55,26.3611],[52.875,26.5625],[52.2,26.9643],[51.525,27.3647],[50.175,27.9625],[49.1625,28.6558],[48.6,29.1482],[48.4875,29.2465],[47.9748,29.3741],[48.6,28.8531],[49.1625,28.4582],[50.175,26.9643],[50.175,26.4618],[50.2142,26.2854],[50.3438,26.4618],[50.5125,26.4618],[50.576,26.2295],[51.1875,26.4618],[51.6375,26.3611],[51.75,26.0583],[51.5193,25.2946],[52.2,25.7547],[53.55,25.856],[55.125,25.856],[55.125,25.5519],[55.3085,25.2694],[55.2376,25.5519],[55.35,25.856],[55.8,26.1593],[56.2468,26.1813],[56.3625,26.4618],[56.5875,26.4618],[56.8125,26.1593],[57.2625,25.3487],[57.825,24.1226],[58.1762,23.6849],[58.5,23.8142],[58.95,23.6597],[59.85,22.9883],[60.075,22.4694],[60.075,19.1044],[58.95,18.038],[55.35,16.3184],[52.65,15.2358],[48.6,13.4921],[45.45,12.7252],[44.55,12.2309],[43.6782,12.3957],[43.3266,12.6154],[43.2422,12.8349],[43.0594,13.0542],[42.6375,13.9293],[42.1313,14.8012],[41.0625,16.5342],[40.05,18.2518],[38.7,20.375],[37.9125,22.053],[36.675,24.1226],[35.6625,25.7547],[35.0157,26.5625],[34.2001,27.3647],[33.4973,28.1611],[32.9907,28.9516],[32.7094,29.3446],[32.5407,29.6383],[32.5407,29.9742]],[[39.1828,21.4815],[38.7,20.375],[37.5892,19.8132],[37.2197,19.6156]]]},"properties":{"id":"falcon","name":"FALCON","owners":"","rfs":"","length":""}},{"type":"Feature","geometry":{"type":"MultiLineString","coordinates":[[[106.8334,-6.129],[106.3125,-5.386]],[[32.5428,29.9591],[32.2876,30.369],[31.9501,30.6839],[31.3876,30.9014],[30.8251,31.0461],[29.8935,31.1915],[28.8001,32.8123],[25.2001,34.2657],[23.4001,34.6213],[22.0501,34.9908],[19.3501,35.4198],[16.6501,35.0522],[14.4001,35.3739],[13.3313,35.968],[12.7126,36.8732],[12.6001,37.2324],[12.5914,37.6506],[11.7001,37.6789],[10.3486,38.0342],[9.0001,38.0342],[5.4001,37.9455],[2.2501,37.5898],[-2.2499,35.968],[-4.4999,35.8769],[-5.6249,35.9679],[-6.2999,36.059],[-8.9999,36.2407],[-9.4499,36.693],[-9.4499,37.2324],[-9.1124,38.1227],[-9.1027,38.4431]],[[114.75,21.2164],[114.4125,21.6353],[114.184,22.2496]],[[100.0661,6.6135],[99.0,6.1816],[97.425,6.0697]],[[126.0,29.5405],[125.55,30.126],[124.65,30.7081],[122.85,31.0943],[122.175,31.2387],[121.4726,31.2476]],[[-9.1027,38.4431],[-10.7999,38.8273],[-11.6999,39.6983],[-11.6999,43.4011],[-8.0999,46.8908],[-5.8499,47.7298],[-4.3385,47.811],[-5.1749,47.9563],[-5.3999,48.4064],[-4.9499,49.4412],[-5.173,50.0225],[-4.4999,49.9506],[-3.5999,50.0229],[-2.2499,50.1673],[0.0001,50.3112],[0.9001,50.669],[1.349,50.981],[1.8001,51.0949],[2.4751,51.1655],[2.9128,51.2312]],[[58.5911,23.6151],[58.95,23.7627],[59.85,23.6082]],[[32.4667,34.7666],[31.5001,34.3431],[28.8001,32.8123],[29.0251,34.3122],[28.6876,36.1499],[28.5751,36.5124],[28.2536,36.8553]],[[-5.3918,35.5659],[-4.7249,35.6943],[-4.4999,35.8769]],[[23.4001,34.6213],[23.4001,35.4198],[23.5126,35.6943],[23.7376,35.6943],[24.0122,35.512]],[[56.3337,25.1217],[56.925,24.8138],[58.5,24.2765],[59.85,23.6082],[61.425,22.4694],[61.425,17.8239]],[[121.0278,21.4576],[120.7125,21.6353],[120.6,22.053],[120.6622,22.2493]],[[113.5611,22.1565],[113.625,21.8443],[113.85,21.6353],[114.75,21.2164],[115.2,20.7963],[116.325,20.164],[117.0,19.9526]],[[115.8573,-31.9534],[113.85,-31.2763],[112.5,-30.31],[110.25,-27.1538],[108.0,-20.4339],[104.4,-11.9439],[104.4,-7.5098],[104.625,-6.6167],[105.3,-5.9457],[105.75,-5.8898],[106.3125,-5.386],[106.65,-5.1619],[106.9875,-4.6015],[107.0437,-3.03],[106.9302,-2.1309],[106.0875,-0.7814],[105.4125,0.1186],[104.85,0.4561],[104.175,0.5706],[103.5563,0.7936],[103.5563,1.0185],[103.6461,1.3386],[103.5,1.2013],[103.3407,1.2435],[102.6828,1.6426],[102.15,1.9182],[101.25,2.2555],[100.2375,3.2668],[99.225,4.6136],[98.55,5.2861],[97.425,6.0697],[95.4,6.517],[94.275,6.4052],[92.7,5.9578],[90.0,5.5101],[85.5,4.6136],[81.0,4.1649],[78.6951,4.8378],[76.8402,6.8522],[74.6451,9.5244],[73.2951,13.4921],[72.45,16.9651],[72.8759,19.0761],[70.2,18.9981],[66.6,18.8917],[61.425,17.8239],[58.95,16.3184],[55.35,14.5835],[48.6,12.6154],[45.45,11.8458],[44.55,11.8458],[43.6219,12.3957],[43.2985,12.6154],[43.2141,12.8349],[43.0032,13.0542],[42.525,13.9293],[42.0188,14.8012],[40.8375,16.5342],[39.825,18.2518],[38.475,20.375],[37.6875,22.053],[36.45,24.1226],[35.4375,25.7547],[34.8469,26.5625],[34.0876,27.3647],[33.4832,28.1611],[32.9626,28.9516],[32.6814,29.3446],[32.5126,29.6383],[32.5299,29.9725],[32.2876,30.3205],[31.9501,30.5871],[31.3876,30.8048],[30.8251,30.9738],[29.8935,31.1915]],[[127.6808,26.2124],[126.9,26.5625],[125.55,26.5625],[124.65,26.1593]],[[124.2,24.1226],[122.85,24.7372],[122.175,24.8393],[121.8014,24.8635]],[[121.066,13.7624],[120.15,13.7108],[118.8,14.1476],[117.0,14.3657],[115.65,14.8012]],[[115.2,13.0542],[114.3,13.9293],[110.7,15.2358],[109.8,15.7778],[108.9,15.9942],[108.1925,16.0434]],[[98.676,3.752],[99.225,4.6136]],[[76.2696,9.9384],[75.6,9.7462],[74.6451,9.5244]],[[110.925,5.9578],[114.3,5.174],[114.8856,4.9268]],[[100.363,5.3538],[99.675,5.2861],[98.55,5.2861]],[[79.8668,6.8331],[79.3125,5.9578],[78.4768,5.0336]],[[95.6821,16.2828],[95.85,14.8012],[96.075,11.2947],[95.85,8.339],[95.4,6.517]],[[117.0,19.9526],[116.55,18.2518],[115.65,14.8012],[115.2,13.0542],[114.1875,9.9679],[112.5,7.7449],[110.925,5.9578],[110.25,5.5101],[108.0,4.5014],[107.1,3.9405],[105.75,3.1545],[105.3,2.8175],[104.9623,1.4684],[105.4125,0.1186]],[[117.0,19.9526],[117.0,20.7963],[116.8875,22.4694],[116.6775,23.355],[117.225,22.8847],[118.35,22.2614],[118.8,22.053],[120.1279,21.5622],[121.0278,21.4576]],[[128.6208,34.8807],[127.9125,34.3122],[127.35,33.1897],[127.35,32.4333],[126.0,29.5405],[125.775,28.557],[124.65,26.1593],[124.5375,25.5519],[124.2,24.1226],[123.3,22.053],[122.85,21.6353],[121.0278,21.4576]],[[43.148,11.5949],[43.65,11.7631],[44.55,11.8458]],[[66.6,18.8917],[65.925,20.375],[66.375,23.2986],[67.0285,24.8897]],[[37.6875,22.053],[39.1828,21.4815]],[[114.184,22.2496],[114.3,22.053],[115.65,22.1051],[117.45,21.9487],[118.35,22.2614]],[[105.3,2.8175],[104.4,2.3679],[103.8507,2.2957]]]},"properties":{"id":"seamewe-3","name":"SeaMeWe-3","owners":"","rfs":"","length":""}}]}