{"type":"FeatureCollection","features":[{"type":"Feature","geometry":{"type":"Point","coordinates":[103.987,1.389]},"properties":{"id":"changi-south-singapore","name":"Changi South, Singapore"}},{"type":"Feature","geometry":{"type":"Point","coordinates":[-80.8559,-2.3298]},"properties":{"id":"ancon-ecuador","name":"Ancon, Ecuador"}},{"type":"Feature","geometry":{"type":"Point","coordinates":[-79.5367,8.9648]},"properties":{"id":"panama-city-panama","name":"Panama City, Panama"}},{"type":"Feature","geometry":{"type":"Point","coordinates":[-79.9028,9.3509]},"properties":{"id":"cristbal-ecuador","name":"Crist\u00f3bal, Ecuador"}},{"type":"Feature","geometry":{"type":"Point","coordinates":[-81.7958,26.1391]},"properties":{"id":"naples-fl-united-states","name":"Naples, FL, United States"}},{"type":"Feature","geometry":{"type":"Point","coordinates":[-74.7798,10.9404]},"properties":{"id":"barranquilla-colombia","name":"Barranquilla, Colombia"}},{"type":"Feature","geometry":{"type":"Point","coordinates":[114.2031,22.2221]},"properties":{"id":"chung-hom-kok-china","name":"Chung Hom Kok, China"}},{"type":"Feature","geometry":{"type":"Point","coordinates":[120.3209,16.6159]},"properties":{"id":"la-union-philippines","name":"La Union, Philippines"}},{"type":"Feature","geometry":{"type":"Point","coordinates":[103.8499,2.2957]},"properties":{"id":"mersing-malaysia","name":"Mersing, Malaysia"}},{"type":"Feature","geometry":{"type":"Point","coordinates":[110.3537,1.5202]},"properties":{"id":"kuching-malaysia","name":"Kuching, Malaysia"}},{"type":"Feature","geometry":{"type":"Point","coordinates":[103.6462,1.3386]},"properties":{"id":"tuas-singapore","name":"Tuas, Singapore"}},{"type":"Feature","geometry":{"type":"Point","coordinates":[100.597,7.0786]},"properties":{"id":"songkhla-thailand","name":"Songkhla, Thailand"}},{"type":"Feature","geometry":{"type":"Point","coordinates":[110.0494,18.3899]},"properties":{"id":"lingshui-china","name":"Lingshui, China"}},{"type":"Feature","geometry":{"type":"Point","coordinates":[8.4069,55.4485]},"properties":{"id":"fano-denmark","name":"Fano, Denmark"}},{"type":"Feature","geometry":{"type":"Point","coordinates":[5.1805,55.3221]},"properties":{"id":"totalenergies-halfdan-denmark","name":"TotalEnergies Halfdan, Denmark"}},{"type":"Feature","geometry":{"type":"Point","coordinates":[4.5131,55.4187]},"properties":{"id":"totalenergies-tyra-denmark","name":"TotalEnergies Tyra, Denmark"}},{"type":"Feature","geometry":{"type":"Point","coordinates":[73.0715,6.6225]},"properties":{"id":"kulhudhufushi-maldives","name":"Kulhudhufushi, Maldives"}},{"type":"Feature","geometry":{"type":"Point","coordinates":[23.7225,35.5123]},"properties":{"id":"nopigeia-greece","name":"Nopigeia, Greece"}},{"type":"Feature","geometry":{"type":"Point","coordinates":[23.0357,36.5232]},"properties":{"id":"neapoli-greece","name":"Neapoli, Greece"}},{"type":"Feature","geometry":{"type":"Point","coordinates":[24.9316,35.4047]},"properties":{"id":"korakia-greece","name":"Korakia, Greece"}},{"type":"Feature","geometry":{"type":"Point","coordinates":[23.3632,37.974]},"properties":{"id":"pachi-greece","name":"Pachi, Greece"}},{"type":"Feature","geometry":{"type":"Point","coordinates":[5.3725,43.2936]},"properties":{"id":"marseille-france","name":"Marseille, France"}},{"type":"Feature","geometry":{"type":"Point","coordinates":[32.2845,31.2593]},"properties":{"id":"port-said-egypt","name":"Port Said, Egypt"}},{"type":"Feature","geometry":{"type":"Point","coordinates":[33.0828,28.3659]},"properties":{"id":"ras-ghareb-egypt","name":"Ras Ghareb, Egypt"}},{"type":"Feature","geometry":{"type":"Point","coordinates":[38.107,24.0706]},"properties":{"id":"yanbu-saudi-arabia","name":"Yanbu, Saudi Arabia"}},{"type":"Feature","geometry":{"type":"Point","coordinates":[43.1458,11.5987]},"properties":{"id":"djibouti-city-djibouti","name":"Djibouti City, Djibouti"}},{"type":"Feature","geometry":{"type":"Point","coordinates":[67.0285,24.8897]},"properties":{"id":"karachi-pakistan","name":"Karachi, Pakistan"}},{"type":"Feature","geometry":{"type":"Point","coordinates":[72.8759,19.0761]},"properties":{"id":"mumbai-india","name":"Mumbai, India"}},{"type":"Feature","geometry":{"type":"Point","coordinates":[73.5403,4.2119]},"properties":{"id":"hulhumale-maldives","name":"Hulhumale, Maldives"}},{"type":"Feature","geometry":{"type":"Point","coordinates":[80.5399,5.9408]},"properties":{"id":"matara-sri-lanka","name":"Matara, Sri Lanka"}},{"type":"Feature","geometry":{"type":"Point","coordinates":[91.9949,21.4292]},"properties":{"id":"coxs-bazar-bangladesh","name":"Cox\u2019s Bazar, Bangladesh"}},{"type":"Feature","geometry":{"type":"Point","coordinates":[101.4436,2.7512]},"properties":{"id":"morib-malaysia","name":"Morib, Malaysia"}},{"type":"Feature","geometry":{"type":"Point","coordinates":[-6.0855,53.5497]},"properties":{"id":"loughshinny-ireland","name":"LoughShinny, Ireland"}},{"type":"Feature","geometry":{"type":"Point","coordinates":[105.8839,-6.0737]},"properties":{"id":"anyer-indonesia","name":"Anyer, Indonesia"}},{"type":"Feature","geometry":{"type":"Point","coordinates":[105.5849,-5.7693]},"properties":{"id":"kalianda-indonesia","name":"Kalianda, Indonesia"}},{"type":"Feature","geometry":{"type":"Point","coordinates":[104.8745,-2.2953]},"properties":{"id":"sungsang-indonesia","name":"Sungsang, Indonesia"}},{"type":"Feature","geometry":{"type":"Point","coordinates":[105.1643,-2.0652]},"properties":{"id":"muntok-indonesia","name":"Muntok, Indonesia"}},{"type":"Feature","geometry":{"type":"Point","coordinates":[-124.8076,49.234]},"properties":{"id":"port-alberni-bc-canada","name":"Port Alberni, BC, Canada"}},{"type":"Feature","geometry":{"type":"Point","coordinates":[136.8743,34.3369]},"properties":{"id":"shima-japan","name":"Shima, Japan"}},{"type":"Feature","geometry":{"type":"Point","coordinates":[140.7183,36.7131]},"properties":{"id":"takahagi-japan","name":"Takahagi, Japan"}},{"type":"Feature","geometry":{"type":"Point","coordinates":[115.8572,-31.9534]},"properties":{"id":"perth-wa-australia","name":"Perth, WA, Australia"}},{"type":"Feature","geometry":{"type":"Point","coordinates":[103.9466,1.3273]},"properties":{"id":"tanah-merah-singapore","name":"Tanah Merah, Singapore"}},{"type":"Feature","geometry":{"type":"Point","coordinates":[103.853,1.2937]},"properties":{"id":"singapore-singapore","name":"Singapore, Singapore"}},{"type":"Feature","geometry":{"type":"Point","coordinates":[103.987,1.389]},"properties":{"id":"changi-north-singapore","name":"Changi North, Singapore"}},{"type":"Feature","geometry":{"type":"Point","coordinates":[-123.114,49.2604]},"properties":{"id":"vancouver-bc-canada","name":"Vancouver, BC, Canada"}},{"type":"Feature","geometry":{"type":"Point","coordinates":[106.8279,-6.1716]},"properties":{"id":"jakarta-indonesia","name":"Jakarta, Indonesia"}},{"type":"Feature","geometry":{"type":"Point","coordinates":[98.6761,3.7521]},"properties":{"id":"medan-indonesia","name":"Medan, Indonesia"}},{"type":"Feature","geometry":{"type":"Point","coordinates":[104.0166,1.0668]},"properties":{"id":"batam-indonesia","name":"Batam, Indonesia"}},{"type":"Feature","geometry":{"type":"Point","coordinates":[119.4124,-5.1522]},"properties":{"id":"makassar-indonesia","name":"Makassar, Indonesia"}},{"type":"Feature","geometry":{"type":"Point","coordinates":[125.5807,-8.5707]},"properties":{"id":"dili-timor-leste","name":"Dili, Timor-Leste"}},{"type":"Feature","geometry":{"type":"Point","coordinates":[130.8432,-12.4675]},"properties":{"id":"darwin-nt-australia","name":"Darwin, NT, Australia"}},{"type":"Feature","geometry":{"type":"Point","coordinates":[124.8396,1.4908]},"properties":{"id":"manado-indonesia","name":"Manado, Indonesia"}},{"type":"Feature","geometry":{"type":"Point","coordinates":[12.5913,37.6505]},"properties":{"id":"mazara-del-vallo-italy","name":"Mazara del Vallo, Italy"}},{"type":"Feature","geometry":{"type":"Point","coordinates":[2.1688,41.3856]},"properties":{"id":"barcelona-spain","name":"Barcelona, Spain"}},{"type":"Feature","geometry":{"type":"Point","coordinates":[-5.8438,36.1348]},"properties":{"id":"zahara-de-los-atunes-spain","name":"Zahara de los Atunes, Spain"}},{"type":"Feature","geometry":{"type":"Point","coordinates":[-5.2752,36.294]},"properties":{"id":"torreguadiaro-spain","name":"Torreguadiaro, Spain"}},{"type":"Feature","geometry":{"type":"Point","coordinates":[-5.3918,35.5659]},"properties":{"id":"ttouan-morocco","name":"T\u00e9touan, Morocco"}},{"type":"Feature","geometry":{"type":"Point","coordinates":[-2.933,35.17]},"properties":{"id":"nador-morocco","name":"Nador, Morocco"}},{"type":"Feature","geometry":{"type":"Point","coordinates":[3.0319,36.7657]},"properties":{"id":"algiers-algeria","name":"Algiers, Algeria"}},{"type":"Feature","geometry":{"type":"Point","coordinates":[6.5572,37.003]},"properties":{"id":"collo-algeria","name":"Collo, Algeria"}},{"type":"Feature","geometry":{"type":"Point","coordinates":[24.7683,35.0714]},"properties":{"id":"tympaki-greece","name":"Tympaki, Greece"}},{"type":"Feature","geometry":{"type":"Point","coordinates":[-9.1502,38.7257]},"properties":{"id":"lisbon-portugal","name":"Lisbon, Portugal"}},{"type":"Feature","geometry":{"type":"Point","coordinates":[-8.8696,37.9572]},"properties":{"id":"sines-portugal","name":"Sines, Portugal"}},{"type":"Feature","geometry":{"type":"Point","coordinates":[-81.73,12.5511]},"properties":{"id":"schooner-bight-colombia","name":"Schooner Bight, Colombia"}},{"type":"Feature","geometry":{"type":"Point","coordinates":[39.1829,21.4815]},"properties":{"id":"jeddah-saudi-arabia","name":"Jeddah, Saudi Arabia"}},{"type":"Feature","geometry":{"type":"Point","coordinates":[35.6965,27.354]},"properties":{"id":"duba-saudi-arabia","name":"Duba, Saudi Arabia"}},{"type":"Feature","geometry":{"type":"Point","coordinates":[34.9522,29.2839]},"properties":{"id":"haql-saudi-arabia","name":"Haql, Saudi Arabia"}},{"type":"Feature","geometry":{"type":"Point","coordinates":[-5.1156,54.8437]},"properties":{"id":"portpatrick-united-kingdom","name":"Portpatrick, United Kingdom"}},{"type":"Feature","geometry":{"type":"Point","coordinates":[-5.5388,54.6428]},"properties":{"id":"donaghadee-united-kingdom","name":"Donaghadee, United Kingdom"}},{"type":"Feature","geometry":{"type":"Point","coordinates":[-4.8542,55.2402]},"properties":{"id":"girvan-united-kingdom","name":"Girvan, United Kingdom"}},{"type":"Feature","geometry":{"type":"Point","coordinates":[-5.8099,54.8575]},"properties":{"id":"larne-united-kingdom","name":"Larne, United Kingdom"}},{"type":"Feature","geometry":{"type":"Point","coordinates":[153.0228,-27.4689]},"properties":{"id":"brisbane-qld-australia","name":"Brisbane, QLD, Australia"}},{"type":"Feature","geometry":{"type":"Point","coordinates":[151.207,-33.8697]},"properties":{"id":"sydney-nsw-australia","name":"Sydney, NSW, Australia"}},{"type":"Feature","geometry":{"type":"Point","coordinates":[144.9671,-37.8175]},"properties":{"id":"melbourne-vic-australia","name":"Melbourne, VIC, Australia"}},{"type":"Feature","geometry":{"type":"Point","coordinates":[168.3475,-46.4131]},"properties":{"id":"invercargill-new-zealand","name":"Invercargill, New Zealand"}},{"type":"Feature","geometry":{"type":"Point","coordinates":[170.5028,-45.8788]},"properties":{"id":"dunedin-new-zealand","name":"Dunedin, New Zealand"}},{"type":"Feature","geometry":{"type":"Point","coordinates":[172.6362,-43.5321]},"properties":{"id":"christchurch-new-zealand","name":"Christchurch, New Zealand"}},{"type":"Feature","geometry":{"type":"Point","coordinates":[-158.0569,21.3354]},"properties":{"id":"kapolei-hi-united-states","name":"Kapolei, HI, United States"}},{"type":"Feature","geometry":{"type":"Point","coordinates":[-155.8312,20.0403]},"properties":{"id":"kawaihae-hi-united-states","name":"Kawaihae, HI, United States"}},{"type":"Feature","geometry":{"type":"Point","coordinates":[-118.2453,34.0535]},"properties":{"id":"los-angeles-ca-united-states","name":"Los Angeles, CA, United States"}},{"type":"Feature","geometry":{"type":"Point","coordinates":[8.9389,44.4103]},"properties":{"id":"genoa-italy","name":"Genoa, Italy"}},{"type":"Feature","geometry":{"type":"Point","coordinates":[34.7697,32.045]},"properties":{"id":"tel-aviv-israel","name":"Tel Aviv, Israel"}},{"type":"Feature","geometry":{"type":"Point","coordinates":[24.0122,35.512]},"properties":{"id":"chania-greece","name":"Chania, Greece"}},{"type":"Feature","geometry":{"type":"Point","coordinates":[13.3584,38.1215]},"properties":{"id":"palermo-italy","name":"Palermo, Italy"}},{"type":"Feature","geometry":{"type":"Point","coordinates":[12.4958,41.9031]},"properties":{"id":"rome-italy","name":"Rome, Italy"}},{"type":"Feature","geometry":{"type":"Point","coordinates":[35.0051,29.581]},"properties":{"id":"aqaba-jordan","name":"Aqaba, Jordan"}},{"type":"Feature","geometry":{"type":"Point","coordinates":[9.4509,42.6973]},"properties":{"id":"bastia-france","name":"Bastia, France"}},{"type":"Feature","geometry":{"type":"Point","coordinates":[32.4667,34.7666]},"properties":{"id":"yeroskipos-cyprus","name":"Yeroskipos, Cyprus"}},{"type":"Feature","geometry":{"type":"Point","coordinates":[9.6132,41.0048]},"properties":{"id":"golfo-aranci-italy","name":"Golfo Aranci, Italy"}},{"type":"Feature","geometry":{"type":"Point","coordinates":[58.0044,23.6796]},"properties":{"id":"barka-oman","name":"Barka, Oman"}},{"type":"Feature","geometry":{"type":"Point","coordinates":[54.148,17.0959]},"properties":{"id":"salalah-oman","name":"Salalah, Oman"}},{"type":"Feature","geometry":{"type":"Point","coordinates":[43.1617,11.5737]},"properties":{"id":"haramous-djibouti","name":"Haramous, Djibouti"}},{"type":"Feature","geometry":{"type":"Point","coordinates":[28.6698,59.4459]},"properties":{"id":"kingisepp-russia","name":"Kingisepp, Russia"}},{"type":"Feature","geometry":{"type":"Point","coordinates":[20.508,54.7089]},"properties":{"id":"kaliningrad-russia","name":"Kaliningrad, Russia"}},{"type":"Feature","geometry":{"type":"Point","coordinates":[-60.3261,53.3017]},"properties":{"id":"goose-bay-nl-canada","name":"Goose Bay, NL, Canada"}},{"type":"Feature","geometry":{"type":"Point","coordinates":[5.7308,58.9708]},"properties":{"id":"stavanger-norway","name":"Stavanger, Norway"}},{"type":"Feature","geometry":{"type":"Point","coordinates":[-52.3135,4.9224]},"properties":{"id":"cayenne-french-guiana","name":"Cayenne, French Guiana"}},{"type":"Feature","geometry":{"type":"Point","coordinates":[-55.1739,5.824]},"properties":{"id":"paramaribo-suriname","name":"Paramaribo, Suriname"}},{"type":"Feature","geometry":{"type":"Point","coordinates":[-58.1548,6.8045]},"properties":{"id":"georgetown-guyana","name":"Georgetown, Guyana"}},{"type":"Feature","geometry":{"type":"Point","coordinates":[-61.6508,10.6861]},"properties":{"id":"chaguaramas-trinidad-and-tobago","name":"Chaguaramas, Trinidad and Tobago"}},{"type":"Feature","geometry":{"type":"Point","coordinates":[-60.7353,11.1825]},"properties":{"id":"rockly-bay-trinidad-and-tobago","name":"Rockly Bay, Trinidad and Tobago"}},{"type":"Feature","geometry":{"type":"Point","coordinates":[139.961,34.9741]},"properties":{"id":"minamiboso-japan","name":"Minamiboso, Japan"}},{"type":"Feature","geometry":{"type":"Point","coordinates":[121.8015,24.8636]},"properties":{"id":"toucheng-taiwan","name":"Toucheng, Taiwan"}},{"type":"Feature","geometry":{"type":"Point","coordinates":[125.6128,7.08]},"properties":{"id":"davao-philippines","name":"Davao, Philippines"}},{"type":"Feature","geometry":{"type":"Point","coordinates":[121.5602,15.7615]},"properties":{"id":"baler-philippines","name":"Baler, Philippines"}},{"type":"Feature","geometry":{"type":"Point","coordinates":[54.419,24.444]},"properties":{"id":"abu-dhabi-united-arab-emirates","name":"Abu Dhabi, United Arab Emirates"}},{"type":"Feature","geometry":{"type":"Point","coordinates":[56.34,25.0515]},"properties":{"id":"kalba-united-arab-emirates","name":"Kalba, United Arab Emirates"}},{"type":"Feature","geometry":{"type":"Point","coordinates":[51.5194,25.2945]},"properties":{"id":"doha-qatar","name":"Doha, Qatar"}},{"type":"Feature","geometry":{"type":"Point","coordinates":[50.576,26.2294]},"properties":{"id":"manama-bahrain","name":"Manama, Bahrain"}},{"type":"Feature","geometry":{"type":"Point","coordinates":[48.5318,29.9237]},"properties":{"id":"al-faw-iraq","name":"Al Faw, Iraq"}},{"type":"Feature","geometry":{"type":"Point","coordinates":[47.9747,29.3742]},"properties":{"id":"kuwait-city-kuwait","name":"Kuwait City, Kuwait"}},{"type":"Feature","geometry":{"type":"Point","coordinates":[50.2143,26.2866]},"properties":{"id":"al-khobar-saudi-arabia","name":"Al Khobar, Saudi Arabia"}},{"type":"Feature","geometry":{"type":"Point","coordinates":[24.7684,35.0716]},"properties":{"id":"timpaki-greece","name":"Timpaki, Greece"}},{"type":"Feature","geometry":{"type":"Point","coordinates":[-21.3781,63.8563]},"properties":{"id":"thorlakshofn-iceland","name":"Thorlakshofn, Iceland"}},{"type":"Feature","geometry":{"type":"Point","coordinates":[131.9108,43.1546]},"properties":{"id":"vladivostok-russia","name":"Vladivostok, Russia"}},{"type":"Feature","geometry":{"type":"Point","coordinates":[33.0868,68.9728]},"properties":{"id":"murmansk-russia","name":"Murmansk, Russia"}},{"type":"Feature","geometry":{"type":"Point","coordinates":[61.6637,69.7512]},"properties":{"id":"okrug-russia","name":"Okrug, Russia"}},{"type":"Feature","geometry":{"type":"Point","coordinates":[128.8645,71.6375]},"properties":{"id":"sakha-republic-russia","name":"Sakha Republic, Russia"}},{"type":"Feature","geometry":{"type":"Point","coordinates":[170.307,69.7029]},"properties":{"id":"pevek-russia","name":"Pevek, Russia"}},{"type":"Feature","geometry":{"type":"Point","coordinates":[177.5021,64.7272]},"properties":{"id":"anadyr-russia","name":"Anadyr, Russia"}},{"type":"Feature","geometry":{"type":"Point","coordinates":[158.65,53.0167]},"properties":{"id":"petropavlovsk-kamchatsky-russia","name":"Petropavlovsk-Kamchatsky, Russia"}},{"type":"Feature","geometry":{"type":"Point","coordinates":[142.7262,46.949]},"properties":{"id":"yuzhno-sakhalinsk-russia","name":"Yuzhno-Sakhalinsk, Russia"}},{"type":"Feature","geometry":{"type":"Point","coordinates":[132.874,42.8126]},"properties":{"id":"nakhodka-russia","name":"Nakhodka, Russia"}},{"type":"Feature","geometry":{"type":"Point","coordinates":[80.531,73.5077]},"properties":{"id":"dikson-russia","name":"Dikson, Russia"}},{"type":"Feature","geometry":{"type":"Point","coordinates":[173.683,-42.4027]},"properties":{"id":"kaikoura-new-zealand","name":"Kaikoura, New Zealand"}},{"type":"Feature","geometry":{"type":"Point","coordinates":[174.7704,-36.8842]},"properties":{"id":"auckland-new-zealand","name":"Auckland, New Zealand"}},{"type":"Feature","geometry":{"type":"Point","coordinates":[174.7671,-41.2805]},"properties":{"id":"wellington-new-zealand","name":"Wellington, New Zealand"}},{"type":"Feature","geometry":{"type":"Point","coordinates":[174.8718,-37.8014]},"properties":{"id":"raglan-new-zealand","name":"Raglan, New Zealand"}},{"type":"Feature","geometry":{"type":"Point","coordinates":[174.0833,-39.0667]},"properties":{"id":"new-plymouth-new-zealand","name":"New Plymouth, New Zealand"}},{"type":"Feature","geometry":{"type":"Point","coordinates":[174.9975,-40.9191]},"properties":{"id":"paraparaumu-new-zealand","name":"Paraparaumu, New Zealand"}},{"type":"Feature","geometry":{"type":"Point","coordinates":[175.05,-39.9333]},"properties":{"id":"whanganui-new-zealand","name":"Whanganui, New Zealand"}},{"type":"Feature","geometry":{"type":"Point","coordinates":[175.052,-40.8628]},"properties":{"id":"waikanae-new-zealand","name":"Waikanae, New Zealand"}},{"type":"Feature","geometry":{"type":"Point","coordinates":[174.6134,-41.3016]},"properties":{"id":"oteranga-bay-new-zealand","name":"Oteranga Bay, New Zealand"}},{"type":"Feature","geometry":{"type":"Point","coordinates":[174.236,-41.339]},"properties":{"id":"fighting-bay-new-zealand","name":"Fighting Bay, New Zealand"}},{"type":"Feature","geometry":{"type":"Point","coordinates":[174.838,-41.1058]},"properties":{"id":"titahi-bay-new-zealand","name":"Titahi Bay, New Zealand"}},{"type":"Feature","geometry":{"type":"Point","coordinates":[173.5061,-42.5161]},"properties":{"id":"oara-new-zealand","name":"Oara, New Zealand"}},{"type":"Feature","geometry":{"type":"Point","coordinates":[-15.5966,27.9577]},"properties":{"id":"gran-canaria-canary-islands-spain","name":"Gran Canaria, Canary Islands, Spain"}},{"type":"Feature","geometry":{"type":"Point","coordinates":[55.453,-4.5657]},"properties":{"id":"carana-seychelles","name":"Carana, Seychelles"}},{"type":"Feature","geometry":{"type":"Point","coordinates":[14.3501,35.9524]},"properties":{"id":"mellieha-malta","name":"Mellieha, Malta"}},{"type":"Feature","geometry":{"type":"Point","coordinates":[80.243,13.0639]},"properties":{"id":"chennai-india","name":"Chennai, India"}},{"type":"Feature","geometry":{"type":"Point","coordinates":[100.0661,6.6135]},"properties":{"id":"satun-thailand","name":"Satun, Thailand"}},{"type":"Feature","geometry":{"type":"Point","coordinates":[29.6724,31.0476]},"properties":{"id":"sidi-kerir-egypt","name":"Sidi Kerir, Egypt"}},{"type":"Feature","geometry":{"type":"Point","coordinates":[32.6499,29.1167]},"properties":{"id":"zafarana-egypt","name":"Zafarana, Egypt"}},{"type":"Feature","geometry":{"type":"Point","coordinates":[8.4838,44.3058]},"properties":{"id":"savona-italy","name":"Savona, Italy"}},{"type":"Feature","geometry":{"type":"Point","coordinates":[-46.4125,-24.0089]},"properties":{"id":"praia-grande-brazil","name":"Praia Grande, Brazil"}},{"type":"Feature","geometry":{"type":"Point","coordinates":[-54.95,-34.9667]},"properties":{"id":"punta-del-este-uruguay","name":"Punta del Este, Uruguay"}},{"type":"Feature","geometry":{"type":"Point","coordinates":[-56.6955,-36.4725]},"properties":{"id":"las-toninas-argentina","name":"Las Toninas, Argentina"}},{"type":"Feature","geometry":{"type":"Point","coordinates":[-78.8827,33.6936]},"properties":{"id":"myrtle-beach-sc-united-states","name":"Myrtle Beach, SC, United States"}},{"type":"Feature","geometry":{"type":"Point","coordinates":[121.4726,31.2476]},"properties":{"id":"shanghai-china","name":"Shanghai, China"}},{"type":"Feature","geometry":{"type":"Point","coordinates":[115.3314,-8.5367]},"properties":{"id":"gianyar-indonesia","name":"Gianyar, Indonesia"}},{"type":"Feature","geometry":{"type":"Point","coordinates":[115.2215,-8.6567]},"properties":{"id":"denpasar-indonesia","name":"Denpasar, Indonesia"}},{"type":"Feature","geometry":{"type":"Point","coordinates":[116.6549,-8.5371]},"properties":{"id":"pringgabaya-indonesia","name":"Pringgabaya, Indonesia"}},{"type":"Feature","geometry":{"type":"Point","coordinates":[-70.3067,-18.4734]},"properties":{"id":"arica-chile","name":"Arica, Chile"}},{"type":"Feature","geometry":{"type":"Point","coordinates":[-70.1422,-20.2167]},"properties":{"id":"iquique-chile","name":"Iquique, Chile"}},{"type":"Feature","geometry":{"type":"Point","coordinates":[-70.4,-23.65]},"properties":{"id":"antofagasta-chile","name":"Antofagasta, Chile"}},{"type":"Feature","geometry":{"type":"Point","coordinates":[-71.2502,-29.9063]},"properties":{"id":"la-serena-chile","name":"La Serena, Chile"}},{"type":"Feature","geometry":{"type":"Point","coordinates":[-71.6203,-33.0455]},"properties":{"id":"valparaso-chile","name":"Valpara\u00edso, Chile"}},{"type":"Feature","geometry":{"type":"Point","coordinates":[-72.9534,-41.4604]},"properties":{"id":"puerto-montt-chile","name":"Puerto Montt, Chile"}},{"type":"Feature","geometry":{"type":"Point","coordinates":[-73.117,-36.7248]},"properties":{"id":"talcahuano-chile","name":"Talcahuano, Chile"}},{"type":"Feature","geometry":{"type":"Point","coordinates":[-71.6131,-33.5836]},"properties":{"id":"san-antonio-chile","name":"San Antonio, Chile"}},{"type":"Feature","geometry":{"type":"Point","coordinates":[-70.1977,-22.0884]},"properties":{"id":"tocopilla-chile","name":"Tocopilla, Chile"}},{"type":"Feature","geometry":{"type":"Point","coordinates":[-73.3968,-38.7871]},"properties":{"id":"puerto-saavedra-chile","name":"Puerto Saavedra, Chile"}},{"type":"Feature","geometry":{"type":"Point","coordinates":[-70.8124,-27.062]},"properties":{"id":"caldera-chile","name":"Caldera, Chile"}},{"type":"Feature","geometry":{"type":"Point","coordinates":[-72.4161,-35.3184]},"properties":{"id":"constitucin-chile","name":"Constituci\u00f3n, Chile"}},{"type":"Feature","geometry":{"type":"Point","coordinates":[35.563,33.8919]},"properties":{"id":"jdaide-lebanon","name":"Jdaide, Lebanon"}},{"type":"Feature","geometry":{"type":"Point","coordinates":[-13.8273,28.8634]},"properties":{"id":"playa-blanca-canary-islands-spain","name":"Playa Blanca, Canary Islands, Spain"}},{"type":"Feature","geometry":{"type":"Point","coordinates":[-76.5744,24.425]},"properties":{"id":"rock-sound-bahamas","name":"Rock Sound, Bahamas"}},{"type":"Feature","geometry":{"type":"Point","coordinates":[96.8323,-12.1931]},"properties":{"id":"west-island-cocos-keeling-islands","name":"West Island, Cocos (Keeling) Islands"}},{"type":"Feature","geometry":{"type":"Point","coordinates":[20.7517,38.9593]},"properties":{"id":"preveza-greece","name":"Preveza, Greece"}},{"type":"Feature","geometry":{"type":"Point","coordinates":[17.1272,39.0807]},"properties":{"id":"crotone-italy","name":"Crotone, Italy"}},{"type":"Feature","geometry":{"type":"Point","coordinates":[-15.9344,23.7211]},"properties":{"id":"dakhla-morocco","name":"Dakhla, Morocco"}},{"type":"Feature","geometry":{"type":"Point","coordinates":[120.2529,-9.6461]},"properties":{"id":"waingapu-indonesia","name":"Waingapu, Indonesia"}},{"type":"Feature","geometry":{"type":"Point","coordinates":[118.0822,-8.8412]},"properties":{"id":"sumbawa-besar-indonesia","name":"Sumbawa Besar, Indonesia"}},{"type":"Feature","geometry":{"type":"Point","coordinates":[116.0725,-8.5614]},"properties":{"id":"lombok-indonesia","name":"Lombok, Indonesia"}},{"type":"Feature","geometry":{"type":"Point","coordinates":[115.2606,-8.6571]},"properties":{"id":"padang-galak-indonesia","name":"Padang Galak, Indonesia"}},{"type":"Feature","geometry":{"type":"Point","coordinates":[144.6575,13.3853]},"properties":{"id":"agat-guam","name":"Agat, Guam"}},{"type":"Feature","geometry":{"type":"Point","coordinates":[107.1209,-5.9813]},"properties":{"id":"tanjung-pakis-indonesia","name":"Tanjung Pakis, Indonesia"}},{"type":"Feature","geometry":{"type":"Point","coordinates":[-124.1596,40.8033]},"properties":{"id":"eureka-ca-united-states","name":"Eureka, CA, United States"}},{"type":"Feature","geometry":{"type":"Point","coordinates":[-77.9214,18.4694]},"properties":{"id":"montego-bay-jamaica","name":"Montego Bay, Jamaica"}},{"type":"Feature","geometry":{"type":"Point","coordinates":[-77.1032,18.3986]},"properties":{"id":"ocho-rios-jamaica","name":"Ocho Rios, Jamaica"}},{"type":"Feature","geometry":{"type":"Point","coordinates":[-90.9621,-0.961]},"properties":{"id":"puerto-general-villamil-ecuador","name":"Puerto General Villamil, Ecuador"}},{"type":"Feature","geometry":{"type":"Point","coordinates":[-90.3113,-0.7424]},"properties":{"id":"puerto-ayora-ecuador","name":"Puerto Ayora, Ecuador"}},{"type":"Feature","geometry":{"type":"Point","coordinates":[102.667,0.9326]},"properties":{"id":"tebingtinggi-island-indonesia","name":"Tebingtinggi Island, Indonesia"}},{"type":"Feature","geometry":{"type":"Point","coordinates":[-74.0629,40.1529]},"properties":{"id":"wall-township-nj-united-states","name":"Wall Township, NJ, United States"}},{"type":"Feature","geometry":{"type":"Point","coordinates":[-76.0592,36.755]},"properties":{"id":"virginia-beach-va-united-states","name":"Virginia Beach, VA, United States"}},{"type":"Feature","geometry":{"type":"Point","coordinates":[-81.6557,30.332]},"properties":{"id":"jacksonville-fl-united-states","name":"Jacksonville, FL, United States"}},{"type":"Feature","geometry":{"type":"Point","coordinates":[-80.1216,25.9385]},"properties":{"id":"sunny-isles-fl-united-states","name":"Sunny Isles, FL, United States"}},{"type":"Feature","geometry":{"type":"Point","coordinates":[27.9853,41.8842]},"properties":{"id":"igneada-turkey","name":"Igneada, Turkey"}},{"type":"Feature","geometry":{"type":"Point","coordinates":[28.5828,43.8172]},"properties":{"id":"mangalia-romania","name":"Mangalia, Romania"}},{"type":"Feature","geometry":{"type":"Point","coordinates":[27.9128,43.2084]},"properties":{"id":"varna-bulgaria","name":"Varna, Bulgaria"}},{"type":"Feature","geometry":{"type":"Point","coordinates":[28.9861,41.0406]},"properties":{"id":"istanbul-turkey","name":"Istanbul, Turkey"}},{"type":"Feature","geometry":{"type":"Point","coordinates":[108.1429,3.9457]},"properties":{"id":"natuna-indonesia","name":"Natuna, Indonesia"}},{"type":"Feature","geometry":{"type":"Point","coordinates":[104.6354,-0.1628]},"properties":{"id":"lingga-indonesia","name":"Lingga, Indonesia"}},{"type":"Feature","geometry":{"type":"Point","coordinates":[108.9872,0.906]},"properties":{"id":"singkawang-indonesia","name":"Singkawang, Indonesia"}},{"type":"Feature","geometry":{"type":"Point","coordinates":[106.2111,3.2071]},"properties":{"id":"terempa-indonesia","name":"Terempa, Indonesia"}},{"type":"Feature","geometry":{"type":"Point","coordinates":[101.4476,1.6656]},"properties":{"id":"dumai-indonesia","name":"Dumai, Indonesia"}},{"type":"Feature","geometry":{"type":"Point","coordinates":[102.0801,1.4892]},"properties":{"id":"bengkalis-indonesia","name":"Bengkalis, Indonesia"}},{"type":"Feature","geometry":{"type":"Point","coordinates":[103.4632,-0.8234]},"properties":{"id":"kuala-tungkal-indonesia","name":"Kuala Tungkal, Indonesia"}},{"type":"Feature","geometry":{"type":"Point","coordinates":[103.4049,0.7698]},"properties":{"id":"karimun-indonesia","name":"Karimun, Indonesia"}},{"type":"Feature","geometry":{"type":"Point","coordinates":[108.3775,3.9409]},"properties":{"id":"ranai-indonesia","name":"Ranai, Indonesia"}},{"type":"Feature","geometry":{"type":"Point","coordinates":[104.4258,1.1367]},"properties":{"id":"bintan-indonesia","name":"Bintan, Indonesia"}},{"type":"Feature","geometry":{"type":"Point","coordinates":[139.9547,34.9767]},"properties":{"id":"chikura-japan","name":"Chikura, Japan"}},{"type":"Feature","geometry":{"type":"Point","coordinates":[128.9993,35.1701]},"properties":{"id":"busan-south-korea","name":"Busan, South Korea"}},{"type":"Feature","geometry":{"type":"Point","coordinates":[116.6755,23.3546]},"properties":{"id":"shantou-china","name":"Shantou, China"}},{"type":"Feature","geometry":{"type":"Point","coordinates":[103.3226,3.8152]},"properties":{"id":"kuantan-malaysia","name":"Kuantan, Malaysia"}},{"type":"Feature","geometry":{"type":"Point","coordinates":[140.751,36.8018]},"properties":{"id":"kitaibaraki-japan","name":"Kitaibaraki, Japan"}},{"type":"Feature","geometry":{"type":"Point","coordinates":[113.9483,22.2715]},"properties":{"id":"lantau-island-china","name":"Lantau Island, China"}},{"type":"Feature","geometry":{"type":"Point","coordinates":[121.3952,31.6199]},"properties":{"id":"chongming-china","name":"Chongming, China"}},{"type":"Feature","geometry":{"type":"Point","coordinates":[103.9047,1.3093]},"properties":{"id":"katong-singapore","name":"Katong, Singapore"}},{"type":"Feature","geometry":{"type":"Point","coordinates":[121.0649,13.7656]},"properties":{"id":"batangas-philippines","name":"Batangas, Philippines"}},{"type":"Feature","geometry":{"type":"Point","coordinates":[121.4626,25.1814]},"properties":{"id":"tanshui-taiwan","name":"Tanshui, Taiwan"}},{"type":"Feature","geometry":{"type":"Point","coordinates":[-7.6319,33.6054]},"properties":{"id":"casablanca-morocco","name":"Casablanca, Morocco"}},{"type":"Feature","geometry":{"type":"Point","coordinates":[-89.6143,-0.9092]},"properties":{"id":"puerto-baquerizo-moreno-ecuador","name":"Puerto Baquerizo Moreno, Ecuador"}},{"type":"Feature","geometry":{"type":"Point","coordinates":[39.6728,-4.053]},"properties":{"id":"mombasa-kenya","name":"Mombasa, Kenya"}},{"type":"Feature","geometry":{"type":"Point","coordinates":[45.0109,10.4351]},"properties":{"id":"berbera-somalia","name":"Berbera, Somalia"}},{"type":"Feature","geometry":{"type":"Point","coordinates":[43.2473,13.3203]},"properties":{"id":"mocha-yemen","name":"Mocha, Yemen"}},{"type":"Feature","geometry":{"type":"Point","coordinates":[-68.5197,63.7486]},"properties":{"id":"iqaluit-nu-canada","name":"Iqaluit, NU, Canada"}},{"type":"Feature","geometry":{"type":"Point","coordinates":[3.207,51.3307]},"properties":{"id":"zeebrugge-belgium","name":"Zeebrugge, Belgium"}},{"type":"Feature","geometry":{"type":"Point","coordinates":[4.5272,52.3704]},"properties":{"id":"zandvoort-netherlands","name":"Zandvoort, Netherlands"}},{"type":"Feature","geometry":{"type":"Point","coordinates":[1.6203,52.2071]},"properties":{"id":"sizewell-united-kingdom","name":"Sizewell, United Kingdom"}},{"type":"Feature","geometry":{"type":"Point","coordinates":[1.6131,52.1808]},"properties":{"id":"thorpeness-united-kingdom","name":"Thorpeness, United Kingdom"}},{"type":"Feature","geometry":{"type":"Point","coordinates":[4.7008,52.8369]},"properties":{"id":"callantsoog-netherlands","name":"Callantsoog, Netherlands"}},{"type":"Feature","geometry":{"type":"Point","coordinates":[1.6935,52.7152]},"properties":{"id":"winterton-on-sea-united-kingdom","name":"Winterton-on-Sea, United Kingdom"}},{"type":"Feature","geometry":{"type":"Point","coordinates":[-151.3429,-22.4513]},"properties":{"id":"rurutu-french-polynesia","name":"Rurutu, French Polynesia"}},{"type":"Feature","geometry":{"type":"Point","coordinates":[-149.4859,-23.347]},"properties":{"id":"tubuai-french-polynesia","name":"Tubuai, French Polynesia"}},{"type":"Feature","geometry":{"type":"Point","coordinates":[-61.9557,47.3826]},"properties":{"id":"les-les-de-la-madeleine-qc-canada","name":"Les \u00celes-de-la-Madeleine, QC, Canada"}},{"type":"Feature","geometry":{"type":"Point","coordinates":[-64.309,48.4718]},"properties":{"id":"lanse--beaufils-qc-canada","name":"L'Anse-\u00e0-Beaufils, QC, Canada"}},{"type":"Feature","geometry":{"type":"Point","coordinates":[96.162,16.3404]},"properties":{"id":"letkokkon-myanmar","name":"Letkokkon, Myanmar"}},{"type":"Feature","geometry":{"type":"Point","coordinates":[12.3521,-6.141]},"properties":{"id":"soyo-angola","name":"Soyo, Angola"}},{"type":"Feature","geometry":{"type":"Point","coordinates":[12.1898,-5.5566]},"properties":{"id":"cabinda-angola","name":"Cabinda, Angola"}},{"type":"Feature","geometry":{"type":"Point","coordinates":[-163.415,54.8509]},"properties":{"id":"false-pass-ak-united-states","name":"False Pass, AK, United States"}},{"type":"Feature","geometry":{"type":"Point","coordinates":[-165.7731,54.1356]},"properties":{"id":"akutan-ak-united-states","name":"Akutan, AK, United States"}},{"type":"Feature","geometry":{"type":"Point","coordinates":[-152.3951,57.7944]},"properties":{"id":"kodiak-ak-united-states","name":"Kodiak, AK, United States"}},{"type":"Feature","geometry":{"type":"Point","coordinates":[-162.3044,55.0492]},"properties":{"id":"king-cove-ak-united-states","name":"King Cove, AK, United States"}},{"type":"Feature","geometry":{"type":"Point","coordinates":[-162.704,55.2041]},"properties":{"id":"cold-bay-ak-united-states","name":"Cold Bay, AK, United States"}},{"type":"Feature","geometry":{"type":"Point","coordinates":[-160.4963,55.3415]},"properties":{"id":"sand-point-ak-united-states","name":"Sand Point, AK, United States"}},{"type":"Feature","geometry":{"type":"Point","coordinates":[-159.1448,55.9175]},"properties":{"id":"perryville-ak-united-states","name":"Perryville, AK, United States"}},{"type":"Feature","geometry":{"type":"Point","coordinates":[-158.4088,56.2945]},"properties":{"id":"chignik-bay-ak-united-states","name":"Chignik Bay, AK, United States"}},{"type":"Feature","geometry":{"type":"Point","coordinates":[-158.5072,56.3213]},"properties":{"id":"chignik-lagoon-ak-united-states","name":"Chignik Lagoon, AK, United States"}},{"type":"Feature","geometry":{"type":"Point","coordinates":[-158.7721,56.255]},"properties":{"id":"chignik-lake-ak-united-states","name":"Chignik Lake, AK, United States"}},{"type":"Feature","geometry":{"type":"Point","coordinates":[-153.986,57.5373]},"properties":{"id":"larsen-bay-ak-united-states","name":"Larsen Bay, AK, United States"}},{"type":"Feature","geometry":{"type":"Point","coordinates":[-166.5332,53.8845]},"properties":{"id":"unalaska-ak-united-states","name":"Unalaska, AK, United States"}},{"type":"Feature","geometry":{"type":"Point","coordinates":[-132.8295,56.0152]},"properties":{"id":"coffman-cove-ak-united-states","name":"Coffman Cove, AK, United States"}},{"type":"Feature","geometry":{"type":"Point","coordinates":[-75.5587,9.4967]},"properties":{"id":"tolu-colombia","name":"Tolu, Colombia"}},{"type":"Feature","geometry":{"type":"Point","coordinates":[-75.5057,10.387]},"properties":{"id":"cartagena-colombia","name":"Cartagena, Colombia"}},{"type":"Feature","geometry":{"type":"Point","coordinates":[-74.2053,11.242]},"properties":{"id":"santa-marta-colombia","name":"Santa Marta, Colombia"}},{"type":"Feature","geometry":{"type":"Point","coordinates":[-74.9528,11.0052]},"properties":{"id":"puerto-colombia-colombia","name":"Puerto Colombia, Colombia"}},{"type":"Feature","geometry":{"type":"Point","coordinates":[-74.6119,11.0122]},"properties":{"id":"parque-isla-de-salamanca-colombia","name":"Parque Isla de Salamanca, Colombia"}},{"type":"Feature","geometry":{"type":"Point","coordinates":[-9.0483,53.2739]},"properties":{"id":"galway-ireland","name":"Galway, Ireland"}},{"type":"Feature","geometry":{"type":"Point","coordinates":[120.858,18.6242]},"properties":{"id":"pagudpud-philippines","name":"Pagudpud, Philippines"}},{"type":"Feature","geometry":{"type":"Point","coordinates":[-1.2119,44.8938]},"properties":{"id":"le-porge-france","name":"Le Porge, France"}},{"type":"Feature","geometry":{"type":"Point","coordinates":[-88.5561,30.3658]},"properties":{"id":"pascagoula-ms-united-states","name":"Pascagoula, MS, United States"}},{"type":"Feature","geometry":{"type":"Point","coordinates":[-95.3444,28.9496]},"properties":{"id":"freeport-tx-united-states","name":"Freeport, TX, United States"}},{"type":"Feature","geometry":{"type":"Point","coordinates":[8.1931,55.7646]},"properties":{"id":"houstrup-denmark","name":"Houstrup, Denmark"}},{"type":"Feature","geometry":{"type":"Point","coordinates":[139.9755,35.0054]},"properties":{"id":"maruyama-japan","name":"Maruyama, Japan"}},{"type":"Feature","geometry":{"type":"Point","coordinates":[100.9305,13.1744]},"properties":{"id":"sriracha-thailand","name":"Sriracha, Thailand"}},{"type":"Feature","geometry":{"type":"Point","coordinates":[109.2197,13.783]},"properties":{"id":"quy-nhon-vietnam","name":"Quy Nhon, Vietnam"}},{"type":"Feature","geometry":{"type":"Point","coordinates":[-78.8935,53.7736]},"properties":{"id":"chisasibi-qc-canada","name":"Chisasibi, QC, Canada"}},{"type":"Feature","geometry":{"type":"Point","coordinates":[-78.1442,60.8177]},"properties":{"id":"akulivik-qc-canada","name":"Akulivik, QC, Canada"}},{"type":"Feature","geometry":{"type":"Point","coordinates":[-77.9167,62.4167]},"properties":{"id":"ivujivik-qc-canada","name":"Ivujivik, QC, Canada"}},{"type":"Feature","geometry":{"type":"Point","coordinates":[-71.9539,61.5963]},"properties":{"id":"kangiqsujuaq-qc-canada","name":"Kangiqsujuaq, QC, Canada"}},{"type":"Feature","geometry":{"type":"Point","coordinates":[-75.6469,62.2013]},"properties":{"id":"salluit-qc-canada","name":"Salluit, QC, Canada"}},{"type":"Feature","geometry":{"type":"Point","coordinates":[-77.2692,60.0371]},"properties":{"id":"puvirnituq-qc-canada","name":"Puvirnituq, QC, Canada"}},{"type":"Feature","geometry":{"type":"Point","coordinates":[-76.5471,56.5516]},"properties":{"id":"umiujaq-qc-canada","name":"Umiujaq, QC, Canada"}},{"type":"Feature","geometry":{"type":"Point","coordinates":[-77.7638,55.2746]},"properties":{"id":"kuujjuarapik-qc-canada","name":"Kuujjuarapik, QC, Canada"}},{"type":"Feature","geometry":{"type":"Point","coordinates":[-78.1051,58.4551]},"properties":{"id":"inukjuak-qc-canada","name":"Inukjuak, QC, Canada"}},{"type":"Feature","geometry":{"type":"Point","coordinates":[32.53,29.9726]},"properties":{"id":"suez-egypt","name":"Suez, Egypt"}},{"type":"Feature","geometry":{"type":"Point","coordinates":[-4.5444,50.8282]},"properties":{"id":"bude-united-kingdom","name":"Bude, United Kingdom"}},{"type":"Feature","geometry":{"type":"Point","coordinates":[37.2197,19.6156]},"properties":{"id":"port-sudan-sudan","name":"Port Sudan, Sudan"}},{"type":"Feature","geometry":{"type":"Point","coordinates":[45.3442,2.0412]},"properties":{"id":"mogadishu-somalia","name":"Mogadishu, Somalia"}},{"type":"Feature","geometry":{"type":"Point","coordinates":[39.2697,-6.823]},"properties":{"id":"dar-es-salaam-tanzania","name":"Dar Es Salaam, Tanzania"}},{"type":"Feature","geometry":{"type":"Point","coordinates":[32.5806,-25.9682]},"properties":{"id":"maputo-mozambique","name":"Maputo, Mozambique"}},{"type":"Feature","geometry":{"type":"Point","coordinates":[40.6854,-14.5656]},"properties":{"id":"nacala-mozambique","name":"Nacala, Mozambique"}},{"type":"Feature","geometry":{"type":"Point","coordinates":[46.3155,-15.7137]},"properties":{"id":"mahajanga-madagascar","name":"Mahajanga, Madagascar"}},{"type":"Feature","geometry":{"type":"Point","coordinates":[31.7579,-28.9504]},"properties":{"id":"mtunzini-south-africa","name":"Mtunzini, South Africa"}},{"type":"Feature","geometry":{"type":"Point","coordinates":[18.422,-33.9191]},"properties":{"id":"cape-town-south-africa","name":"Cape Town, South Africa"}},{"type":"Feature","geometry":{"type":"Point","coordinates":[25.6233,-33.9625]},"properties":{"id":"port-elizabeth-south-africa","name":"Port Elizabeth, South Africa"}},{"type":"Feature","geometry":{"type":"Point","coordinates":[12.3499,-5.9334]},"properties":{"id":"muanda-congo-dem-rep-","name":"Muanda, Congo, Dem. Rep."}},{"type":"Feature","geometry":{"type":"Point","coordinates":[11.8636,-4.7788]},"properties":{"id":"pointe-noire-congo-rep-","name":"Pointe-Noire, Congo, Rep."}},{"type":"Feature","geometry":{"type":"Point","coordinates":[9.4543,0.3945]},"properties":{"id":"libreville-gabon","name":"Libreville, Gabon"}},{"type":"Feature","geometry":{"type":"Point","coordinates":[3.4235,6.4391]},"properties":{"id":"lagos-nigeria","name":"Lagos, Nigeria"}},{"type":"Feature","geometry":{"type":"Point","coordinates":[-0.2009,5.5585]},"properties":{"id":"accra-ghana","name":"Accra, Ghana"}},{"type":"Feature","geometry":{"type":"Point","coordinates":[-4.0263,5.3235]},"properties":{"id":"abidjan-cte-divoire","name":"Abidjan, C\u00f4te d'Ivoire"}},{"type":"Feature","geometry":{"type":"Point","coordinates":[-17.4519,14.6867]},"properties":{"id":"dakar-senegal","name":"Dakar, Senegal"}},{"type":"Feature","geometry":{"type":"Point","coordinates":[-9.3379,38.6888]},"properties":{"id":"carcavelos-portugal","name":"Carcavelos, Portugal"}},{"type":"Feature","geometry":{"type":"Point","coordinates":[55.3922,25.3523]},"properties":{"id":"sharjah-united-arab-emirates","name":"Sharjah, United Arab Emirates"}},{"type":"Feature","geometry":{"type":"Point","coordinates":[54.2211,25.2408]},"properties":{"id":"sir-abu-nuayr-island-united-arab-emirates","name":"Sir Abu Nu'Ayr Island, United Arab Emirates"}},{"type":"Feature","geometry":{"type":"Point","coordinates":[-62.2202,16.7723]},"properties":{"id":"bunkum-bay-montserrat","name":"Bunkum Bay, Montserrat"}},{"type":"Feature","geometry":{"type":"Point","coordinates":[166.4391,-22.303]},"properties":{"id":"noumea-new-caledonia","name":"Noumea, New Caledonia"}},{"type":"Feature","geometry":{"type":"Point","coordinates":[178.4374,-18.1236]},"properties":{"id":"suva-fiji","name":"Suva, Fiji"}},{"type":"Feature","geometry":{"type":"Point","coordinates":[167.2605,-20.937]},"properties":{"id":"quanono-new-caledonia","name":"Quanono, New Caledonia"}},{"type":"Feature","geometry":{"type":"Point","coordinates":[167.8795,-21.5481]},"properties":{"id":"tadine-new-caledonia","name":"Tadine, New Caledonia"}},{"type":"Feature","geometry":{"type":"Point","coordinates":[167.4942,-22.6719]},"properties":{"id":"vao-new-caledonia","name":"Vao, New Caledonia"}},{"type":"Feature","geometry":{"type":"Point","coordinates":[166.945,-22.159]},"properties":{"id":"yate-new-caledonia","name":"Yate, New Caledonia"}},{"type":"Feature","geometry":{"type":"Point","coordinates":[166.5636,-22.2654]},"properties":{"id":"mont-dore-new-caledonia","name":"Mont-Dore, New Caledonia"}},{"type":"Feature","geometry":{"type":"Point","coordinates":[119.3846,-5.3433]},"properties":{"id":"aeng-batu-batu-indonesia","name":"Aeng Batu Batu, Indonesia"}},{"type":"Feature","geometry":{"type":"Point","coordinates":[-86.8792,20.4286]},"properties":{"id":"isla-de-cozumel-mexico","name":"Isla de Cozumel, Mexico"}},{"type":"Feature","geometry":{"type":"Point","coordinates":[-87.0702,20.6297]},"properties":{"id":"playa-del-carmen-mexico","name":"Playa del Carmen, Mexico"}},{"type":"Feature","geometry":{"type":"Point","coordinates":[8.6162,57.1116]},"properties":{"id":"hanstholm-denmark","name":"Hanstholm, Denmark"}},{"type":"Feature","geometry":{"type":"Point","coordinates":[6.1744,62.4715]},"properties":{"id":"lesund-norway","name":"\u00c5lesund, Norway"}},{"type":"Feature","geometry":{"type":"Point","coordinates":[7.1607,62.7372]},"properties":{"id":"molde-norway","name":"Molde, Norway"}},{"type":"Feature","geometry":{"type":"Point","coordinates":[10.3921,63.431]},"properties":{"id":"trondheim-norway","name":"Trondheim, Norway"}},{"type":"Feature","geometry":{"type":"Point","coordinates":[4.8555,60.622]},"properties":{"id":"sture-norway","name":"Sture, Norway"}},{"type":"Feature","geometry":{"type":"Point","coordinates":[5.2934,61.1722]},"properties":{"id":"hyllestad-norway","name":"Hyllestad, Norway"}},{"type":"Feature","geometry":{"type":"Point","coordinates":[6.4658,62.6144]},"properties":{"id":"herlandsvika-norway","name":"Herlandsvika, Norway"}},{"type":"Feature","geometry":{"type":"Point","coordinates":[7.6816,62.5658]},"properties":{"id":"andalsnes-norway","name":"Andalsnes, Norway"}},{"type":"Feature","geometry":{"type":"Point","coordinates":[9.6631,63.6884]},"properties":{"id":"brekstad-norway","name":"Brekstad, Norway"}},{"type":"Feature","geometry":{"type":"Point","coordinates":[7.7297,63.1108]},"properties":{"id":"kristiansund-norway","name":"Kristiansund, Norway"}},{"type":"Feature","geometry":{"type":"Point","coordinates":[5.3328,60.3907]},"properties":{"id":"bergen-norway","name":"Bergen, Norway"}},{"type":"Feature","geometry":{"type":"Point","coordinates":[7.9061,63.3876]},"properties":{"id":"equinor-tjeldbergodden-norway","name":"Equinor Tjeldbergodden, Norway"}},{"type":"Feature","geometry":{"type":"Point","coordinates":[5.5223,62.036]},"properties":{"id":"heim-norway","name":"\u00c5heim, Norway"}},{"type":"Feature","geometry":{"type":"Point","coordinates":[5.4985,61.9355]},"properties":{"id":"lefdal-norway","name":"Lefdal, Norway"}},{"type":"Feature","geometry":{"type":"Point","coordinates":[4.9759,61.5963]},"properties":{"id":"flor-norway","name":"Flor\u00f8, Norway"}},{"type":"Feature","geometry":{"type":"Point","coordinates":[-5.3252,36.2103]},"properties":{"id":"la-lnea-spain","name":"La L\u00ednea, Spain"}},{"type":"Feature","geometry":{"type":"Point","coordinates":[-5.3137,35.8868]},"properties":{"id":"playa-de-la-ribera-spain","name":"Playa de la Ribera, Spain"}},{"type":"Feature","geometry":{"type":"Point","coordinates":[-5.6045,36.0143]},"properties":{"id":"tarifa-spain","name":"Tarifa, Spain"}},{"type":"Feature","geometry":{"type":"Point","coordinates":[-5.3347,35.8939]},"properties":{"id":"playa-de-benitez-spain","name":"Playa de Benitez, Spain"}},{"type":"Feature","geometry":{"type":"Point","coordinates":[0.7978,49.8773]},"properties":{"id":"veules-les-roses-france","name":"Veules-les-Roses, France"}},{"type":"Feature","geometry":{"type":"Point","coordinates":[-0.1344,50.8285]},"properties":{"id":"brighton-united-kingdom","name":"Brighton, United Kingdom"}},{"type":"Feature","geometry":{"type":"Point","coordinates":[-80.7162,-0.95]},"properties":{"id":"manta-ecuador","name":"Manta, Ecuador"}},{"type":"Feature","geometry":{"type":"Point","coordinates":[-86.7676,21.0957]},"properties":{"id":"cancn-mexico","name":"Canc\u00fan, Mexico"}},{"type":"Feature","geometry":{"type":"Point","coordinates":[-79.7535,9.4376]},"properties":{"id":"maria-chiquita-panama","name":"Maria Chiquita, Panama"}},{"type":"Feature","geometry":{"type":"Point","coordinates":[-101.6105,17.6641]},"properties":{"id":"ixtapa-mexico","name":"Ixtapa, Mexico"}},{"type":"Feature","geometry":{"type":"Point","coordinates":[-172.5109,-8.5591]},"properties":{"id":"atafu-tokelau","name":"Atafu, Tokelau"}},{"type":"Feature","geometry":{"type":"Point","coordinates":[-171.2615,-9.3838]},"properties":{"id":"fakaofa-tokelau","name":"Fakaofa, Tokelau"}},{"type":"Feature","geometry":{"type":"Point","coordinates":[-171.8115,-9.1746]},"properties":{"id":"nukunonu-tokelau","name":"Nukunonu, Tokelau"}},{"type":"Feature","geometry":{"type":"Point","coordinates":[30.9016,-30.0217]},"properties":{"id":"umbogintwini-south-africa","name":"Umbogintwini, South Africa"}},{"type":"Feature","geometry":{"type":"Point","coordinates":[123.8782,9.6754]},"properties":{"id":"tagbilaran-philippines","name":"Tagbilaran, Philippines"}},{"type":"Feature","geometry":{"type":"Point","coordinates":[123.9135,9.6226]},"properties":{"id":"baclayon-philippines","name":"Baclayon, Philippines"}},{"type":"Feature","geometry":{"type":"Point","coordinates":[123.295,9.2463]},"properties":{"id":"bacong-philippines","name":"Bacong, Philippines"}},{"type":"Feature","geometry":{"type":"Point","coordinates":[-17.8909,27.8202]},"properties":{"id":"valverde-canary-islands-spain","name":"Valverde, Canary Islands, Spain"}},{"type":"Feature","geometry":{"type":"Point","coordinates":[-17.1082,28.088]},"properties":{"id":"san-sebastian-de-la-gomera-canary-islands-spain","name":"San Sebastian de la Gomera, Canary Islands, Spain"}},{"type":"Feature","geometry":{"type":"Point","coordinates":[-16.5864,28.3976]},"properties":{"id":"los-realejos-canary-islands-spain","name":"Los Realejos, Canary Islands, Spain"}},{"type":"Feature","geometry":{"type":"Point","coordinates":[-15.694,28.1499]},"properties":{"id":"sardina-canary-islands-spain","name":"Sardina, Canary Islands, Spain"}},{"type":"Feature","geometry":{"type":"Point","coordinates":[-13.5476,28.9595]},"properties":{"id":"arrecife-canary-islands-spain","name":"Arrecife, Canary Islands, Spain"}},{"type":"Feature","geometry":{"type":"Point","coordinates":[-13.8622,28.4965]},"properties":{"id":"puerto-del-rosario-canary-islands-spain","name":"Puerto del Rosario, Canary Islands, Spain"}},{"type":"Feature","geometry":{"type":"Point","coordinates":[-14.3584,28.0487]},"properties":{"id":"morrojable-canary-islands-spain","name":"Morrojable, Canary Islands, Spain"}},{"type":"Feature","geometry":{"type":"Point","coordinates":[-15.3907,27.8955]},"properties":{"id":"aguimes-canary-islands-spain","name":"Aguimes, Canary Islands, Spain"}},{"type":"Feature","geometry":{"type":"Point","coordinates":[119.5003,10.8197]},"properties":{"id":"taytay-philippines","name":"Taytay, Philippines"}},{"type":"Feature","geometry":{"type":"Point","coordinates":[120.2007,12.0051]},"properties":{"id":"coron-philippines","name":"Coron, Philippines"}},{"type":"Feature","geometry":{"type":"Point","coordinates":[122.75,11.5833]},"properties":{"id":"roxas-city-philippines","name":"Roxas City, Philippines"}},{"type":"Feature","geometry":{"type":"Point","coordinates":[122.9506,13.5478]},"properties":{"id":"pasacao-philippines","name":"Pasacao, Philippines"}},{"type":"Feature","geometry":{"type":"Point","coordinates":[123.6167,12.3667]},"properties":{"id":"masbate-city-philippines","name":"Masbate City, Philippines"}},{"type":"Feature","geometry":{"type":"Point","coordinates":[124.0077,11.0459]},"properties":{"id":"bogo-philippines","name":"Bogo, Philippines"}},{"type":"Feature","geometry":{"type":"Point","coordinates":[123.6914,10.2382]},"properties":{"id":"naga-philippines","name":"Naga, Philippines"}},{"type":"Feature","geometry":{"type":"Point","coordinates":[124.6319,8.4542]},"properties":{"id":"cagayan-de-oro-philippines","name":"Cagayan de Oro, Philippines"}},{"type":"Feature","geometry":{"type":"Point","coordinates":[125.4207,8.9689]},"properties":{"id":"buenavista-philippines","name":"Buenavista, Philippines"}},{"type":"Feature","geometry":{"type":"Point","coordinates":[123.6352,10.3762]},"properties":{"id":"toledo-philippines","name":"Toledo, Philippines"}},{"type":"Feature","geometry":{"type":"Point","coordinates":[123.4129,10.4837]},"properties":{"id":"san-carlos-philippines","name":"San Carlos, Philippines"}},{"type":"Feature","geometry":{"type":"Point","coordinates":[123.9363,11.0833]},"properties":{"id":"san-remigio-philippines","name":"San Remigio, Philippines"}},{"type":"Feature","geometry":{"type":"Point","coordinates":[122.9678,10.7394]},"properties":{"id":"talisay-philippines","name":"Talisay, Philippines"}},{"type":"Feature","geometry":{"type":"Point","coordinates":[122.5894,10.7866]},"properties":{"id":"leganes-philippines","name":"Leganes, Philippines"}},{"type":"Feature","geometry":{"type":"Point","coordinates":[123.5091,12.2181]},"properties":{"id":"milagros-philippines","name":"Milagros, Philippines"}},{"type":"Feature","geometry":{"type":"Point","coordinates":[121.5277,12.5864]},"properties":{"id":"roxas-philippines","name":"Roxas, Philippines"}},{"type":"Feature","geometry":{"type":"Point","coordinates":[121.9448,11.9492]},"properties":{"id":"boracay-philippines","name":"Boracay, Philippines"}},{"type":"Feature","geometry":{"type":"Point","coordinates":[121.4489,13.8099]},"properties":{"id":"san-juan-philippines","name":"San Juan, Philippines"}},{"type":"Feature","geometry":{"type":"Point","coordinates":[-61.2745,16.2511]},"properties":{"id":"saint-franois-guadeloupe","name":"Saint-Fran\u00e7ois, Guadeloupe"}},{"type":"Feature","geometry":{"type":"Point","coordinates":[-61.0739,16.3036]},"properties":{"id":"beausejour-guadeloupe","name":"Beausejour, Guadeloupe"}},{"type":"Feature","geometry":{"type":"Point","coordinates":[-61.3191,15.9534]},"properties":{"id":"saint-louis-guadeloupe","name":"Saint-Louis, Guadeloupe"}},{"type":"Feature","geometry":{"type":"Point","coordinates":[-61.5647,16.0424]},"properties":{"id":"capesterre-belle-eau-guadeloupe","name":"Capesterre-Belle-Eau, Guadeloupe"}},{"type":"Feature","geometry":{"type":"Point","coordinates":[-61.5788,15.873]},"properties":{"id":"terre-de-haut-guadeloupe","name":"Terre-de-Haut, Guadeloupe"}},{"type":"Feature","geometry":{"type":"Point","coordinates":[-6.1146,53.4932]},"properties":{"id":"portrane-ireland","name":"Portrane, Ireland"}},{"type":"Feature","geometry":{"type":"Point","coordinates":[113.5767,22.2707]},"properties":{"id":"zhuhai-china","name":"Zhuhai, China"}},{"type":"Feature","geometry":{"type":"Point","coordinates":[110.7618,20.0453]},"properties":{"id":"wenchang-china","name":"Wenchang, China"}},{"type":"Feature","geometry":{"type":"Point","coordinates":[-130.3263,54.3131]},"properties":{"id":"prince-rupert-bc-canada","name":"Prince Rupert, BC, Canada"}},{"type":"Feature","geometry":{"type":"Point","coordinates":[-131.6478,55.3421]},"properties":{"id":"ketchikan-ak-united-states","name":"Ketchikan, AK, United States"}},{"type":"Feature","geometry":{"type":"Point","coordinates":[-81.0091,-2.2285]},"properties":{"id":"salinas-ecuador","name":"Salinas, Ecuador"}},{"type":"Feature","geometry":{"type":"Point","coordinates":[-1.6178,54.9782]},"properties":{"id":"newcastle-united-kingdom","name":"Newcastle, United Kingdom"}},{"type":"Feature","geometry":{"type":"Point","coordinates":[127.7008,26.0878]},"properties":{"id":"komesu-japan","name":"Komesu, Japan"}},{"type":"Feature","geometry":{"type":"Point","coordinates":[10.2164,63.3335]},"properties":{"id":"ysanden-norway","name":"\u00d8ysanden, Norway"}},{"type":"Feature","geometry":{"type":"Point","coordinates":[9.3414,1.1753]},"properties":{"id":"cabo-san-juan-equatorial-guinea","name":"Cabo San Juan, Equatorial Guinea"}},{"type":"Feature","geometry":{"type":"Point","coordinates":[9.3196,0.9349]},"properties":{"id":"corisco-equatorial-guinea","name":"Corisco, Equatorial Guinea"}},{"type":"Feature","geometry":{"type":"Point","coordinates":[-63.0551,18.0245]},"properties":{"id":"great-bay-beach-sint-maarten","name":"Great Bay Beach, Sint Maarten"}},{"type":"Feature","geometry":{"type":"Point","coordinates":[-62.7312,17.2986]},"properties":{"id":"basseterre-saint-kitts-and-nevis","name":"Basseterre, Saint Kitts and Nevis"}},{"type":"Feature","geometry":{"type":"Point","coordinates":[-62.8506,17.8979]},"properties":{"id":"gustavia-saint-barthlemy","name":"Gustavia, Saint Barth\u00e9lemy"}},{"type":"Feature","geometry":{"type":"Point","coordinates":[-63.2442,17.6151]},"properties":{"id":"great-level-bay-bonaire-sint-eustatius-and-saba","name":"Great Level Bay, Bonaire, Sint Eustatius and Saba"}},{"type":"Feature","geometry":{"type":"Point","coordinates":[-62.9855,17.4759]},"properties":{"id":"gallows-bay-bonaire-sint-eustatius-and-saba","name":"Gallows Bay, Bonaire, Sint Eustatius and Saba"}},{"type":"Feature","geometry":{"type":"Point","coordinates":[127.9773,26.5915]},"properties":{"id":"nago-japan","name":"Nago, Japan"}},{"type":"Feature","geometry":{"type":"Point","coordinates":[130.5571,31.5966]},"properties":{"id":"kagoshima-japan","name":"Kagoshima, Japan"}},{"type":"Feature","geometry":{"type":"Point","coordinates":[-23.5212,14.9232]},"properties":{"id":"praia-cape-verde","name":"Praia, Cape Verde"}},{"type":"Feature","geometry":{"type":"Point","coordinates":[-22.919,16.1772]},"properties":{"id":"sal-rei-cape-verde","name":"Sal Rei, Cape Verde"}},{"type":"Feature","geometry":{"type":"Point","coordinates":[-22.9353,16.6771]},"properties":{"id":"murdeira-cape-verde","name":"Murdeira, Cape Verde"}},{"type":"Feature","geometry":{"type":"Point","coordinates":[-24.3572,16.5659]},"properties":{"id":"tarrafalsao-nicolau-cape-verde","name":"Tarrafal\u2014Sao Nicolau, Cape Verde"}},{"type":"Feature","geometry":{"type":"Point","coordinates":[-25.0608,16.8234]},"properties":{"id":"sao-pedro-cape-verde","name":"Sao Pedro, Cape Verde"}},{"type":"Feature","geometry":{"type":"Point","coordinates":[-23.7511,15.2768]},"properties":{"id":"tarrafalsantiago-cape-verde","name":"Tarrafal\u2014Santiago, Cape Verde"}},{"type":"Feature","geometry":{"type":"Point","coordinates":[-25.0594,17.0192]},"properties":{"id":"porto-novosanto-antao-cape-verde","name":"Porto Novo\u2014Santo Antao, Cape Verde"}},{"type":"Feature","geometry":{"type":"Point","coordinates":[-24.6954,14.873]},"properties":{"id":"nova-sintra-cape-verde","name":"Nova Sintra, Cape Verde"}},{"type":"Feature","geometry":{"type":"Point","coordinates":[-24.5009,14.8971]},"properties":{"id":"sao-filipe-cape-verde","name":"Sao Filipe, Cape Verde"}},{"type":"Feature","geometry":{"type":"Point","coordinates":[-23.2098,15.1384]},"properties":{"id":"vila-do-maio-cape-verde","name":"Vila do Maio, Cape Verde"}},{"type":"Feature","geometry":{"type":"Point","coordinates":[131.2946,32.0977]},"properties":{"id":"miyazaki-japan","name":"Miyazaki, Japan"}},{"type":"Feature","geometry":{"type":"Point","coordinates":[127.6808,26.2124]},"properties":{"id":"okinawa-japan","name":"Okinawa, Japan"}},{"type":"Feature","geometry":{"type":"Point","coordinates":[140.3436,39.692]},"properties":{"id":"akita-japan","name":"Akita, Japan"}},{"type":"Feature","geometry":{"type":"Point","coordinates":[141.3155,43.1714]},"properties":{"id":"ishikari-japan","name":"Ishikari, Japan"}},{"type":"Feature","geometry":{"type":"Point","coordinates":[140.7582,38.3144]},"properties":{"id":"sendai-japan","name":"Sendai, Japan"}},{"type":"Feature","geometry":{"type":"Point","coordinates":[140.2699,36.3422]},"properties":{"id":"ibaraki-japan","name":"Ibaraki, Japan"}},{"type":"Feature","geometry":{"type":"Point","coordinates":[-102.1943,17.9568]},"properties":{"id":"ciudad-lzaro-crdenas-mexico","name":"Ciudad L\u00e1zaro C\u00e1rdenas, Mexico"}},{"type":"Feature","geometry":{"type":"Point","coordinates":[-104.3082,19.0858]},"properties":{"id":"manzanillo-mexico","name":"Manzanillo, Mexico"}},{"type":"Feature","geometry":{"type":"Point","coordinates":[-76.8743,-12.2785]},"properties":{"id":"lurin-peru","name":"Lurin, Peru"}},{"type":"Feature","geometry":{"type":"Point","coordinates":[-71.3237,-17.6412]},"properties":{"id":"ilo-peru","name":"Ilo, Peru"}},{"type":"Feature","geometry":{"type":"Point","coordinates":[-149.3234,-17.7505]},"properties":{"id":"toahotu-french-polynesia","name":"To'ahotu, French Polynesia"}},{"type":"Feature","geometry":{"type":"Point","coordinates":[33.9195,35.2844]},"properties":{"id":"iskele-cyprus","name":"Iskele, Cyprus"}},{"type":"Feature","geometry":{"type":"Point","coordinates":[110.2936,1.6751]},"properties":{"id":"kg-buntai-malaysia","name":"Kg Buntai, Malaysia"}},{"type":"Feature","geometry":{"type":"Point","coordinates":[22.9682,59.8232]},"properties":{"id":"hanko-finland","name":"Hanko, Finland"}},{"type":"Feature","geometry":{"type":"Point","coordinates":[24.9325,60.1711]},"properties":{"id":"helsinki-finland","name":"Helsinki, Finland"}},{"type":"Feature","geometry":{"type":"Point","coordinates":[18.0629,59.3322]},"properties":{"id":"stockholm-sweden","name":"Stockholm, Sweden"}},{"type":"Feature","geometry":{"type":"Point","coordinates":[26.8836,60.501]},"properties":{"id":"kotka-finland","name":"Kotka, Finland"}},{"type":"Feature","geometry":{"type":"Point","coordinates":[124.2823,12.5014]},"properties":{"id":"allen-philippines","name":"Allen, Philippines"}},{"type":"Feature","geometry":{"type":"Point","coordinates":[124.1071,12.6453]},"properties":{"id":"santa-magdalena-philippines","name":"Santa Magdalena, Philippines"}},{"type":"Feature","geometry":{"type":"Point","coordinates":[-171.7667,-13.8334]},"properties":{"id":"apia-samoa","name":"Apia, Samoa"}},{"type":"Feature","geometry":{"type":"Point","coordinates":[-159.7697,-21.2244]},"properties":{"id":"rarotonga-cook-islands","name":"Rarotonga, Cook Islands"}},{"type":"Feature","geometry":{"type":"Point","coordinates":[-159.7749,-18.8257]},"properties":{"id":"aitutaki-cook-islands","name":"Aitutaki, Cook Islands"}},{"type":"Feature","geometry":{"type":"Point","coordinates":[-169.9167,-19.0167]},"properties":{"id":"alofi-niue","name":"Alofi, Niue"}},{"type":"Feature","geometry":{"type":"Point","coordinates":[-151.7495,-16.5063]},"properties":{"id":"vaitape-french-polynesia","name":"Vaitape, French Polynesia"}},{"type":"Feature","geometry":{"type":"Point","coordinates":[14.5503,36.7848]},"properties":{"id":"marina-di-ragusa-italy","name":"Marina di Ragusa, Italy"}},{"type":"Feature","geometry":{"type":"Point","coordinates":[-61.7906,12.0088]},"properties":{"id":"point-salines-grenada","name":"Point Salines, Grenada"}},{"type":"Feature","geometry":{"type":"Point","coordinates":[-61.2083,13.1454]},"properties":{"id":"kingstown-saint-vincent-and-the-grenadines","name":"Kingstown, Saint Vincent and the Grenadines"}},{"type":"Feature","geometry":{"type":"Point","coordinates":[-61.2408,13.2909]},"properties":{"id":"chateaubelair-saint-vincent-and-the-grenadines","name":"Chateaubelair, Saint Vincent and the Grenadines"}},{"type":"Feature","geometry":{"type":"Point","coordinates":[-61.1428,13.3731]},"properties":{"id":"owia-saint-vincent-and-the-grenadines","name":"Owia, Saint Vincent and the Grenadines"}},{"type":"Feature","geometry":{"type":"Point","coordinates":[-61.6064,12.1612]},"properties":{"id":"conference-grenada","name":"Conference, Grenada"}},{"type":"Feature","geometry":{"type":"Point","coordinates":[-61.2447,12.9976]},"properties":{"id":"bequia-saint-vincent-and-the-grenadines","name":"Bequia, Saint Vincent and the Grenadines"}},{"type":"Feature","geometry":{"type":"Point","coordinates":[-61.1871,12.8777]},"properties":{"id":"mustique-saint-vincent-and-the-grenadines","name":"Mustique, Saint Vincent and the Grenadines"}},{"type":"Feature","geometry":{"type":"Point","coordinates":[-61.339,12.6996]},"properties":{"id":"canouan-saint-vincent-and-the-grenadines","name":"Canouan, Saint Vincent and the Grenadines"}},{"type":"Feature","geometry":{"type":"Point","coordinates":[-61.4432,12.6114]},"properties":{"id":"union-island-saint-vincent-and-the-grenadines","name":"Union Island, Saint Vincent and the Grenadines"}},{"type":"Feature","geometry":{"type":"Point","coordinates":[-61.4786,12.4737]},"properties":{"id":"carriacou-grenada","name":"Carriacou, Grenada"}},{"type":"Feature","geometry":{"type":"Point","coordinates":[12.2513,57.1053]},"properties":{"id":"varberg-sweden","name":"Varberg, Sweden"}},{"type":"Feature","geometry":{"type":"Point","coordinates":[10.8871,57.257]},"properties":{"id":"laeso-denmark","name":"Laeso, Denmark"}},{"type":"Feature","geometry":{"type":"Point","coordinates":[-1.9683,46.694]},"properties":{"id":"saint-hilaire-de-riez-france","name":"Saint-Hilaire-de-Riez, France"}},{"type":"Feature","geometry":{"type":"Point","coordinates":[9.9593,57.5882]},"properties":{"id":"hirtshals-denmark","name":"Hirtshals, Denmark"}},{"type":"Feature","geometry":{"type":"Point","coordinates":[10.0164,59.0811]},"properties":{"id":"larvik-norway","name":"Larvik, Norway"}},{"type":"Feature","geometry":{"type":"Point","coordinates":[-4.7605,54.0872]},"properties":{"id":"port-erin-isle-of-man","name":"Port Erin, Isle of Man"}},{"type":"Feature","geometry":{"type":"Point","coordinates":[48.522,5.3502]},"properties":{"id":"hobyo-somalia","name":"Hobyo, Somalia"}},{"type":"Feature","geometry":{"type":"Point","coordinates":[42.5452,-0.3627]},"properties":{"id":"kismayo-somalia","name":"Kismayo, Somalia"}},{"type":"Feature","geometry":{"type":"Point","coordinates":[119.8093,-5.6691]},"properties":{"id":"bulobulo-indonesia","name":"Bulobulo, Indonesia"}},{"type":"Feature","geometry":{"type":"Point","coordinates":[117.8616,-8.1081]},"properties":{"id":"kawinda-nae-indonesia","name":"Kawinda Nae, Indonesia"}},{"type":"Feature","geometry":{"type":"Point","coordinates":[117.5355,0.3245]},"properties":{"id":"sangatta-indonesia","name":"Sangatta, Indonesia"}},{"type":"Feature","geometry":{"type":"Point","coordinates":[119.6661,-0.7119]},"properties":{"id":"towale-indonesia","name":"Towale, Indonesia"}},{"type":"Feature","geometry":{"type":"Point","coordinates":[116.0473,-8.4855]},"properties":{"id":"senggigi-indonesia","name":"Senggigi, Indonesia"}},{"type":"Feature","geometry":{"type":"Point","coordinates":[115.2596,-8.6951]},"properties":{"id":"sanur-indonesia","name":"Sanur, Indonesia"}},{"type":"Feature","geometry":{"type":"Point","coordinates":[113.4568,-8.3741]},"properties":{"id":"puger-indonesia","name":"Puger, Indonesia"}},{"type":"Feature","geometry":{"type":"Point","coordinates":[115.1598,-8.7841]},"properties":{"id":"jimbaran-indonesia","name":"Jimbaran, Indonesia"}},{"type":"Feature","geometry":{"type":"Point","coordinates":[107.6964,-3.196]},"properties":{"id":"mentigi-indonesia","name":"Mentigi, Indonesia"}},{"type":"Feature","geometry":{"type":"Point","coordinates":[106.8334,-6.129]},"properties":{"id":"ancol-indonesia","name":"Ancol, Indonesia"}},{"type":"Feature","geometry":{"type":"Point","coordinates":[106.1325,-1.8515]},"properties":{"id":"sungailiat-indonesia","name":"Sungailiat, Indonesia"}},{"type":"Feature","geometry":{"type":"Point","coordinates":[114.6668,-3.8828]},"properties":{"id":"takesung-indonesia","name":"Takesung, Indonesia"}},{"type":"Feature","geometry":{"type":"Point","coordinates":[112.5982,-6.9533]},"properties":{"id":"ujung-pankah-indonesia","name":"Ujung Pankah, Indonesia"}},{"type":"Feature","geometry":{"type":"Point","coordinates":[112.5856,-5.7935]},"properties":{"id":"bawean-indonesia","name":"Bawean, Indonesia"}},{"type":"Feature","geometry":{"type":"Point","coordinates":[-5.7115,-15.9186]},"properties":{"id":"ruperts-bay-saint-helena-ascension-and-tristan-da-cunha","name":"Rupert's Bay, Saint Helena, Ascension and Tristan da Cunha"}},{"type":"Feature","geometry":{"type":"Point","coordinates":[6.7333,0.3333]},"properties":{"id":"sao-tome-sao-tome-and-principe","name":"Sao Tome, Sao Tome and Principe"}},{"type":"Feature","geometry":{"type":"Point","coordinates":[5.6369,-1.4351]},"properties":{"id":"annobon-equatorial-guinea","name":"Annobon, Equatorial Guinea"}},{"type":"Feature","geometry":{"type":"Point","coordinates":[96.2482,16.7587]},"properties":{"id":"thanlyin-myanmar","name":"Thanlyin, Myanmar"}},{"type":"Feature","geometry":{"type":"Point","coordinates":[153.0894,-26.6518]},"properties":{"id":"maroochydore-qld-australia","name":"Maroochydore, QLD, Australia"}},{"type":"Feature","geometry":{"type":"Point","coordinates":[130.6321,-11.7626]},"properties":{"id":"wurrumiyanga-nt-australia","name":"Wurrumiyanga, NT, Australia"}},{"type":"Feature","geometry":{"type":"Point","coordinates":[14.4001,67.286]},"properties":{"id":"bod-norway","name":"Bod\u00f8, Norway"}},{"type":"Feature","geometry":{"type":"Point","coordinates":[17.56,68.4206]},"properties":{"id":"narvik-norway","name":"Narvik, Norway"}},{"type":"Feature","geometry":{"type":"Point","coordinates":[13.0182,66.1981]},"properties":{"id":"nesna-norway","name":"Nesna, Norway"}},{"type":"Feature","geometry":{"type":"Point","coordinates":[12.6315,66.0215]},"properties":{"id":"sandnessjen-norway","name":"Sandnessj\u00f8en, Norway"}},{"type":"Feature","geometry":{"type":"Point","coordinates":[12.2077,65.4736]},"properties":{"id":"brnnysund-norway","name":"Br\u00f8nn\u00f8ysund, Norway"}},{"type":"Feature","geometry":{"type":"Point","coordinates":[11.2373,64.8621]},"properties":{"id":"rrvik-norway","name":"R\u00f8rvik, Norway"}},{"type":"Feature","geometry":{"type":"Point","coordinates":[13.5636,66.293]},"properties":{"id":"utskarpen-norway","name":"Utskarpen, Norway"}},{"type":"Feature","geometry":{"type":"Point","coordinates":[13.6245,66.2242]},"properties":{"id":"hemnesberget-norway","name":"Hemnesberget, Norway"}},{"type":"Feature","geometry":{"type":"Point","coordinates":[14.142,66.3137]},"properties":{"id":"mo-i-rana-norway","name":"Mo I Rana, Norway"}},{"type":"Feature","geometry":{"type":"Point","coordinates":[121.6123,13.9353]},"properties":{"id":"lucena-philippines","name":"Lucena, Philippines"}},{"type":"Feature","geometry":{"type":"Point","coordinates":[122.5621,10.7202]},"properties":{"id":"iloilo-city-philippines","name":"Iloilo City, Philippines"}},{"type":"Feature","geometry":{"type":"Point","coordinates":[121.0501,12.3626]},"properties":{"id":"san-jose-philippines","name":"San Jose, Philippines"}},{"type":"Feature","geometry":{"type":"Point","coordinates":[123.2815,9.2956]},"properties":{"id":"dumaguete-philippines","name":"Dumaguete, Philippines"}},{"type":"Feature","geometry":{"type":"Point","coordinates":[12.3719,55.2561]},"properties":{"id":"rdvig-denmark","name":"R\u00f8dvig, Denmark"}},{"type":"Feature","geometry":{"type":"Point","coordinates":[14.7083,55.101]},"properties":{"id":"rnne-denmark","name":"R\u00f8nne, Denmark"}},{"type":"Feature","geometry":{"type":"Point","coordinates":[93.9274,7.0313]},"properties":{"id":"great-nicobar-india","name":"Great Nicobar, India"}},{"type":"Feature","geometry":{"type":"Point","coordinates":[93.4814,8.1722]},"properties":{"id":"kamorta-india","name":"Kamorta, India"}},{"type":"Feature","geometry":{"type":"Point","coordinates":[92.8164,9.1775]},"properties":{"id":"car-nicobar-india","name":"Car Nicobar, India"}},{"type":"Feature","geometry":{"type":"Point","coordinates":[92.5972,10.7091]},"properties":{"id":"little-andaman-india","name":"Little Andaman, India"}},{"type":"Feature","geometry":{"type":"Point","coordinates":[92.7265,11.6234]},"properties":{"id":"port-blair-india","name":"Port Blair, India"}},{"type":"Feature","geometry":{"type":"Point","coordinates":[92.9876,11.9761]},"properties":{"id":"havelock-india","name":"Havelock, India"}},{"type":"Feature","geometry":{"type":"Point","coordinates":[92.9351,12.3965]},"properties":{"id":"long-island-india","name":"Long Island, India"}},{"type":"Feature","geometry":{"type":"Point","coordinates":[92.9139,12.5069]},"properties":{"id":"rangat-india","name":"Rangat, India"}},{"type":"Feature","geometry":{"type":"Point","coordinates":[-123.9564,45.2311]},"properties":{"id":"cloverdale-or-united-states","name":"Cloverdale, OR, United States"}},{"type":"Feature","geometry":{"type":"Point","coordinates":[-109.0504,25.6007]},"properties":{"id":"topolobampo-mexico","name":"Topolobampo, Mexico"}},{"type":"Feature","geometry":{"type":"Point","coordinates":[-110.3055,24.1026]},"properties":{"id":"la-paz-mexico","name":"La Paz, Mexico"}},{"type":"Feature","geometry":{"type":"Point","coordinates":[-76.4793,44.2315]},"properties":{"id":"kingston-on-canada","name":"Kingston, ON, Canada"}},{"type":"Feature","geometry":{"type":"Point","coordinates":[-68.9569,12.1689]},"properties":{"id":"mahuma-curaao","name":"Mahuma, Cura\u00e7ao"}},{"type":"Feature","geometry":{"type":"Point","coordinates":[159.9498,-9.4291]},"properties":{"id":"honiara-solomon-islands","name":"Honiara, Solomon Islands"}},{"type":"Feature","geometry":{"type":"Point","coordinates":[147.1885,-9.4796]},"properties":{"id":"port-moresby-papua-new-guinea","name":"Port Moresby, Papua New Guinea"}},{"type":"Feature","geometry":{"type":"Point","coordinates":[160.7013,-8.7746]},"properties":{"id":"auki-solomon-islands","name":"Auki, Solomon Islands"}},{"type":"Feature","geometry":{"type":"Point","coordinates":[157.1907,-8.2421]},"properties":{"id":"noro-solomon-islands","name":"Noro, Solomon Islands"}},{"type":"Feature","geometry":{"type":"Point","coordinates":[156.3959,-6.709]},"properties":{"id":"taro-solomon-islands","name":"Taro, Solomon Islands"}},{"type":"Feature","geometry":{"type":"Point","coordinates":[-56.1806,46.7758]},"properties":{"id":"saint-pierre-saint-pierre-and-miquelon","name":"Saint-Pierre, Saint Pierre and Miquelon"}},{"type":"Feature","geometry":{"type":"Point","coordinates":[-56.3499,47.0837]},"properties":{"id":"miquelon-langlade-saint-pierre-and-miquelon","name":"Miquelon-Langlade, Saint Pierre and Miquelon"}},{"type":"Feature","geometry":{"type":"Point","coordinates":[-55.8273,47.072]},"properties":{"id":"fortune-nl-canada","name":"Fortune, NL, Canada"}},{"type":"Feature","geometry":{"type":"Point","coordinates":[-55.8033,46.869]},"properties":{"id":"lamaline-nl-canada","name":"Lamaline, NL, Canada"}},{"type":"Feature","geometry":{"type":"Point","coordinates":[-71.4428,41.4414]},"properties":{"id":"narragansett-ri-united-states","name":"Narragansett, RI, United States"}},{"type":"Feature","geometry":{"type":"Point","coordinates":[-71.5937,41.192]},"properties":{"id":"crescent-beach-ri-united-states","name":"Crescent Beach, RI, United States"}},{"type":"Feature","geometry":{"type":"Point","coordinates":[7.9974,4.5438]},"properties":{"id":"kwa-ibo-nigeria","name":"Kwa Ibo, Nigeria"}},{"type":"Feature","geometry":{"type":"Point","coordinates":[15.9087,56.7438]},"properties":{"id":"nybro-sweden","name":"Nybro, Sweden"}},{"type":"Feature","geometry":{"type":"Point","coordinates":[21.15,55.6957]},"properties":{"id":"klaipeda-lithuania","name":"Klaipeda, Lithuania"}},{"type":"Feature","geometry":{"type":"Point","coordinates":[120.6621,22.2492]},"properties":{"id":"fangshan-taiwan","name":"Fangshan, Taiwan"}},{"type":"Feature","geometry":{"type":"Point","coordinates":[121.8961,30.9357]},"properties":{"id":"lingang-china","name":"Lingang, China"}},{"type":"Feature","geometry":{"type":"Point","coordinates":[57.4951,-20.1221]},"properties":{"id":"baie-du-tombeau-mauritius","name":"Baie du Tombeau, Mauritius"}},{"type":"Feature","geometry":{"type":"Point","coordinates":[55.3033,-20.9444]},"properties":{"id":"le-port-runion","name":"Le Port, R\u00e9union"}},{"type":"Feature","geometry":{"type":"Point","coordinates":[46.9854,-25.0225]},"properties":{"id":"fort-dauphin-madagascar","name":"Fort Dauphin, Madagascar"}},{"type":"Feature","geometry":{"type":"Point","coordinates":[114.5272,-8.2946]},"properties":{"id":"candi-kusuma-indonesia","name":"Candi Kusuma, Indonesia"}},{"type":"Feature","geometry":{"type":"Point","coordinates":[114.3104,-8.448]},"properties":{"id":"muncar-indonesia","name":"Muncar, Indonesia"}},{"type":"Feature","geometry":{"type":"Point","coordinates":[112.7197,-7.2719]},"properties":{"id":"banyu-urip-indonesia","name":"Banyu Urip, Indonesia"}},{"type":"Feature","geometry":{"type":"Point","coordinates":[110.1879,-7.0265]},"properties":{"id":"kendal-indonesia","name":"Kendal, Indonesia"}},{"type":"Feature","geometry":{"type":"Point","coordinates":[108.5667,-6.7167]},"properties":{"id":"cirebon-indonesia","name":"Cirebon, Indonesia"}},{"type":"Feature","geometry":{"type":"Point","coordinates":[174.7679,-36.7878]},"properties":{"id":"takapuna-new-zealand","name":"Takapuna, New Zealand"}},{"type":"Feature","geometry":{"type":"Point","coordinates":[-157.4278,1.8721]},"properties":{"id":"kiritimati-kiribati","name":"Kiritimati, Kiribati"}},{"type":"Feature","geometry":{"type":"Point","coordinates":[179.3498,-16.808]},"properties":{"id":"savusavu-fiji","name":"Savusavu, Fiji"}},{"type":"Feature","geometry":{"type":"Point","coordinates":[151.1962,-33.9137]},"properties":{"id":"alexandria-nsw-australia","name":"Alexandria, NSW, Australia"}},{"type":"Feature","geometry":{"type":"Point","coordinates":[8.3292,55.7517]},"properties":{"id":"blaabjerg-denmark","name":"Blaabjerg, Denmark"}},{"type":"Feature","geometry":{"type":"Point","coordinates":[-9.6965,53.7708]},"properties":{"id":"lecanvey-ireland","name":"Lecanvey, Ireland"}},{"type":"Feature","geometry":{"type":"Point","coordinates":[100.3133,2.4524]},"properties":{"id":"panipahan-indonesia","name":"Panipahan, Indonesia"}},{"type":"Feature","geometry":{"type":"Point","coordinates":[151.274,-33.7612]},"properties":{"id":"brookvale-nsw-australia","name":"Brookvale, NSW, Australia"}},{"type":"Feature","geometry":{"type":"Point","coordinates":[144.6947,13.4647]},"properties":{"id":"piti-guam","name":"Piti, Guam"}},{"type":"Feature","geometry":{"type":"Point","coordinates":[-174.3503,-19.8114]},"properties":{"id":"pangai-tonga","name":"Pangai, Tonga"}},{"type":"Feature","geometry":{"type":"Point","coordinates":[-173.9837,-18.6477]},"properties":{"id":"neiafu-tonga","name":"Neiafu, Tonga"}},{"type":"Feature","geometry":{"type":"Point","coordinates":[-175.2,-21.1333]},"properties":{"id":"nukualofa-tonga","name":"Nuku'alofa, Tonga"}},{"type":"Feature","geometry":{"type":"Point","coordinates":[-159.7242,21.9703]},"properties":{"id":"kekaha-hi-united-states","name":"Kekaha, HI, United States"}},{"type":"Feature","geometry":{"type":"Point","coordinates":[-158.2206,21.4634]},"properties":{"id":"makaha-hi-united-states","name":"Makaha, HI, United States"}},{"type":"Feature","geometry":{"type":"Point","coordinates":[-156.44,20.6636]},"properties":{"id":"makena-hi-united-states","name":"Makena, HI, United States"}},{"type":"Feature","geometry":{"type":"Point","coordinates":[-156.6845,20.9009]},"properties":{"id":"lahaina-hi-united-states","name":"Lahaina, HI, United States"}},{"type":"Feature","geometry":{"type":"Point","coordinates":[-157.0239,21.0933]},"properties":{"id":"kaunakakai-hi-united-states","name":"Kaunakakai, HI, United States"}},{"type":"Feature","geometry":{"type":"Point","coordinates":[-157.6689,21.272]},"properties":{"id":"hawaii-kai-hi-united-states","name":"Hawaii Kai, HI, United States"}},{"type":"Feature","geometry":{"type":"Point","coordinates":[12.0701,67.5026]},"properties":{"id":"rst-norway","name":"R\u00f8st, Norway"}},{"type":"Feature","geometry":{"type":"Point","coordinates":[14.3445,35.9387]},"properties":{"id":"golden-bay-malta","name":"Golden Bay, Malta"}},{"type":"Feature","geometry":{"type":"Point","coordinates":[14.2713,36.0204]},"properties":{"id":"mgarr-ix-xini-malta","name":"Mgarr ix-Xini, Malta"}},{"type":"Feature","geometry":{"type":"Point","coordinates":[63.4482,-19.6743]},"properties":{"id":"grand-baie-rodrigues-mauritius","name":"Grand Baie (Rodrigues), Mauritius"}},{"type":"Feature","geometry":{"type":"Point","coordinates":[-140.9081,-18.2158]},"properties":{"id":"hao-french-polynesia","name":"Hao, French Polynesia"}},{"type":"Feature","geometry":{"type":"Point","coordinates":[125.373,2.7546]},"properties":{"id":"ondong-siau-indonesia","name":"Ondong Siau, Indonesia"}},{"type":"Feature","geometry":{"type":"Point","coordinates":[125.4855,3.6111]},"properties":{"id":"tahuna-indonesia","name":"Tahuna, Indonesia"}},{"type":"Feature","geometry":{"type":"Point","coordinates":[126.7173,4.043]},"properties":{"id":"melonguane-indonesia","name":"Melonguane, Indonesia"}},{"type":"Feature","geometry":{"type":"Point","coordinates":[128.4008,2.3657]},"properties":{"id":"morotai-indonesia","name":"Morotai, Indonesia"}},{"type":"Feature","geometry":{"type":"Point","coordinates":[127.9679,1.7146]},"properties":{"id":"tobelo-indonesia","name":"Tobelo, Indonesia"}},{"type":"Feature","geometry":{"type":"Point","coordinates":[127.3613,0.7958]},"properties":{"id":"terante-indonesia","name":"Terante, Indonesia"}},{"type":"Feature","geometry":{"type":"Point","coordinates":[127.5614,0.735]},"properties":{"id":"sofifi-indonesia","name":"Sofifi, Indonesia"}},{"type":"Feature","geometry":{"type":"Point","coordinates":[127.4041,0.674]},"properties":{"id":"tidore-indonesia","name":"Tidore, Indonesia"}},{"type":"Feature","geometry":{"type":"Point","coordinates":[122.7928,-0.9388]},"properties":{"id":"luwuk-indonesia","name":"Luwuk, Indonesia"}},{"type":"Feature","geometry":{"type":"Point","coordinates":[123.3402,-1.301]},"properties":{"id":"salakan-indonesia","name":"Salakan, Indonesia"}},{"type":"Feature","geometry":{"type":"Point","coordinates":[123.5275,-1.6003]},"properties":{"id":"bangga-indonesia","name":"Bangga, Indonesia"}},{"type":"Feature","geometry":{"type":"Point","coordinates":[124.7741,-1.8268]},"properties":{"id":"taliabu-indonesia","name":"Taliabu, Indonesia"}},{"type":"Feature","geometry":{"type":"Point","coordinates":[125.937,-2.2014]},"properties":{"id":"sanana-indonesia","name":"Sanana, Indonesia"}},{"type":"Feature","geometry":{"type":"Point","coordinates":[122.513,-3.9984]},"properties":{"id":"kendari-indonesia","name":"Kendari, Indonesia"}},{"type":"Feature","geometry":{"type":"Point","coordinates":[123.1239,-4.1361]},"properties":{"id":"wawonii-indonesia","name":"Wawonii, Indonesia"}},{"type":"Feature","geometry":{"type":"Point","coordinates":[122.7211,-4.8324]},"properties":{"id":"raha-indonesia","name":"Raha, Indonesia"}},{"type":"Feature","geometry":{"type":"Point","coordinates":[122.8561,-4.7923]},"properties":{"id":"buranga-indonesia","name":"Buranga, Indonesia"}},{"type":"Feature","geometry":{"type":"Point","coordinates":[122.5599,-5.3891]},"properties":{"id":"lakudo-indonesia","name":"Lakudo, Indonesia"}},{"type":"Feature","geometry":{"type":"Point","coordinates":[122.5969,-5.5071]},"properties":{"id":"baubau-indonesia","name":"Baubau, Indonesia"}},{"type":"Feature","geometry":{"type":"Point","coordinates":[4.6137,52.4585]},"properties":{"id":"ijmuiden-netherlands","name":"Ijmuiden, Netherlands"}},{"type":"Feature","geometry":{"type":"Point","coordinates":[-144.9722,-14.4498]},"properties":{"id":"takaroa-french-polynesia","name":"Takaroa, French Polynesia"}},{"type":"Feature","geometry":{"type":"Point","coordinates":[-145.9581,-14.4029]},"properties":{"id":"manihi-french-polynesia","name":"Manihi, French Polynesia"}},{"type":"Feature","geometry":{"type":"Point","coordinates":[-147.6513,-15.1162]},"properties":{"id":"rangiroa-french-polynesia","name":"Rangiroa, French Polynesia"}},{"type":"Feature","geometry":{"type":"Point","coordinates":[-146.7862,-15.2899]},"properties":{"id":"arutua-french-polynesia","name":"Arutua, French Polynesia"}},{"type":"Feature","geometry":{"type":"Point","coordinates":[-146.6738,-15.7414]},"properties":{"id":"kaukura-french-polynesia","name":"Kaukura, French Polynesia"}},{"type":"Feature","geometry":{"type":"Point","coordinates":[-145.6246,-16.3103]},"properties":{"id":"fakarava-french-polynesia","name":"Fakarava, French Polynesia"}},{"type":"Feature","geometry":{"type":"Point","coordinates":[-143.8672,-16.5396]},"properties":{"id":"makemo-french-polynesia","name":"Makemo, French Polynesia"}},{"type":"Feature","geometry":{"type":"Point","coordinates":[-149.3081,-17.7233]},"properties":{"id":"hitiaa-french-polynesia","name":"Hitia'a, French Polynesia"}},{"type":"Feature","geometry":{"type":"Point","coordinates":[-139.0211,-9.7547]},"properties":{"id":"hiva-oa-french-polynesia","name":"Hiva Oa, French Polynesia"}},{"type":"Feature","geometry":{"type":"Point","coordinates":[-140.1421,-8.8605]},"properties":{"id":"nuku-hiva-french-polynesia","name":"Nuku Hiva, French Polynesia"}},{"type":"Feature","geometry":{"type":"Point","coordinates":[-15.7911,11.7741]},"properties":{"id":"suro-guinea-bissau","name":"Suro, Guinea-Bissau"}},{"type":"Feature","geometry":{"type":"Point","coordinates":[18.4499,-33.6933]},"properties":{"id":"duynefontein-south-africa","name":"Duynefontein, South Africa"}},{"type":"Feature","geometry":{"type":"Point","coordinates":[-172.1782,-13.6706]},"properties":{"id":"tuasivi-samoa","name":"Tuasivi, Samoa"}},{"type":"Feature","geometry":{"type":"Point","coordinates":[-70.9333,-53.1667]},"properties":{"id":"punta-arenas-chile","name":"Punta Arenas, Chile"}},{"type":"Feature","geometry":{"type":"Point","coordinates":[-67.6059,-54.9352]},"properties":{"id":"puerto-williams-chile","name":"Puerto Williams, Chile"}},{"type":"Feature","geometry":{"type":"Point","coordinates":[-73.5369,-47.8012]},"properties":{"id":"tortel-chile","name":"Tortel, Chile"}},{"type":"Feature","geometry":{"type":"Point","coordinates":[62.325,25.1323]},"properties":{"id":"gwadar-pakistan","name":"Gwadar, Pakistan"}},{"type":"Feature","geometry":{"type":"Point","coordinates":[-73.5868,40.7571]},"properties":{"id":"westbury-ny-united-states","name":"Westbury, NY, United States"}},{"type":"Feature","geometry":{"type":"Point","coordinates":[-78.8785,42.8854]},"properties":{"id":"buffalo-ny-united-states","name":"Buffalo, NY, United States"}},{"type":"Feature","geometry":{"type":"Point","coordinates":[-79.3853,43.6486]},"properties":{"id":"toronto-on-canada","name":"Toronto, ON, Canada"}},{"type":"Feature","geometry":{"type":"Point","coordinates":[-66.1858,18.473]},"properties":{"id":"punta-salina-pr-united-states","name":"Punta Salina, PR, United States"}},{"type":"Feature","geometry":{"type":"Point","coordinates":[-80.1439,26.0523]},"properties":{"id":"dania-beach-fl-united-states","name":"Dania Beach, FL, United States"}},{"type":"Feature","geometry":{"type":"Point","coordinates":[-75.1582,19.9396]},"properties":{"id":"guantanamo-bay-cuba","name":"Guantanamo Bay, Cuba"}},{"type":"Feature","geometry":{"type":"Point","coordinates":[8.7184,55.5231]},"properties":{"id":"endrup-denmark","name":"Endrup, Denmark"}},{"type":"Feature","geometry":{"type":"Point","coordinates":[6.816,53.4428]},"properties":{"id":"eemshaven-netherlands","name":"Eemshaven, Netherlands"}},{"type":"Feature","geometry":{"type":"Point","coordinates":[-61.1121,14.629]},"properties":{"id":"schoelcher-martinique","name":"Schoelcher, Martinique"}},{"type":"Feature","geometry":{"type":"Point","coordinates":[-59.5363,13.0626]},"properties":{"id":"pegwell-barbados","name":"Pegwell, Barbados"}},{"type":"Feature","geometry":{"type":"Point","coordinates":[79.8668,6.8332]},"properties":{"id":"mt-lavinia-sri-lanka","name":"Mt. Lavinia, Sri Lanka"}},{"type":"Feature","geometry":{"type":"Point","coordinates":[-52.6456,5.1683]},"properties":{"id":"kourou-french-guiana","name":"Kourou, French Guiana"}},{"type":"Feature","geometry":{"type":"Point","coordinates":[105.6971,-10.4374]},"properties":{"id":"flying-fish-cove-christmas-island","name":"Flying Fish Cove, Christmas Island"}},{"type":"Feature","geometry":{"type":"Point","coordinates":[-178.1581,-14.2968]},"properties":{"id":"leava-wallis-and-futuna","name":"Leava, Wallis and Futuna"}},{"type":"Feature","geometry":{"type":"Point","coordinates":[-176.175,-13.282]},"properties":{"id":"mata-utu-wallis-and-futuna","name":"Mata-Utu, Wallis and Futuna"}},{"type":"Feature","geometry":{"type":"Point","coordinates":[173.284,-41.2723]},"properties":{"id":"nelson-new-zealand","name":"Nelson, New Zealand"}},{"type":"Feature","geometry":{"type":"Point","coordinates":[175.2853,-40.6253]},"properties":{"id":"levin-new-zealand","name":"Levin, New Zealand"}},{"type":"Feature","geometry":{"type":"Point","coordinates":[-63.0781,18.0899]},"properties":{"id":"st-louis-saint-martin","name":"St. Louis, Saint Martin"}},{"type":"Feature","geometry":{"type":"Point","coordinates":[-61.5717,16.2445]},"properties":{"id":"baie-mahault-guadeloupe","name":"Baie-Mahault, Guadeloupe"}},{"type":"Feature","geometry":{"type":"Point","coordinates":[-76.6894,17.943]},"properties":{"id":"copa-club-jamaica","name":"Copa Club, Jamaica"}},{"type":"Feature","geometry":{"type":"Point","coordinates":[151.8585,7.44]},"properties":{"id":"weno-chuuk-micronesia","name":"Weno, Chuuk, Micronesia"}},{"type":"Feature","geometry":{"type":"Point","coordinates":[138.0615,9.4439]},"properties":{"id":"magachgil-yap-micronesia","name":"Magachgil, Yap, Micronesia"}},{"type":"Feature","geometry":{"type":"Point","coordinates":[134.5609,7.5317]},"properties":{"id":"ngeremlengui-palau","name":"Ngeremlengui, Palau"}},{"type":"Feature","geometry":{"type":"Point","coordinates":[-118.416,33.9199]},"properties":{"id":"el-segundo-ca-united-states","name":"El Segundo, CA, United States"}},{"type":"Feature","geometry":{"type":"Point","coordinates":[13.2014,-9.4901]},"properties":{"id":"sangano-angola","name":"Sangano, Angola"}},{"type":"Feature","geometry":{"type":"Point","coordinates":[45.0335,12.8007]},"properties":{"id":"aden-yemen","name":"Aden, Yemen"}},{"type":"Feature","geometry":{"type":"Point","coordinates":[-2.2949,60.441]},"properties":{"id":"bp-clair-ridge-united-kingdom","name":"BP Clair Ridge, United Kingdom"}},{"type":"Feature","geometry":{"type":"Point","coordinates":[-63.1457,18.0597]},"properties":{"id":"baie-longue-saint-martin","name":"Baie Longue, Saint Martin"}},{"type":"Feature","geometry":{"type":"Point","coordinates":[-63.0458,18.0302]},"properties":{"id":"philipsburg-sint-maarten","name":"Philipsburg, Sint Maarten"}},{"type":"Feature","geometry":{"type":"Point","coordinates":[45.2333,-12.7833]},"properties":{"id":"mamoudzou-mayotte","name":"Mamoudzou, Mayotte"}},{"type":"Feature","geometry":{"type":"Point","coordinates":[144.2402,-7.4135]},"properties":{"id":"kikori-papua-new-guinea","name":"Kikori, Papua New Guinea"}},{"type":"Feature","geometry":{"type":"Point","coordinates":[-53.6734,66.9395]},"properties":{"id":"sisimiut-greenland","name":"Sisimiut, Greenland"}},{"type":"Feature","geometry":{"type":"Point","coordinates":[-52.9057,65.4077]},"properties":{"id":"maniitsoq-greenland","name":"Maniitsoq, Greenland"}},{"type":"Feature","geometry":{"type":"Point","coordinates":[-52.8591,68.707]},"properties":{"id":"aasiaat-greenland","name":"Aasiaat, Greenland"}},{"type":"Feature","geometry":{"type":"Point","coordinates":[115.597,-8.4644]},"properties":{"id":"bali-indonesia","name":"Bali, Indonesia"}},{"type":"Feature","geometry":{"type":"Point","coordinates":[121.8799,-10.4578]},"properties":{"id":"seba-indonesia","name":"Seba, Indonesia"}},{"type":"Feature","geometry":{"type":"Point","coordinates":[123.0353,-10.7333]},"properties":{"id":"baa-indonesia","name":"Baa, Indonesia"}},{"type":"Feature","geometry":{"type":"Point","coordinates":[123.5833,-10.1833]},"properties":{"id":"kupang-indonesia","name":"Kupang, Indonesia"}},{"type":"Feature","geometry":{"type":"Point","coordinates":[124.4038,-8.3207]},"properties":{"id":"alor-indonesia","name":"Alor, Indonesia"}},{"type":"Feature","geometry":{"type":"Point","coordinates":[124.4535,-8.1583]},"properties":{"id":"kokar-indonesia","name":"Kokar, Indonesia"}},{"type":"Feature","geometry":{"type":"Point","coordinates":[127.7879,-8.1503]},"properties":{"id":"tiakur-indonesia","name":"Tiakur, Indonesia"}},{"type":"Feature","geometry":{"type":"Point","coordinates":[127.6915,-8.1581]},"properties":{"id":"serwaru-indonesia","name":"Serwaru, Indonesia"}},{"type":"Feature","geometry":{"type":"Point","coordinates":[131.213,-8.0522]},"properties":{"id":"suemlaki-indonesia","name":"Suemlaki, Indonesia"}},{"type":"Feature","geometry":{"type":"Point","coordinates":[132.7521,-5.6266]},"properties":{"id":"tual-indonesia","name":"Tual, Indonesia"}},{"type":"Feature","geometry":{"type":"Point","coordinates":[134.5502,-6.1946]},"properties":{"id":"kep-aru-indonesia","name":"Kep. Aru, Indonesia"}},{"type":"Feature","geometry":{"type":"Point","coordinates":[136.8896,-4.5503]},"properties":{"id":"timika-indonesia","name":"Timika, Indonesia"}},{"type":"Feature","geometry":{"type":"Point","coordinates":[138.1214,-5.5356]},"properties":{"id":"agats-indonesia","name":"Agats, Indonesia"}},{"type":"Feature","geometry":{"type":"Point","coordinates":[139.3965,-7.1025]},"properties":{"id":"kota-mappi-indonesia","name":"Kota Mappi, Indonesia"}},{"type":"Feature","geometry":{"type":"Point","coordinates":[135.5016,-3.3722]},"properties":{"id":"nabire-indonesia","name":"Nabire, Indonesia"}},{"type":"Feature","geometry":{"type":"Point","coordinates":[136.157,-1.7561]},"properties":{"id":"yapen-indonesia","name":"Yapen, Indonesia"}},{"type":"Feature","geometry":{"type":"Point","coordinates":[135.6385,-0.7295]},"properties":{"id":"supiori-indonesia","name":"Supiori, Indonesia"}},{"type":"Feature","geometry":{"type":"Point","coordinates":[134.062,-0.8615]},"properties":{"id":"manokwari-indonesia","name":"Manokwari, Indonesia"}},{"type":"Feature","geometry":{"type":"Point","coordinates":[133.4821,-2.2024]},"properties":{"id":"teluk-indonesia","name":"Teluk, Indonesia"}},{"type":"Feature","geometry":{"type":"Point","coordinates":[116.8312,-1.2654]},"properties":{"id":"balikpapan-indonesia","name":"Balikpapan, Indonesia"}},{"type":"Feature","geometry":{"type":"Point","coordinates":[117.5785,3.3273]},"properties":{"id":"tarakan-indonesia","name":"Tarakan, Indonesia"}},{"type":"Feature","geometry":{"type":"Point","coordinates":[113.2835,-6.9023]},"properties":{"id":"madura-indonesia","name":"Madura, Indonesia"}},{"type":"Feature","geometry":{"type":"Point","coordinates":[-88.2945,17.9256]},"properties":{"id":"bomba-belize","name":"Bomba, Belize"}},{"type":"Feature","geometry":{"type":"Point","coordinates":[-87.9783,17.911]},"properties":{"id":"san-pedro-belize","name":"San Pedro, Belize"}},{"type":"Feature","geometry":{"type":"Point","coordinates":[115.1689,5.2553]},"properties":{"id":"kiamsam-malaysia","name":"Kiamsam, Malaysia"}},{"type":"Feature","geometry":{"type":"Point","coordinates":[-39.8591,-18.7167]},"properties":{"id":"so-mateus-brazil","name":"S\u00e3o Mateus, Brazil"}},{"type":"Feature","geometry":{"type":"Point","coordinates":[-39.0647,-16.4511]},"properties":{"id":"porto-seguro-brazil","name":"Porto Seguro, Brazil"}},{"type":"Feature","geometry":{"type":"Point","coordinates":[-39.0477,-14.788]},"properties":{"id":"ilhus-brazil","name":"Ilh\u00e9us, Brazil"}},{"type":"Feature","geometry":{"type":"Point","coordinates":[-38.5045,-12.97]},"properties":{"id":"salvador-brazil","name":"Salvador, Brazil"}},{"type":"Feature","geometry":{"type":"Point","coordinates":[-37.0748,-10.9096]},"properties":{"id":"aracaju-brazil","name":"Aracaju, Brazil"}},{"type":"Feature","geometry":{"type":"Point","coordinates":[-35.735,-9.6665]},"properties":{"id":"macei-brazil","name":"Macei\u00f3, Brazil"}},{"type":"Feature","geometry":{"type":"Point","coordinates":[-34.872,-8.0553]},"properties":{"id":"recife-brazil","name":"Recife, Brazil"}},{"type":"Feature","geometry":{"type":"Point","coordinates":[-34.861,-7.1153]},"properties":{"id":"joo-pessoa-brazil","name":"Jo\u00e3o Pessoa, Brazil"}},{"type":"Feature","geometry":{"type":"Point","coordinates":[-35.2112,-5.7948]},"properties":{"id":"natal-brazil","name":"Natal, Brazil"}},{"type":"Feature","geometry":{"type":"Point","coordinates":[-43.2096,-22.9034]},"properties":{"id":"rio-de-janeiro-brazil","name":"Rio de Janeiro, Brazil"}},{"type":"Feature","geometry":{"type":"Point","coordinates":[-40.3017,-20.294]},"properties":{"id":"vitria-brazil","name":"Vit\u00f3ria, Brazil"}},{"type":"Feature","geometry":{"type":"Point","coordinates":[-41.7856,-22.3718]},"properties":{"id":"maca-brazil","name":"Maca\u00e9, Brazil"}},{"type":"Feature","geometry":{"type":"Point","coordinates":[-37.5705,-11.8467]},"properties":{"id":"sitio-brazil","name":"Sitio, Brazil"}},{"type":"Feature","geometry":{"type":"Point","coordinates":[-41.0272,-21.6312]},"properties":{"id":"atafona-brazil","name":"Atafona, Brazil"}},{"type":"Feature","geometry":{"type":"Point","coordinates":[72.9977,0.5311]},"properties":{"id":"thinadhoo-maldives","name":"Thinadhoo, Maldives"}},{"type":"Feature","geometry":{"type":"Point","coordinates":[73.4246,2.7768]},"properties":{"id":"kolhufushi-maldives","name":"Kolhufushi, Maldives"}},{"type":"Feature","geometry":{"type":"Point","coordinates":[108.2902,3.6668]},"properties":{"id":"penarik-indonesia","name":"Penarik, Indonesia"}},{"type":"Feature","geometry":{"type":"Point","coordinates":[140.6691,-2.5916]},"properties":{"id":"jayapura-indonesia","name":"Jayapura, Indonesia"}},{"type":"Feature","geometry":{"type":"Point","coordinates":[139.3533,-2.1752]},"properties":{"id":"sarmi-indonesia","name":"Sarmi, Indonesia"}},{"type":"Feature","geometry":{"type":"Point","coordinates":[136.0533,-1.1635]},"properties":{"id":"biak-indonesia","name":"Biak, Indonesia"}},{"type":"Feature","geometry":{"type":"Point","coordinates":[131.2954,-0.8821]},"properties":{"id":"sorong-indonesia","name":"Sorong, Indonesia"}},{"type":"Feature","geometry":{"type":"Point","coordinates":[127.4805,-0.6268]},"properties":{"id":"labuha-indonesia","name":"Labuha, Indonesia"}},{"type":"Feature","geometry":{"type":"Point","coordinates":[127.3754,0.7899]},"properties":{"id":"ternate-indonesia","name":"Ternate, Indonesia"}},{"type":"Feature","geometry":{"type":"Point","coordinates":[127.0858,-3.2334]},"properties":{"id":"namlea-indonesia","name":"Namlea, Indonesia"}},{"type":"Feature","geometry":{"type":"Point","coordinates":[128.1907,-3.6554]},"properties":{"id":"ambon-indonesia","name":"Ambon, Indonesia"}},{"type":"Feature","geometry":{"type":"Point","coordinates":[128.9553,-3.2978]},"properties":{"id":"masohi-indonesia","name":"Masohi, Indonesia"}},{"type":"Feature","geometry":{"type":"Point","coordinates":[129.8721,-4.5202]},"properties":{"id":"bandaneria-indonesia","name":"Bandaneria, Indonesia"}},{"type":"Feature","geometry":{"type":"Point","coordinates":[133.0194,-3.0978]},"properties":{"id":"fakfak-indonesia","name":"Fakfak, Indonesia"}},{"type":"Feature","geometry":{"type":"Point","coordinates":[130.8576,-0.3834]},"properties":{"id":"waisai-indonesia","name":"Waisai, Indonesia"}},{"type":"Feature","geometry":{"type":"Point","coordinates":[133.7915,-3.6794]},"properties":{"id":"kaimana-indonesia","name":"Kaimana, Indonesia"}},{"type":"Feature","geometry":{"type":"Point","coordinates":[140.4051,-8.4991]},"properties":{"id":"merauke-indonesia","name":"Merauke, Indonesia"}},{"type":"Feature","geometry":{"type":"Point","coordinates":[124.575,0.7614]},"properties":{"id":"tutuyan-indonesia","name":"Tutuyan, Indonesia"}},{"type":"Feature","geometry":{"type":"Point","coordinates":[117.8194,2.572]},"properties":{"id":"tanjung-selor-indonesia","name":"Tanjung Selor, Indonesia"}},{"type":"Feature","geometry":{"type":"Point","coordinates":[112.7467,-7.2586]},"properties":{"id":"surabaya-indonesia","name":"Surabaya, Indonesia"}},{"type":"Feature","geometry":{"type":"Point","coordinates":[4.8302,60.5873]},"properties":{"id":"ygarden-norway","name":"\u00d8ygarden, Norway"}},{"type":"Feature","geometry":{"type":"Point","coordinates":[6.7528,58.0828]},"properties":{"id":"farsund-norway","name":"Farsund, Norway"}},{"type":"Feature","geometry":{"type":"Point","coordinates":[9.6117,56.5108]},"properties":{"id":"tjele-denmark","name":"Tjele, Denmark"}},{"type":"Feature","geometry":{"type":"Point","coordinates":[145.6293,14.9588]},"properties":{"id":"tachognya-beach-tinian-northern-mariana-islands","name":"Tachognya Beach, Tinian, Northern Mariana Islands"}},{"type":"Feature","geometry":{"type":"Point","coordinates":[145.1343,14.1449]},"properties":{"id":"sasanlagu-rota-northern-mariana-islands","name":"Sasanlagu, Rota, Northern Mariana Islands"}},{"type":"Feature","geometry":{"type":"Point","coordinates":[145.6996,15.1518]},"properties":{"id":"sugar-dock-saipan-northern-mariana-islands","name":"Sugar Dock, Saipan, Northern Mariana Islands"}},{"type":"Feature","geometry":{"type":"Point","coordinates":[114.8858,4.9264]},"properties":{"id":"tungku-brunei","name":"Tungku, Brunei"}},{"type":"Feature","geometry":{"type":"Point","coordinates":[-156.7886,71.2906]},"properties":{"id":"utqiavik-ak-united-states","name":"Utqia\u0121vik, AK, United States"}},{"type":"Feature","geometry":{"type":"Point","coordinates":[-166.8081,68.3478]},"properties":{"id":"point-hope-ak-united-states","name":"Point Hope, AK, United States"}},{"type":"Feature","geometry":{"type":"Point","coordinates":[-160.0383,70.637]},"properties":{"id":"wainwright-ak-united-states","name":"Wainwright, AK, United States"}},{"type":"Feature","geometry":{"type":"Point","coordinates":[-162.5967,66.8983]},"properties":{"id":"kotzebue-ak-united-states","name":"Kotzebue, AK, United States"}},{"type":"Feature","geometry":{"type":"Point","coordinates":[-165.4064,64.5011]},"properties":{"id":"nome-ak-united-states","name":"Nome, AK, United States"}},{"type":"Feature","geometry":{"type":"Point","coordinates":[-148.3384,70.2556]},"properties":{"id":"prudhoe-bay-ak-united-states","name":"Prudhoe Bay, AK, United States"}},{"type":"Feature","geometry":{"type":"Point","coordinates":[125.0656,1.3786]},"properties":{"id":"kauditan-indonesia","name":"Kauditan, Indonesia"}},{"type":"Feature","geometry":{"type":"Point","coordinates":[-16.3717,28.3555]},"properties":{"id":"candelaria-canary-islands-spain","name":"Candelaria, Canary Islands, Spain"}},{"type":"Feature","geometry":{"type":"Point","coordinates":[-68.6058,-52.6589]},"properties":{"id":"cabo-espiritu-santo-argentina","name":"Cabo Espiritu Santo , Argentina"}},{"type":"Feature","geometry":{"type":"Point","coordinates":[-68.4198,-52.3902]},"properties":{"id":"punta-dungeness-argentina","name":"Punta Dungeness, Argentina"}},{"type":"Feature","geometry":{"type":"Point","coordinates":[115.7467,-8.3863]},"properties":{"id":"seraya-indonesia","name":"Seraya, Indonesia"}},{"type":"Feature","geometry":{"type":"Point","coordinates":[-15.4507,28.0964]},"properties":{"id":"tarahales-spain","name":"Tarahales, Spain"}},{"type":"Feature","geometry":{"type":"Point","coordinates":[174.5745,-36.1262]},"properties":{"id":"mangawhai-new-zealand","name":"Mangawhai, New Zealand"}},{"type":"Feature","geometry":{"type":"Point","coordinates":[34.8949,29.4926]},"properties":{"id":"taba-egypt","name":"Taba, Egypt"}},{"type":"Feature","geometry":{"type":"Point","coordinates":[114.2602,22.208]},"properties":{"id":"cape-daguilar-china","name":"Cape D\u2019Aguilar, China"}},{"type":"Feature","geometry":{"type":"Point","coordinates":[49.1879,11.2756]},"properties":{"id":"bosaso-somalia","name":"Bosaso, Somalia"}},{"type":"Feature","geometry":{"type":"Point","coordinates":[-6.4289,36.7313]},"properties":{"id":"chipiona-spain","name":"Chipiona, Spain"}},{"type":"Feature","geometry":{"type":"Point","coordinates":[103.61,-1.59]},"properties":{"id":"jambi-indonesia","name":"Jambi, Indonesia"}},{"type":"Feature","geometry":{"type":"Point","coordinates":[-81.7006,12.5847]},"properties":{"id":"san-andres-colombia","name":"San Andres, Colombia"}},{"type":"Feature","geometry":{"type":"Point","coordinates":[-135.3139,59.4583]},"properties":{"id":"skagway-ak-united-states","name":"Skagway, AK, United States"}},{"type":"Feature","geometry":{"type":"Point","coordinates":[-135.445,59.2358]},"properties":{"id":"haines-ak-united-states","name":"Haines, AK, United States"}},{"type":"Feature","geometry":{"type":"Point","coordinates":[-156.8969,20.7434]},"properties":{"id":"manele-bay-hi-united-states","name":"Manele Bay, HI, United States"}},{"type":"Feature","geometry":{"type":"Point","coordinates":[-158.1195,21.3397]},"properties":{"id":"ko-olina-hi-united-states","name":"Ko Olina, HI, United States"}},{"type":"Feature","geometry":{"type":"Point","coordinates":[-157.696,21.2776]},"properties":{"id":"koko-head-hi-united-states","name":"Koko Head, HI, United States"}},{"type":"Feature","geometry":{"type":"Point","coordinates":[-156.4631,20.7822]},"properties":{"id":"kihei-maui-hi-united-states","name":"Kihei, Maui, HI, United States"}},{"type":"Feature","geometry":{"type":"Point","coordinates":[-159.3686,21.9749]},"properties":{"id":"lihue-hi-united-states","name":"Lihue, HI, United States"}},{"type":"Feature","geometry":{"type":"Point","coordinates":[-3.355,59.0515]},"properties":{"id":"skaill-united-kingdom","name":"Skaill, United Kingdom"}},{"type":"Feature","geometry":{"type":"Point","coordinates":[-3.3766,58.6703]},"properties":{"id":"dunnet-head-united-kingdom","name":"Dunnet Head, United Kingdom"}},{"type":"Feature","geometry":{"type":"Point","coordinates":[-5.7187,54.7537]},"properties":{"id":"whitehead-united-kingdom","name":"Whitehead, United Kingdom"}},{"type":"Feature","geometry":{"type":"Point","coordinates":[-4.6599,55.5413]},"properties":{"id":"troon-united-kingdom","name":"Troon, United Kingdom"}},{"type":"Feature","geometry":{"type":"Point","coordinates":[-2.1068,57.1538]},"properties":{"id":"aberdeen-united-kingdom","name":"Aberdeen, United Kingdom"}},{"type":"Feature","geometry":{"type":"Point","coordinates":[-6.363,36.6263]},"properties":{"id":"rota-spain","name":"Rota, Spain"}},{"type":"Feature","geometry":{"type":"Point","coordinates":[-15.4877,28.1344]},"properties":{"id":"tinocas-canary-islands-spain","name":"Tinocas, Canary Islands, Spain"}},{"type":"Feature","geometry":{"type":"Point","coordinates":[-16.4126,28.3106]},"properties":{"id":"gimar-canary-islands-spain","name":"G\u00fcimar, Canary Islands, Spain"}},{"type":"Feature","geometry":{"type":"Point","coordinates":[106.5475,-3.0799]},"properties":{"id":"batu-prahu-indonesia","name":"Batu Prahu, Indonesia"}},{"type":"Feature","geometry":{"type":"Point","coordinates":[107.6629,-2.7674]},"properties":{"id":"tanjung-pandan-indonesia","name":"Tanjung Pandan, Indonesia"}},{"type":"Feature","geometry":{"type":"Point","coordinates":[109.1832,-0.0671]},"properties":{"id":"sungai-kakap-indonesia","name":"Sungai Kakap, Indonesia"}},{"type":"Feature","geometry":{"type":"Point","coordinates":[109.3354,-0.0274]},"properties":{"id":"pontianak-indonesia","name":"Pontianak, Indonesia"}},{"type":"Feature","geometry":{"type":"Point","coordinates":[101.45,0.5333]},"properties":{"id":"pekanbaru-indonesia","name":"Pekanbaru, Indonesia"}},{"type":"Feature","geometry":{"type":"Point","coordinates":[104.7573,-2.991]},"properties":{"id":"palembang-indonesia","name":"Palembang, Indonesia"}},{"type":"Feature","geometry":{"type":"Point","coordinates":[105.2541,-5.4093]},"properties":{"id":"bandar-lampung-indonesia","name":"Bandar Lampung, Indonesia"}},{"type":"Feature","geometry":{"type":"Point","coordinates":[101.4367,3.0093]},"properties":{"id":"bandar-bukit-tinggi-malaysia","name":"Bandar Bukit Tinggi, Malaysia"}},{"type":"Feature","geometry":{"type":"Point","coordinates":[100.3616,-0.9439]},"properties":{"id":"padang-indonesia","name":"Padang, Indonesia"}},{"type":"Feature","geometry":{"type":"Point","coordinates":[103.839,-5.0403]},"properties":{"id":"baturaja-indonesia","name":"Baturaja, Indonesia"}},{"type":"Feature","geometry":{"type":"Point","coordinates":[99.2082,3.3806]},"properties":{"id":"teping-tinggi-indonesia","name":"Teping Tinggi, Indonesia"}},{"type":"Feature","geometry":{"type":"Point","coordinates":[99.8278,2.1051]},"properties":{"id":"rantu-prapat-indonesia","name":"Rantu Prapat, Indonesia"}},{"type":"Feature","geometry":{"type":"Point","coordinates":[98.7866,1.7478]},"properties":{"id":"sibolga-indonesia","name":"Sibolga, Indonesia"}},{"type":"Feature","geometry":{"type":"Point","coordinates":[105.5827,-1.5539]},"properties":{"id":"pesaren-indonesia","name":"Pesaren, Indonesia"}},{"type":"Feature","geometry":{"type":"Point","coordinates":[-73.5045,-41.9911]},"properties":{"id":"linao-chile","name":"Linao, Chile"}},{"type":"Feature","geometry":{"type":"Point","coordinates":[-73.1553,-41.8069]},"properties":{"id":"meimen-chile","name":"Meimen, Chile"}},{"type":"Feature","geometry":{"type":"Point","coordinates":[116.0743,5.9813]},"properties":{"id":"kota-kinabalu-malaysia","name":"Kota Kinabalu, Malaysia"}},{"type":"Feature","geometry":{"type":"Point","coordinates":[114.0074,4.4253]},"properties":{"id":"miri-malaysia","name":"Miri, Malaysia"}},{"type":"Feature","geometry":{"type":"Point","coordinates":[113.0684,3.197]},"properties":{"id":"bintulu-malaysia","name":"Bintulu, Malaysia"}},{"type":"Feature","geometry":{"type":"Point","coordinates":[-4.8673,55.7933]},"properties":{"id":"largs-united-kingdom","name":"Largs, United Kingdom"}},{"type":"Feature","geometry":{"type":"Point","coordinates":[-5.0281,55.7518]},"properties":{"id":"kilchatten-bay-united-kingdom","name":"Kilchatten Bay, United Kingdom"}},{"type":"Feature","geometry":{"type":"Point","coordinates":[-5.3212,56.0083]},"properties":{"id":"otter-ferry-united-kingdom","name":"Otter Ferry, United Kingdom"}},{"type":"Feature","geometry":{"type":"Point","coordinates":[-5.3658,56.0194]},"properties":{"id":"achnaba-united-kingdom","name":"Achnaba, United Kingdom"}},{"type":"Feature","geometry":{"type":"Point","coordinates":[-5.3321,55.502]},"properties":{"id":"blackwaterfoot-united-kingdom","name":"Blackwaterfoot, United Kingdom"}},{"type":"Feature","geometry":{"type":"Point","coordinates":[-5.5334,55.4765]},"properties":{"id":"ardnacross-united-kingdom","name":"Ardnacross, United Kingdom"}},{"type":"Feature","geometry":{"type":"Point","coordinates":[-4.9005,55.7802]},"properties":{"id":"down-craig-united-kingdom","name":"Down Craig, United Kingdom"}},{"type":"Feature","geometry":{"type":"Point","coordinates":[-5.1414,55.6436]},"properties":{"id":"corrie-united-kingdom","name":"Corrie, United Kingdom"}},{"type":"Feature","geometry":{"type":"Point","coordinates":[-4.8894,55.693]},"properties":{"id":"ardneil-bay-united-kingdom","name":"Ardneil Bay, United Kingdom"}},{"type":"Feature","geometry":{"type":"Point","coordinates":[-6.1063,55.8477]},"properties":{"id":"port-askaig-united-kingdom","name":"Port Askaig, United Kingdom"}},{"type":"Feature","geometry":{"type":"Point","coordinates":[-6.0899,55.8467]},"properties":{"id":"feolin-ferry-united-kingdom","name":"Feolin Ferry, United Kingdom"}},{"type":"Feature","geometry":{"type":"Point","coordinates":[-6.1254,55.6361]},"properties":{"id":"lagavulin-united-kingdom","name":"Lagavulin, United Kingdom"}},{"type":"Feature","geometry":{"type":"Point","coordinates":[-5.6976,55.5655]},"properties":{"id":"glenbarr-united-kingdom","name":"Glenbarr, United Kingdom"}},{"type":"Feature","geometry":{"type":"Point","coordinates":[-5.9538,55.8337]},"properties":{"id":"craighouse-united-kingdom","name":"Craighouse, United Kingdom"}},{"type":"Feature","geometry":{"type":"Point","coordinates":[-5.6146,55.8917]},"properties":{"id":"ormsary-united-kingdom","name":"Ormsary, United Kingdom"}},{"type":"Feature","geometry":{"type":"Point","coordinates":[-6.094,56.6886]},"properties":{"id":"kilchoan-ferry-united-kingdom","name":"Kilchoan Ferry, United Kingdom"}},{"type":"Feature","geometry":{"type":"Point","coordinates":[-6.0703,56.6218]},"properties":{"id":"tobermory-united-kingdom","name":"Tobermory, United Kingdom"}},{"type":"Feature","geometry":{"type":"Point","coordinates":[-5.6694,56.4558]},"properties":{"id":"duart-bay-united-kingdom","name":"Duart Bay, United Kingdom"}},{"type":"Feature","geometry":{"type":"Point","coordinates":[-5.4758,56.4378]},"properties":{"id":"ganavan-bay-united-kingdom","name":"Ganavan Bay, United Kingdom"}},{"type":"Feature","geometry":{"type":"Point","coordinates":[-5.2454,56.7225]},"properties":{"id":"corran-united-kingdom","name":"Corran, United Kingdom"}},{"type":"Feature","geometry":{"type":"Point","coordinates":[-5.1962,57.9341]},"properties":{"id":"ardmair-united-kingdom","name":"Ardmair, United Kingdom"}},{"type":"Feature","geometry":{"type":"Point","coordinates":[-6.3108,58.2091]},"properties":{"id":"branahuie-bay-united-kingdom","name":"Branahuie Bay, United Kingdom"}},{"type":"Feature","geometry":{"type":"Point","coordinates":[-7.0084,57.7694]},"properties":{"id":"leverburgh-united-kingdom","name":"Leverburgh, United Kingdom"}},{"type":"Feature","geometry":{"type":"Point","coordinates":[-7.1633,57.6037]},"properties":{"id":"lochmaddy-united-kingdom","name":"Lochmaddy, United Kingdom"}},{"type":"Feature","geometry":{"type":"Point","coordinates":[-6.5817,57.4363]},"properties":{"id":"dunvegan-united-kingdom","name":"Dunvegan, United Kingdom"}},{"type":"Feature","geometry":{"type":"Point","coordinates":[-7.2741,57.3667]},"properties":{"id":"sandwick-village-united-kingdom","name":"Sandwick Village, United Kingdom"}},{"type":"Feature","geometry":{"type":"Point","coordinates":[-5.9065,57.0594]},"properties":{"id":"ardvasar-united-kingdom","name":"Ardvasar, United Kingdom"}},{"type":"Feature","geometry":{"type":"Point","coordinates":[-5.8204,57.0085]},"properties":{"id":"mallaigvaig-united-kingdom","name":"Mallaigvaig, United Kingdom"}},{"type":"Feature","geometry":{"type":"Point","coordinates":[-6.8085,56.5038]},"properties":{"id":"scarinish-united-kingdom","name":"Scarinish, United Kingdom"}},{"type":"Feature","geometry":{"type":"Point","coordinates":[-6.2724,56.5821]},"properties":{"id":"calgary-united-kingdom","name":"Calgary, United Kingdom"}},{"type":"Feature","geometry":{"type":"Point","coordinates":[-7.3281,57.1055]},"properties":{"id":"ludag-united-kingdom","name":"Ludag, United Kingdom"}},{"type":"Feature","geometry":{"type":"Point","coordinates":[-7.3122,57.0815]},"properties":{"id":"balla-united-kingdom","name":"Balla, United Kingdom"}},{"type":"Feature","geometry":{"type":"Point","coordinates":[-7.4495,57.0253]},"properties":{"id":"north-bay-united-kingdom","name":"North Bay, United Kingdom"}},{"type":"Feature","geometry":{"type":"Point","coordinates":[-2.9395,59.2798]},"properties":{"id":"bay-of-tuquoy-united-kingdom","name":"Bay of Tuquoy, United Kingdom"}},{"type":"Feature","geometry":{"type":"Point","coordinates":[-3.0951,59.118]},"properties":{"id":"aikerness-bay-united-kingdom","name":"Aikerness Bay, United Kingdom"}},{"type":"Feature","geometry":{"type":"Point","coordinates":[-4.9439,55.7428]},"properties":{"id":"portachur-point-united-kingdom","name":"Portachur Point, United Kingdom"}},{"type":"Feature","geometry":{"type":"Point","coordinates":[-7.3022,57.0736]},"properties":{"id":"coilleag-united-kingdom","name":"Coilleag, United Kingdom"}},{"type":"Feature","geometry":{"type":"Point","coordinates":[-5.0636,55.8586]},"properties":{"id":"ardbeg-point-united-kingdom","name":"Ardbeg Point, United Kingdom"}},{"type":"Feature","geometry":{"type":"Point","coordinates":[-5.02,55.8694]},"properties":{"id":"ardyne-point-united-kingdom","name":"Ardyne Point, United Kingdom"}},{"type":"Feature","geometry":{"type":"Point","coordinates":[-5.2337,56.7216]},"properties":{"id":"ardgour-united-kingdom","name":"Ardgour, United Kingdom"}},{"type":"Feature","geometry":{"type":"Point","coordinates":[151.2834,59.5833]},"properties":{"id":"ola-russia","name":"Ola, Russia"}},{"type":"Feature","geometry":{"type":"Point","coordinates":[142.9425,53.5775]},"properties":{"id":"okha-russia","name":"Okha, Russia"}},{"type":"Feature","geometry":{"type":"Point","coordinates":[156.2871,52.8124]},"properties":{"id":"ust-bolsheretsk-russia","name":"Ust-Bolsheretsk, Russia"}},{"type":"Feature","geometry":{"type":"Point","coordinates":[-6.3082,49.9199]},"properties":{"id":"porthcressa-beach-united-kingdom","name":"Porthcressa Beach, United Kingdom"}},{"type":"Feature","geometry":{"type":"Point","coordinates":[101.2773,12.6707]},"properties":{"id":"rayong-thailand","name":"Rayong, Thailand"}},{"type":"Feature","geometry":{"type":"Point","coordinates":[103.3937,4.1302]},"properties":{"id":"cherating-malaysia","name":"Cherating, Malaysia"}},{"type":"Feature","geometry":{"type":"Point","coordinates":[36.7708,45.4236]},"properties":{"id":"ilyich-russia","name":"Ilyich, Russia"}},{"type":"Feature","geometry":{"type":"Point","coordinates":[36.4774,45.357]},"properties":{"id":"kerch-ukraine","name":"Kerch, Ukraine"}},{"type":"Feature","geometry":{"type":"Point","coordinates":[3.4962,51.564]},"properties":{"id":"domburg-netherlands","name":"Domburg, Netherlands"}},{"type":"Feature","geometry":{"type":"Point","coordinates":[1.5906,52.1578]},"properties":{"id":"aldeburgh-united-kingdom","name":"Aldeburgh, United Kingdom"}},{"type":"Feature","geometry":{"type":"Point","coordinates":[118.5772,-20.3135]},"properties":{"id":"port-hedland-wa-australia","name":"Port Hedland, WA, Australia"}},{"type":"Feature","geometry":{"type":"Point","coordinates":[-155.8947,59.3278]},"properties":{"id":"igiugig-ak-united-states","name":"Igiugig, AK, United States"}},{"type":"Feature","geometry":{"type":"Point","coordinates":[-154.3369,60.2004]},"properties":{"id":"port-alsworth-ak-united-states","name":"Port Alsworth, AK, United States"}},{"type":"Feature","geometry":{"type":"Point","coordinates":[-154.8589,59.9492]},"properties":{"id":"fish-camp-ak-united-states","name":"Fish Camp, AK, United States"}},{"type":"Feature","geometry":{"type":"Point","coordinates":[-154.8477,59.9726]},"properties":{"id":"nondalton-ak-united-states","name":"Nondalton, AK, United States"}},{"type":"Feature","geometry":{"type":"Point","coordinates":[-154.8998,59.7181]},"properties":{"id":"newhalen-ak-united-states","name":"Newhalen, AK, United States"}},{"type":"Feature","geometry":{"type":"Point","coordinates":[-154.7528,59.4422]},"properties":{"id":"kokhanok-ak-united-states","name":"Kokhanok, AK, United States"}},{"type":"Feature","geometry":{"type":"Point","coordinates":[-153.8805,59.7761]},"properties":{"id":"pile-bay-ak-united-states","name":"Pile Bay, AK, United States"}},{"type":"Feature","geometry":{"type":"Point","coordinates":[-154.9061,59.7548]},"properties":{"id":"illiamna-ak-united-states","name":"Illiamna, AK, United States"}},{"type":"Feature","geometry":{"type":"Point","coordinates":[-154.1061,59.7872]},"properties":{"id":"pedro-bay-ak-united-states","name":"Pedro Bay, AK, United States"}},{"type":"Feature","geometry":{"type":"Point","coordinates":[-153.6321,59.6824]},"properties":{"id":"williamsport-ak-united-states","name":"Williamsport, AK, United States"}},{"type":"Feature","geometry":{"type":"Point","coordinates":[-149.7322,61.0157]},"properties":{"id":"mchugh-point-ak-united-states","name":"McHugh Point, AK, United States"}},{"type":"Feature","geometry":{"type":"Point","coordinates":[-148.9898,60.8283]},"properties":{"id":"portage-ak-united-states","name":"Portage, AK, United States"}},{"type":"Feature","geometry":{"type":"Point","coordinates":[90.1166,21.8167]},"properties":{"id":"kuakata-bangladesh","name":"Kuakata, Bangladesh"}},{"type":"Feature","geometry":{"type":"Point","coordinates":[94.3912,16.858]},"properties":{"id":"ngwe-saung-myanmar","name":"Ngwe Saung, Myanmar"}},{"type":"Feature","geometry":{"type":"Point","coordinates":[5.9303,43.1253]},"properties":{"id":"toulon-france","name":"Toulon, France"}},{"type":"Feature","geometry":{"type":"Point","coordinates":[58.6061,23.5761]},"properties":{"id":"al-bustan-oman","name":"Al Bustan, Oman"}},{"type":"Feature","geometry":{"type":"Point","coordinates":[100.3732,5.4209]},"properties":{"id":"butterworth-malaysia","name":"Butterworth, Malaysia"}},{"type":"Feature","geometry":{"type":"Point","coordinates":[-77.0403,3.8837]},"properties":{"id":"buenaventura-colombia","name":"Buenaventura, Colombia"}},{"type":"Feature","geometry":{"type":"Point","coordinates":[-72.8051,-45.4583]},"properties":{"id":"puerto-chacabuco-chile","name":"Puerto Chacabuco, Chile"}},{"type":"Feature","geometry":{"type":"Point","coordinates":[-73.4795,-43.1175]},"properties":{"id":"quellon-chile","name":"Quellon, Chile"}},{"type":"Feature","geometry":{"type":"Point","coordinates":[2.0013,41.304]},"properties":{"id":"gav-spain","name":"Gav\u00e1, Spain"}},{"type":"Feature","geometry":{"type":"Point","coordinates":[43.7396,-12.2882]},"properties":{"id":"fomboni-moheli-comoros","name":"Fomboni Moheli, Comoros"}},{"type":"Feature","geometry":{"type":"Point","coordinates":[44.4,-12.1667]},"properties":{"id":"mutsamudu-comoros","name":"Mutsamudu, Comoros"}},{"type":"Feature","geometry":{"type":"Point","coordinates":[43.4891,-11.9235]},"properties":{"id":"chindini-comoros","name":"Chindini, Comoros"}},{"type":"Feature","geometry":{"type":"Point","coordinates":[166.489,-20.7059]},"properties":{"id":"mouly-new-caledonia","name":"Mouly, New Caledonia"}},{"type":"Feature","geometry":{"type":"Point","coordinates":[167.1513,-20.7809]},"properties":{"id":"xepenehe-new-caledonia","name":"Xepenehe, New Caledonia"}},{"type":"Feature","geometry":{"type":"Point","coordinates":[165.3416,-20.9459]},"properties":{"id":"poindimie-new-caledonia","name":"Poindimie, New Caledonia"}},{"type":"Feature","geometry":{"type":"Point","coordinates":[-27.2158,38.6585]},"properties":{"id":"angra-do-heroismo-portugal","name":"Angra do Heroismo, Portugal"}},{"type":"Feature","geometry":{"type":"Point","coordinates":[-25.1413,36.9568]},"properties":{"id":"vila-do-porto-portugal","name":"Vila do Porto, Portugal"}},{"type":"Feature","geometry":{"type":"Point","coordinates":[-28.4612,38.4323]},"properties":{"id":"sao-mateus-portugal","name":"Sao Mateus, Portugal"}},{"type":"Feature","geometry":{"type":"Point","coordinates":[-28.2132,38.6838]},"properties":{"id":"velas-portugal","name":"Velas, Portugal"}},{"type":"Feature","geometry":{"type":"Point","coordinates":[-16.3477,33.0473]},"properties":{"id":"porto-santo-portugal","name":"Porto Santo, Portugal"}},{"type":"Feature","geometry":{"type":"Point","coordinates":[-16.9089,32.6469]},"properties":{"id":"funchal-portugal","name":"Funchal, Portugal"}},{"type":"Feature","geometry":{"type":"Point","coordinates":[-60.9497,10.8311]},"properties":{"id":"toco-trinidad-and-tobago","name":"Toco, Trinidad and Tobago"}},{"type":"Feature","geometry":{"type":"Point","coordinates":[-60.8403,11.1654]},"properties":{"id":"pigeon-point-trinidad-and-tobago","name":"Pigeon Point, Trinidad and Tobago"}},{"type":"Feature","geometry":{"type":"Point","coordinates":[-72.6087,18.8646]},"properties":{"id":"kaliko-haiti","name":"Kaliko, Haiti"}},{"type":"Feature","geometry":{"type":"Point","coordinates":[-151.0001,-16.7301]},"properties":{"id":"huahine-french-polynesia","name":"Huahine, French Polynesia"}},{"type":"Feature","geometry":{"type":"Point","coordinates":[-149.8296,-17.5388]},"properties":{"id":"moorea-french-polynesia","name":"Moorea, French Polynesia"}},{"type":"Feature","geometry":{"type":"Point","coordinates":[-151.443,-16.7309]},"properties":{"id":"uturoa-french-polynesia","name":"Uturoa, French Polynesia"}},{"type":"Feature","geometry":{"type":"Point","coordinates":[120.623,14.0882]},"properties":{"id":"nasugbu-philippines","name":"Nasugbu, Philippines"}},{"type":"Feature","geometry":{"type":"Point","coordinates":[121.4645,13.0458]},"properties":{"id":"pinamalayan-philippines","name":"Pinamalayan, Philippines"}},{"type":"Feature","geometry":{"type":"Point","coordinates":[123.7437,13.1391]},"properties":{"id":"legazpi-city-philippines","name":"Legazpi City, Philippines"}},{"type":"Feature","geometry":{"type":"Point","coordinates":[124.6003,12.0699]},"properties":{"id":"calbayog-philippines","name":"Calbayog, Philippines"}},{"type":"Feature","geometry":{"type":"Point","coordinates":[124.6128,11.0069]},"properties":{"id":"ormoc-philippines","name":"Ormoc, Philippines"}},{"type":"Feature","geometry":{"type":"Point","coordinates":[123.8946,10.31]},"properties":{"id":"cebu-philippines","name":"Cebu, Philippines"}},{"type":"Feature","geometry":{"type":"Point","coordinates":[123.3,10.95]},"properties":{"id":"cadiz-city-philippines","name":"Cadiz City, Philippines"}},{"type":"Feature","geometry":{"type":"Point","coordinates":[123.85,8.15]},"properties":{"id":"ozamiz-city-philippines","name":"Ozamiz City, Philippines"}},{"type":"Feature","geometry":{"type":"Point","coordinates":[125.5406,8.9476]},"properties":{"id":"butuan-city-philippines","name":"Butuan City, Philippines"}},{"type":"Feature","geometry":{"type":"Point","coordinates":[121.9413,10.7488]},"properties":{"id":"san-jose-de-buenavista-philippines","name":"San Jose de Buenavista, Philippines"}},{"type":"Feature","geometry":{"type":"Point","coordinates":[-75.829,20.0288]},"properties":{"id":"santiago-de-cuba-cuba","name":"Santiago de Cuba, Cuba"}},{"type":"Feature","geometry":{"type":"Point","coordinates":[-9.2322,54.2068]},"properties":{"id":"killala-ireland","name":"Killala, Ireland"}},{"type":"Feature","geometry":{"type":"Point","coordinates":[-8.4728,51.8983]},"properties":{"id":"cork-ireland","name":"Cork, Ireland"}},{"type":"Feature","geometry":{"type":"Point","coordinates":[-53.9602,48.2076]},"properties":{"id":"milton-nl-canada","name":"Milton, NL, Canada"}},{"type":"Feature","geometry":{"type":"Point","coordinates":[-123.9626,45.2019]},"properties":{"id":"pacific-city-or-united-states","name":"Pacific City, OR, United States"}},{"type":"Feature","geometry":{"type":"Point","coordinates":[-122.9898,45.5229]},"properties":{"id":"hillsboro-or-united-states","name":"Hillsboro, OR, United States"}},{"type":"Feature","geometry":{"type":"Point","coordinates":[-3.6109,50.3188]},"properties":{"id":"blackpool-sands-united-kingdom","name":"Blackpool Sands, United Kingdom"}},{"type":"Feature","geometry":{"type":"Point","coordinates":[119.9076,-8.4756]},"properties":{"id":"labuan-bajo-indonesia","name":"Labuan Bajo, Indonesia"}},{"type":"Feature","geometry":{"type":"Point","coordinates":[118.9762,-8.5056]},"properties":{"id":"sape-indonesia","name":"Sape, Indonesia"}},{"type":"Feature","geometry":{"type":"Point","coordinates":[121.6427,-8.8457]},"properties":{"id":"ende-indonesia","name":"Ende, Indonesia"}},{"type":"Feature","geometry":{"type":"Point","coordinates":[118.7449,-8.4643]},"properties":{"id":"bima-indonesia","name":"Bima, Indonesia"}},{"type":"Feature","geometry":{"type":"Point","coordinates":[118.7118,-8.7969]},"properties":{"id":"saraemee-indonesia","name":"Saraemee, Indonesia"}},{"type":"Feature","geometry":{"type":"Point","coordinates":[25.0874,31.7608]},"properties":{"id":"el-quawef-libya","name":"El-Quawef, Libya"}},{"type":"Feature","geometry":{"type":"Point","coordinates":[-28.6476,38.5251]},"properties":{"id":"faial-portugal","name":"Faial, Portugal"}},{"type":"Feature","geometry":{"type":"Point","coordinates":[-27.9635,39.011]},"properties":{"id":"graciosa-portugal","name":"Graciosa, Portugal"}},{"type":"Feature","geometry":{"type":"Point","coordinates":[-31.1105,39.6719]},"properties":{"id":"corvo-portugal","name":"Corvo, Portugal"}},{"type":"Feature","geometry":{"type":"Point","coordinates":[-31.1285,39.4622]},"properties":{"id":"flores-portugal","name":"Flores, Portugal"}},{"type":"Feature","geometry":{"type":"Point","coordinates":[-15.4088,28.0406]},"properties":{"id":"piedra-santa-spain","name":"Piedra Santa, Spain"}},{"type":"Feature","geometry":{"type":"Point","coordinates":[-16.3624,28.3773]},"properties":{"id":"las-caletillas-spain","name":"Las Caletillas, Spain"}},{"type":"Feature","geometry":{"type":"Point","coordinates":[103.5066,10.63]},"properties":{"id":"sihanoukville-cambodia","name":"Sihanoukville, Cambodia"}},{"type":"Feature","geometry":{"type":"Point","coordinates":[-68.2767,12.1507]},"properties":{"id":"kralendijk-bonaire-netherlands","name":"Kralendijk, Bonaire, Netherlands"}},{"type":"Feature","geometry":{"type":"Point","coordinates":[-68.2841,12.1638]},"properties":{"id":"north-salina-bonaire-sint-eustatius-and-saba","name":"North Salina, Bonaire, Sint Eustatius and Saba"}},{"type":"Feature","geometry":{"type":"Point","coordinates":[79.8893,6.8204]},"properties":{"id":"ratmalana-sri-lanka","name":"Ratmalana, Sri Lanka"}},{"type":"Feature","geometry":{"type":"Point","coordinates":[116.0815,-8.5864]},"properties":{"id":"mataram-indonesia","name":"Mataram, Indonesia"}},{"type":"Feature","geometry":{"type":"Point","coordinates":[114.0971,-8.6156]},"properties":{"id":"beculuk-indonesia","name":"Beculuk, Indonesia"}},{"type":"Feature","geometry":{"type":"Point","coordinates":[119.3884,-1.1425]},"properties":{"id":"toweli-indonesia","name":"Toweli, Indonesia"}},{"type":"Feature","geometry":{"type":"Point","coordinates":[117.551,0.3269]},"properties":{"id":"sangata-indonesia","name":"Sangata, Indonesia"}},{"type":"Feature","geometry":{"type":"Point","coordinates":[111.7529,-2.8497]},"properties":{"id":"pankalan-indonesia","name":"Pankalan, Indonesia"}},{"type":"Feature","geometry":{"type":"Point","coordinates":[109.9719,-1.8591]},"properties":{"id":"ketapang-indonesia","name":"Ketapang, Indonesia"}},{"type":"Feature","geometry":{"type":"Point","coordinates":[114.604,-3.328]},"properties":{"id":"banjarmasin-indonesia","name":"Banjarmasin, Indonesia"}},{"type":"Feature","geometry":{"type":"Point","coordinates":[12.9167,55.5333]},"properties":{"id":"klagshamn-sweden","name":"Klagshamn, Sweden"}},{"type":"Feature","geometry":{"type":"Point","coordinates":[12.4149,55.6472]},"properties":{"id":"brondby-denmark","name":"Brondby, Denmark"}},{"type":"Feature","geometry":{"type":"Point","coordinates":[10.7995,55.3241]},"properties":{"id":"nybor-denmark","name":"Nybor, Denmark"}},{"type":"Feature","geometry":{"type":"Point","coordinates":[11.1494,55.3258]},"properties":{"id":"korsor-denmark","name":"Korsor, Denmark"}},{"type":"Feature","geometry":{"type":"Point","coordinates":[12.1324,54.0789]},"properties":{"id":"rostock-germany","name":"Rostock, Germany"}},{"type":"Feature","geometry":{"type":"Point","coordinates":[12.1495,54.1914]},"properties":{"id":"markgrafenheide-germany","name":"Markgrafenheide, Germany"}},{"type":"Feature","geometry":{"type":"Point","coordinates":[11.1993,57.3135]},"properties":{"id":"osterby-denmark","name":"Osterby, Denmark"}},{"type":"Feature","geometry":{"type":"Point","coordinates":[12.5886,56.1347]},"properties":{"id":"kristinelund-sweden","name":"Kristinelund, Sweden"}},{"type":"Feature","geometry":{"type":"Point","coordinates":[12.9638,55.4711]},"properties":{"id":"velling-sweden","name":"Velling, Sweden"}},{"type":"Feature","geometry":{"type":"Point","coordinates":[12.273,55.5759]},"properties":{"id":"mosede-denmark","name":"Mosede, Denmark"}},{"type":"Feature","geometry":{"type":"Point","coordinates":[145.6375,15.0111]},"properties":{"id":"tinian-northern-mariana-islands","name":"Tinian, Northern Mariana Islands"}},{"type":"Feature","geometry":{"type":"Point","coordinates":[145.7509,15.1777]},"properties":{"id":"saipan-northern-mariana-islands","name":"Saipan, Northern Mariana Islands"}},{"type":"Feature","geometry":{"type":"Point","coordinates":[145.2125,14.1518]},"properties":{"id":"rota-northern-mariana-islands","name":"Rota, Northern Mariana Islands"}},{"type":"Feature","geometry":{"type":"Point","coordinates":[-64.948,18.3357]},"properties":{"id":"vila-olga-virgin-islands-u-s-","name":"Vila Olga, Virgin Islands (U.S.)"}},{"type":"Feature","geometry":{"type":"Point","coordinates":[-64.9438,18.3282]},"properties":{"id":"banana-bay-virgin-islands-u-s-","name":"Banana Bay, Virgin Islands (U.S.)"}},{"type":"Feature","geometry":{"type":"Point","coordinates":[-64.9578,18.3128]},"properties":{"id":"flamingo-bay-virgin-islands-u-s-","name":"Flamingo Bay, Virgin Islands (U.S.)"}},{"type":"Feature","geometry":{"type":"Point","coordinates":[-64.5972,18.4148]},"properties":{"id":"tortola-virgin-islands-u-k-","name":"Tortola, Virgin Islands (U.K.)"}},{"type":"Feature","geometry":{"type":"Point","coordinates":[-64.8432,18.3225]},"properties":{"id":"great-bay-virgin-islands-u-s-","name":"Great Bay, Virgin Islands (U.S.)"}},{"type":"Feature","geometry":{"type":"Point","coordinates":[-64.9753,18.3424]},"properties":{"id":"brewers-bay-virgin-islands-u-s-","name":"Brewer's Bay, Virgin Islands (U.S.)"}},{"type":"Feature","geometry":{"type":"Point","coordinates":[-64.8194,17.7719]},"properties":{"id":"st-croix-virgin-islands-u-s-","name":"St. Croix, Virgin Islands (U.S.)"}},{"type":"Feature","geometry":{"type":"Point","coordinates":[-64.8815,17.7124]},"properties":{"id":"frederiksted-virgin-islands-u-s-","name":"Frederiksted, Virgin Islands (U.S.)"}},{"type":"Feature","geometry":{"type":"Point","coordinates":[-64.7032,17.7467]},"properties":{"id":"christiansted-vi-united-states","name":"Christiansted, VI, United States"}},{"type":"Feature","geometry":{"type":"Point","coordinates":[-5.8082,54.7137]},"properties":{"id":"carrickfergus-united-kingdom","name":"Carrickfergus, United Kingdom"}},{"type":"Feature","geometry":{"type":"Point","coordinates":[-4.7835,55.6376]},"properties":{"id":"saltcoats-united-kingdom","name":"Saltcoats, United Kingdom"}},{"type":"Feature","geometry":{"type":"Point","coordinates":[-4.4809,54.1503]},"properties":{"id":"douglas-isle-of-man","name":"Douglas, Isle of Man"}},{"type":"Feature","geometry":{"type":"Point","coordinates":[-5.5594,54.302]},"properties":{"id":"ballyhornan-united-kingdom","name":"Ballyhornan, United Kingdom"}},{"type":"Feature","geometry":{"type":"Point","coordinates":[-3.3571,54.2106]},"properties":{"id":"silecroft-beach-united-kingdom","name":"Silecroft Beach, United Kingdom"}},{"type":"Feature","geometry":{"type":"Point","coordinates":[-4.4239,54.167]},"properties":{"id":"groudle-bay-isle-of-man","name":"Groudle Bay, Isle of Man"}},{"type":"Feature","geometry":{"type":"Point","coordinates":[-4.6914,54.2224]},"properties":{"id":"peel-isle-of-man","name":"Peel, Isle of Man"}},{"type":"Feature","geometry":{"type":"Point","coordinates":[-5.4844,54.5427]},"properties":{"id":"ballywater-united-kingdom","name":"Ballywater, United Kingdom"}},{"type":"Feature","geometry":{"type":"Point","coordinates":[-4.5667,54.1]},"properties":{"id":"port-grenaugh-isle-of-man","name":"Port Grenaugh, Isle of Man"}},{"type":"Feature","geometry":{"type":"Point","coordinates":[73.0708,5.1032]},"properties":{"id":"eydhafushi-maldives","name":"Eydhafushi, Maldives"}},{"type":"Feature","geometry":{"type":"Point","coordinates":[72.9556,3.6081]},"properties":{"id":"dhangethi-maldives","name":"Dhangethi, Maldives"}},{"type":"Feature","geometry":{"type":"Point","coordinates":[73.5447,1.9184]},"properties":{"id":"gan-maldives","name":"Gan, Maldives"}},{"type":"Feature","geometry":{"type":"Point","coordinates":[73.4555,0.2888]},"properties":{"id":"gahdhoo-maldives","name":"Gahdhoo, Maldives"}},{"type":"Feature","geometry":{"type":"Point","coordinates":[73.0892,-0.606]},"properties":{"id":"hithadhoo-maldives","name":"Hithadhoo, Maldives"}},{"type":"Feature","geometry":{"type":"Point","coordinates":[73.4269,-0.2983]},"properties":{"id":"fuvahmulah-maldives","name":"Fuvahmulah, Maldives"}},{"type":"Feature","geometry":{"type":"Point","coordinates":[8.7816,-0.721]},"properties":{"id":"port-gentil-gabon","name":"Port Gentil, Gabon"}},{"type":"Feature","geometry":{"type":"Point","coordinates":[-6.1659,53.5263]},"properties":{"id":"lusk-ireland","name":"Lusk, Ireland"}},{"type":"Feature","geometry":{"type":"Point","coordinates":[23.9603,32.0796]},"properties":{"id":"tubruq-libya","name":"Tubruq, Libya"}},{"type":"Feature","geometry":{"type":"Point","coordinates":[21.7417,32.8817]},"properties":{"id":"al-bayda-libya","name":"Al Bayda, Libya"}},{"type":"Feature","geometry":{"type":"Point","coordinates":[20.95,32.7167]},"properties":{"id":"tolmeta-libya","name":"Tolmeta, Libya"}},{"type":"Feature","geometry":{"type":"Point","coordinates":[20.0668,32.1166]},"properties":{"id":"benghazi-libya","name":"Benghazi, Libya"}},{"type":"Feature","geometry":{"type":"Point","coordinates":[19.5765,30.3781]},"properties":{"id":"brega-libya","name":"Brega, Libya"}},{"type":"Feature","geometry":{"type":"Point","coordinates":[18.4119,30.5867]},"properties":{"id":"ras-lanuf-libya","name":"Ras Lanuf, Libya"}},{"type":"Feature","geometry":{"type":"Point","coordinates":[16.5883,31.2053]},"properties":{"id":"sirte-libya","name":"Sirte, Libya"}},{"type":"Feature","geometry":{"type":"Point","coordinates":[15.0948,32.3743]},"properties":{"id":"misrata-libya","name":"Misrata, Libya"}},{"type":"Feature","geometry":{"type":"Point","coordinates":[14.2644,32.6497]},"properties":{"id":"al-khums-libya","name":"Al Khums, Libya"}},{"type":"Feature","geometry":{"type":"Point","coordinates":[12.5298,32.7747]},"properties":{"id":"zawia-libya","name":"Zawia, Libya"}},{"type":"Feature","geometry":{"type":"Point","coordinates":[12.0834,32.9334]},"properties":{"id":"zuwara-libya","name":"Zuwara, Libya"}},{"type":"Feature","geometry":{"type":"Point","coordinates":[-118.3995,33.8622]},"properties":{"id":"hermosa-beach-ca-united-states","name":"Hermosa Beach, CA, United States"}},{"type":"Feature","geometry":{"type":"Point","coordinates":[146.1197,-38.8202]},"properties":{"id":"sandy-point-vic-australia","name":"Sandy Point, VIC, Australia"}},{"type":"Feature","geometry":{"type":"Point","coordinates":[146.8502,-41.0333]},"properties":{"id":"four-mile-bluff-tas-australia","name":"Four Mile Bluff, TAS, Australia"}},{"type":"Feature","geometry":{"type":"Point","coordinates":[147.0713,-38.4436]},"properties":{"id":"mcgaurans-beach-vic-australia","name":"McGaurans Beach, VIC, Australia"}},{"type":"Feature","geometry":{"type":"Point","coordinates":[145.2941,-40.7604]},"properties":{"id":"stanley-tas-australia","name":"Stanley, TAS, Australia"}},{"type":"Feature","geometry":{"type":"Point","coordinates":[145.7295,-38.6335]},"properties":{"id":"inverloch-vic-australia","name":"Inverloch, VIC, Australia"}},{"type":"Feature","geometry":{"type":"Point","coordinates":[145.6238,-40.9509]},"properties":{"id":"boat-harbour-tas-australia","name":"Boat Harbour, TAS, Australia"}},{"type":"Feature","geometry":{"type":"Point","coordinates":[-79.5667,8.95]},"properties":{"id":"balboa-panama","name":"Balboa, Panama"}},{"type":"Feature","geometry":{"type":"Point","coordinates":[-70.05,12.6166]},"properties":{"id":"hudishibana-aruba","name":"Hudishibana, Aruba"}},{"type":"Feature","geometry":{"type":"Point","coordinates":[4.7485,55.7156]},"properties":{"id":"tyra-denmark","name":"Tyra, Denmark"}},{"type":"Feature","geometry":{"type":"Point","coordinates":[4.5643,55.8041]},"properties":{"id":"valdemar-denmark","name":"Valdemar, Denmark"}},{"type":"Feature","geometry":{"type":"Point","coordinates":[4.2284,56.0783]},"properties":{"id":"south-arne-denmark","name":"South Arne, Denmark"}},{"type":"Feature","geometry":{"type":"Point","coordinates":[-7.1472,62.2899]},"properties":{"id":"tjornuvik-faroe-islands","name":"Tjornuvik, Faroe Islands"}},{"type":"Feature","geometry":{"type":"Point","coordinates":[-20.2673,63.4377]},"properties":{"id":"vestmannaeyjar-iceland","name":"Vestmannaeyjar, Iceland"}},{"type":"Feature","geometry":{"type":"Point","coordinates":[8.7386,41.9193]},"properties":{"id":"ajaccio-france","name":"Ajaccio, France"}},{"type":"Feature","geometry":{"type":"Point","coordinates":[5.8781,43.1029]},"properties":{"id":"la-seyne-france","name":"La Seyne, France"}},{"type":"Feature","geometry":{"type":"Point","coordinates":[8.9371,42.6365]},"properties":{"id":"lle-rousse-france","name":"L\u2019\u00cele-Rousse, France"}},{"type":"Feature","geometry":{"type":"Point","coordinates":[7.0174,43.5529]},"properties":{"id":"cannes-france","name":"Cannes, France"}},{"type":"Feature","geometry":{"type":"Point","coordinates":[-66.078,18.4599]},"properties":{"id":"condado-beach-pr-united-states","name":"Condado Beach, PR, United States"}},{"type":"Feature","geometry":{"type":"Point","coordinates":[12.5369,56.0749]},"properties":{"id":"alsgarde-denmark","name":"Alsgarde, Denmark"}},{"type":"Feature","geometry":{"type":"Point","coordinates":[7.9963,58.151]},"properties":{"id":"kristiansand-norway","name":"Kristiansand, Norway"}},{"type":"Feature","geometry":{"type":"Point","coordinates":[7.4272,43.7397]},"properties":{"id":"monte-carlo-monaco","name":"Monte Carlo, Monaco"}},{"type":"Feature","geometry":{"type":"Point","coordinates":[18.4857,40.1481]},"properties":{"id":"otranto-italy","name":"Otranto, Italy"}},{"type":"Feature","geometry":{"type":"Point","coordinates":[13.5202,45.4331]},"properties":{"id":"umag-croatia","name":"Umag, Croatia"}},{"type":"Feature","geometry":{"type":"Point","coordinates":[12.2441,45.4959]},"properties":{"id":"mestre-italy","name":"Mestre, Italy"}},{"type":"Feature","geometry":{"type":"Point","coordinates":[21.6164,63.0952]},"properties":{"id":"vaasa-finland","name":"Vaasa, Finland"}},{"type":"Feature","geometry":{"type":"Point","coordinates":[20.263,63.8259]},"properties":{"id":"ume-sweden","name":"Ume\u00e5, Sweden"}},{"type":"Feature","geometry":{"type":"Point","coordinates":[17.9465,58.9029]},"properties":{"id":"nynashamn-sweden","name":"Nynashamn, Sweden"}},{"type":"Feature","geometry":{"type":"Point","coordinates":[24.2766,59.4008]},"properties":{"id":"meremisa-estonia","name":"Merem\u00f6isa, Estonia"}},{"type":"Feature","geometry":{"type":"Point","coordinates":[16.0623,54.2599]},"properties":{"id":"mielno-poland","name":"Mielno, Poland"}},{"type":"Feature","geometry":{"type":"Point","coordinates":[14.9667,55.0126]},"properties":{"id":"gedebak-odde-denmark","name":"Gedebak Odde, Denmark"}},{"type":"Feature","geometry":{"type":"Point","coordinates":[18.8166,59.9834]},"properties":{"id":"vdd-sweden","name":"V\u00e4dd\u00f6, Sweden"}},{"type":"Feature","geometry":{"type":"Point","coordinates":[18.7013,59.7597]},"properties":{"id":"norrtalge-sweden","name":"Norrtalge, Sweden"}},{"type":"Feature","geometry":{"type":"Point","coordinates":[22.2592,60.4493]},"properties":{"id":"turku-finland","name":"Turku, Finland"}},{"type":"Feature","geometry":{"type":"Point","coordinates":[-69.9833,18.5]},"properties":{"id":"santo-domingo-dominican-republic","name":"Santo Domingo, Dominican Republic"}},{"type":"Feature","geometry":{"type":"Point","coordinates":[18.1064,42.6419]},"properties":{"id":"dubrovnik-croatia","name":"Dubrovnik, Croatia"}},{"type":"Feature","geometry":{"type":"Point","coordinates":[20.0154,39.6836]},"properties":{"id":"aethos-greece","name":"Aethos, Greece"}},{"type":"Feature","geometry":{"type":"Point","coordinates":[19.9195,39.6193]},"properties":{"id":"corfu-greece","name":"Corfu, Greece"}},{"type":"Feature","geometry":{"type":"Point","coordinates":[19.4501,41.3167]},"properties":{"id":"durres-albania","name":"Durres, Albania"}},{"type":"Feature","geometry":{"type":"Point","coordinates":[-59.6134,13.099]},"properties":{"id":"bridgetown-barbados","name":"Bridgetown, Barbados"}},{"type":"Feature","geometry":{"type":"Point","coordinates":[-61.0068,13.9942]},"properties":{"id":"castries-saint-lucia","name":"Castries, Saint Lucia"}},{"type":"Feature","geometry":{"type":"Point","coordinates":[-61.5331,16.241]},"properties":{"id":"pointe-a-pitre-guadeloupe","name":"Pointe-a-Pitre, Guadeloupe"}},{"type":"Feature","geometry":{"type":"Point","coordinates":[-61.3707,15.2518]},"properties":{"id":"roseau-dominica","name":"Roseau, Dominica"}},{"type":"Feature","geometry":{"type":"Point","coordinates":[-63.0572,18.2174]},"properties":{"id":"the-valley-anguilla","name":"The Valley, Anguilla"}},{"type":"Feature","geometry":{"type":"Point","coordinates":[-46.3281,-23.9618]},"properties":{"id":"santos-brazil","name":"Santos, Brazil"}},{"type":"Feature","geometry":{"type":"Point","coordinates":[9.1093,39.2153]},"properties":{"id":"cagliari-italy","name":"Cagliari, Italy"}},{"type":"Feature","geometry":{"type":"Point","coordinates":[11.7968,42.0911]},"properties":{"id":"civitavecchia-italy","name":"Civitavecchia, Italy"}},{"type":"Feature","geometry":{"type":"Point","coordinates":[9.4869,40.9225]},"properties":{"id":"olbia-italy","name":"Olbia, Italy"}},{"type":"Feature","geometry":{"type":"Point","coordinates":[50.3121,29.2458]},"properties":{"id":"khark-island-iran","name":"Khark Island, Iran"}},{"type":"Feature","geometry":{"type":"Point","coordinates":[49.4781,29.0725]},"properties":{"id":"soroosh-platform-iran","name":"Soroosh Platform, Iran"}},{"type":"Feature","geometry":{"type":"Point","coordinates":[56.258,25.617]},"properties":{"id":"diba-oman","name":"Diba, Oman"}},{"type":"Feature","geometry":{"type":"Point","coordinates":[121.9251,30.8647]},"properties":{"id":"nanhui-china","name":"Nanhui, China"}},{"type":"Feature","geometry":{"type":"Point","coordinates":[-80.0533,26.7154]},"properties":{"id":"west-palm-beach-fl-united-states","name":"West Palm Beach, FL, United States"}},{"type":"Feature","geometry":{"type":"Point","coordinates":[-64.9371,18.373]},"properties":{"id":"magens-bay-vi-united-states","name":"Magen\u2019s Bay, VI, United States"}},{"type":"Feature","geometry":{"type":"Point","coordinates":[35.9993,36.0823]},"properties":{"id":"samandag-turkey","name":"Samandag, Turkey"}},{"type":"Feature","geometry":{"type":"Point","coordinates":[33.2363,35.2991]},"properties":{"id":"girne-cyprus","name":"Girne, Cyprus"}},{"type":"Feature","geometry":{"type":"Point","coordinates":[32.9667,36.1]},"properties":{"id":"bozyazi-turkey","name":"Bozyazi, Turkey"}},{"type":"Feature","geometry":{"type":"Point","coordinates":[122.9499,14.1166]},"properties":{"id":"daet-philippines","name":"Daet, Philippines"}},{"type":"Feature","geometry":{"type":"Point","coordinates":[-3.5784,50.3517]},"properties":{"id":"dartmouth-united-kingdom","name":"Dartmouth, United Kingdom"}},{"type":"Feature","geometry":{"type":"Point","coordinates":[-2.2259,49.2157]},"properties":{"id":"st-ouens-bay-jersey","name":"St. Ouens Bay, Jersey"}},{"type":"Feature","geometry":{"type":"Point","coordinates":[-2.0213,49.2253]},"properties":{"id":"archirondel-jersey","name":"Archirondel, Jersey"}},{"type":"Feature","geometry":{"type":"Point","coordinates":[-1.65,49.2833]},"properties":{"id":"surville-france","name":"Surville, France"}},{"type":"Feature","geometry":{"type":"Point","coordinates":[-2.2014,49.2479]},"properties":{"id":"greve-de-lecq-jersey","name":"Greve de Lecq, Jersey"}},{"type":"Feature","geometry":{"type":"Point","coordinates":[-2.5295,49.451]},"properties":{"id":"havelet-bay-guernsey","name":"Havelet Bay, Guernsey"}},{"type":"Feature","geometry":{"type":"Point","coordinates":[-60.1296,46.2529]},"properties":{"id":"new-victoria-ns-canada","name":"New Victoria, NS, Canada"}},{"type":"Feature","geometry":{"type":"Point","coordinates":[-58.6866,47.6177]},"properties":{"id":"rose-blanche-nl-canada","name":"Rose Blanche, NL, Canada"}},{"type":"Feature","geometry":{"type":"Point","coordinates":[-2.5335,49.5034]},"properties":{"id":"lancresse-bay-guernsey","name":"L'Ancresse Bay, Guernsey"}},{"type":"Feature","geometry":{"type":"Point","coordinates":[-2.558,49.4233]},"properties":{"id":"saints-bay-guernsey","name":"Saints Bay, Guernsey"}},{"type":"Feature","geometry":{"type":"Point","coordinates":[-2.5376,49.5095]},"properties":{"id":"pembroke-guernsey","name":"Pembroke, Guernsey"}},{"type":"Feature","geometry":{"type":"Point","coordinates":[8.7834,3.7498]},"properties":{"id":"malabo-equatorial-guinea","name":"Malabo, Equatorial Guinea"}},{"type":"Feature","geometry":{"type":"Point","coordinates":[2.6052,39.5523]},"properties":{"id":"palma-spain","name":"Palma, Spain"}},{"type":"Feature","geometry":{"type":"Point","coordinates":[-17.7652,28.6632]},"properties":{"id":"santa-cruz-de-la-palma-canary-islands-spain","name":"Santa Cruz de La Palma, Canary Islands, Spain"}},{"type":"Feature","geometry":{"type":"Point","coordinates":[-16.5181,28.0591]},"properties":{"id":"granadilla-canary-islands-spain","name":"Granadilla, Canary Islands, Spain"}},{"type":"Feature","geometry":{"type":"Point","coordinates":[-77.8446,24.6898]},"properties":{"id":"fresh-creek-bahamas","name":"Fresh Creek, Bahamas"}},{"type":"Feature","geometry":{"type":"Point","coordinates":[-74.8405,23.6521]},"properties":{"id":"port-nelson-bahamas","name":"Port Nelson, Bahamas"}},{"type":"Feature","geometry":{"type":"Point","coordinates":[-75.788,23.5166]},"properties":{"id":"george-town-bahamas","name":"George Town, Bahamas"}},{"type":"Feature","geometry":{"type":"Point","coordinates":[-74.9662,23.0983]},"properties":{"id":"clarence-town-bahamas","name":"Clarence Town, Bahamas"}},{"type":"Feature","geometry":{"type":"Point","coordinates":[-74.5302,24.0525]},"properties":{"id":"cockburn-town-bahamas","name":"Cockburn Town, Bahamas"}},{"type":"Feature","geometry":{"type":"Point","coordinates":[-76.2406,25.1961]},"properties":{"id":"governors-harbor-bahamas","name":"Governors Harbor, Bahamas"}},{"type":"Feature","geometry":{"type":"Point","coordinates":[-75.7335,22.1833]},"properties":{"id":"duncan-town-bahamas","name":"Duncan Town, Bahamas"}},{"type":"Feature","geometry":{"type":"Point","coordinates":[-73.0641,22.4016]},"properties":{"id":"mayaguana-bahamas","name":"Mayaguana, Bahamas"}},{"type":"Feature","geometry":{"type":"Point","coordinates":[103.7042,1.2589]},"properties":{"id":"sakra-island-singapore","name":"Sakra Island, Singapore"}},{"type":"Feature","geometry":{"type":"Point","coordinates":[-120.6214,35.1206]},"properties":{"id":"grover-beach-ca-united-states","name":"Grover Beach, CA, United States"}},{"type":"Feature","geometry":{"type":"Point","coordinates":[140.6123,36.3836]},"properties":{"id":"ajigaura-japan","name":"Ajigaura, Japan"}},{"type":"Feature","geometry":{"type":"Point","coordinates":[-72.9123,40.7731]},"properties":{"id":"brookhaven-ny-united-states","name":"Brookhaven, NY, United States"}},{"type":"Feature","geometry":{"type":"Point","coordinates":[4.6569,52.4863]},"properties":{"id":"beverwijk-netherlands","name":"Beverwijk, Netherlands"}},{"type":"Feature","geometry":{"type":"Point","coordinates":[-5.6985,50.0785]},"properties":{"id":"whitesands-bay-united-kingdom","name":"Whitesands Bay, United Kingdom"}},{"type":"Feature","geometry":{"type":"Point","coordinates":[-80.1602,26.0102]},"properties":{"id":"hollywood-fl-united-states","name":"Hollywood, FL, United States"}},{"type":"Feature","geometry":{"type":"Point","coordinates":[-117.0382,32.5308]},"properties":{"id":"tijuana-mexico","name":"Tijuana, Mexico"}},{"type":"Feature","geometry":{"type":"Point","coordinates":[-73.3441,40.9095]},"properties":{"id":"northport-ny-united-states","name":"Northport, NY, United States"}},{"type":"Feature","geometry":{"type":"Point","coordinates":[-120.8472,35.3667]},"properties":{"id":"morro-bay-ca-united-states","name":"Morro Bay, CA, United States"}},{"type":"Feature","geometry":{"type":"Point","coordinates":[-155.8221,20.0231]},"properties":{"id":"spencer-beach-hi-united-states","name":"Spencer Beach, HI, United States"}},{"type":"Feature","geometry":{"type":"Point","coordinates":[174.6234,-36.7888]},"properties":{"id":"whenuapai-new-zealand","name":"Whenuapai, New Zealand"}},{"type":"Feature","geometry":{"type":"Point","coordinates":[-38.543,-3.7188]},"properties":{"id":"fortaleza-brazil","name":"Fortaleza, Brazil"}},{"type":"Feature","geometry":{"type":"Point","coordinates":[-54.9502,-34.9004]},"properties":{"id":"maldonado-uruguay","name":"Maldonado, Uruguay"}},{"type":"Feature","geometry":{"type":"Point","coordinates":[-79.5467,8.9341]},"properties":{"id":"fort-amador-panama","name":"Fort Amador, Panama"}},{"type":"Feature","geometry":{"type":"Point","coordinates":[-123.6869,38.9692]},"properties":{"id":"manchester-ca-united-states","name":"Manchester, CA, United States"}},{"type":"Feature","geometry":{"type":"Point","coordinates":[-5.6545,50.043]},"properties":{"id":"porthcurno-united-kingdom","name":"Porthcurno, United Kingdom"}},{"type":"Feature","geometry":{"type":"Point","coordinates":[-5.1459,36.4271]},"properties":{"id":"estepona-spain","name":"Estepona, Spain"}},{"type":"Feature","geometry":{"type":"Point","coordinates":[29.8898,31.1919]},"properties":{"id":"alexandria-egypt","name":"Alexandria, Egypt"}},{"type":"Feature","geometry":{"type":"Point","coordinates":[56.3337,25.1217]},"properties":{"id":"fujairah-united-arab-emirates","name":"Fujairah, United Arab Emirates"}},{"type":"Feature","geometry":{"type":"Point","coordinates":[100.363,5.3536]},"properties":{"id":"penang-malaysia","name":"Penang, Malaysia"}},{"type":"Feature","geometry":{"type":"Point","coordinates":[139.6207,35.144]},"properties":{"id":"miura-japan","name":"Miura, Japan"}},{"type":"Feature","geometry":{"type":"Point","coordinates":[-73.6559,40.6003]},"properties":{"id":"island-park-ny-united-states","name":"Island Park, NY, United States"}},{"type":"Feature","geometry":{"type":"Point","coordinates":[114.184,22.2494]},"properties":{"id":"deep-water-bay-china","name":"Deep Water Bay, China"}},{"type":"Feature","geometry":{"type":"Point","coordinates":[113.561,22.1561]},"properties":{"id":"taipa-china","name":"Taipa, China"}},{"type":"Feature","geometry":{"type":"Point","coordinates":[108.2147,16.0516]},"properties":{"id":"danang-vietnam","name":"Danang, Vietnam"}},{"type":"Feature","geometry":{"type":"Point","coordinates":[-74.3379,39.6039]},"properties":{"id":"tuckerton-nj-united-states","name":"Tuckerton, NJ, United States"}},{"type":"Feature","geometry":{"type":"Point","coordinates":[-64.7695,32.3122]},"properties":{"id":"st-davids-bermuda","name":"St. David\u2019s, Bermuda"}},{"type":"Feature","geometry":{"type":"Point","coordinates":[-80.0889,26.3503]},"properties":{"id":"boca-raton-fl-united-states","name":"Boca Raton, FL, United States"}},{"type":"Feature","geometry":{"type":"Point","coordinates":[128.6212,34.8943]},"properties":{"id":"geoje-south-korea","name":"Geoje, South Korea"}},{"type":"Feature","geometry":{"type":"Point","coordinates":[95.6819,16.2822]},"properties":{"id":"pyapon-myanmar","name":"Pyapon, Myanmar"}},{"type":"Feature","geometry":{"type":"Point","coordinates":[76.2696,9.9381]},"properties":{"id":"cochin-india","name":"Cochin, India"}},{"type":"Feature","geometry":{"type":"Point","coordinates":[58.591,23.6151]},"properties":{"id":"muscat-oman","name":"Muscat, Oman"}},{"type":"Feature","geometry":{"type":"Point","coordinates":[28.2537,36.8552]},"properties":{"id":"marmaris-turkey","name":"Marmaris, Turkey"}},{"type":"Feature","geometry":{"type":"Point","coordinates":[-9.1028,38.4427]},"properties":{"id":"sesimbra-portugal","name":"Sesimbra, Portugal"}},{"type":"Feature","geometry":{"type":"Point","coordinates":[-4.3387,47.8113]},"properties":{"id":"penmarch-france","name":"Penmarch, France"}},{"type":"Feature","geometry":{"type":"Point","coordinates":[-5.1745,50.0248]},"properties":{"id":"goonhilly-downs-united-kingdom","name":"Goonhilly Downs, United Kingdom"}},{"type":"Feature","geometry":{"type":"Point","coordinates":[8.3834,54.8985]},"properties":{"id":"sylt-germany","name":"Sylt, Germany"}},{"type":"Feature","geometry":{"type":"Point","coordinates":[-6.0872,36.2766]},"properties":{"id":"conil-spain","name":"Conil, Spain"}},{"type":"Feature","geometry":{"type":"Point","coordinates":[-77.3403,25.067]},"properties":{"id":"nassau-bahamas","name":"Nassau, Bahamas"}},{"type":"Feature","geometry":{"type":"Point","coordinates":[-74.195,22.6297]},"properties":{"id":"crooked-island-bahamas","name":"Crooked Island, Bahamas"}},{"type":"Feature","geometry":{"type":"Point","coordinates":[-72.1202,21.8511]},"properties":{"id":"providenciales-turks-and-caicos-islands","name":"Providenciales, Turks and Caicos Islands"}},{"type":"Feature","geometry":{"type":"Point","coordinates":[-68.4383,18.6213]},"properties":{"id":"punta-cana-dominican-republic","name":"Punta Cana, Dominican Republic"}},{"type":"Feature","geometry":{"type":"Point","coordinates":[-70.6912,19.7993]},"properties":{"id":"puerto-plata-dominican-republic","name":"Puerto Plata, Dominican Republic"}},{"type":"Feature","geometry":{"type":"Point","coordinates":[-72.9527,11.4829]},"properties":{"id":"riohacha-colombia","name":"Riohacha, Colombia"}},{"type":"Feature","geometry":{"type":"Point","coordinates":[-83.7715,11.9918]},"properties":{"id":"bluefields-nicaragua","name":"Bluefields, Nicaragua"}},{"type":"Feature","geometry":{"type":"Point","coordinates":[-83.7768,15.2612]},"properties":{"id":"puerto-lempira-honduras","name":"Puerto Lempira, Honduras"}},{"type":"Feature","geometry":{"type":"Point","coordinates":[-85.9548,15.9152]},"properties":{"id":"trujillo-honduras","name":"Trujillo, Honduras"}},{"type":"Feature","geometry":{"type":"Point","coordinates":[-87.9461,15.8448]},"properties":{"id":"puerto-cortes-honduras","name":"Puerto Cortes, Honduras"}},{"type":"Feature","geometry":{"type":"Point","coordinates":[-88.5972,15.7271]},"properties":{"id":"puerto-barrios-guatemala","name":"Puerto Barrios, Guatemala"}},{"type":"Feature","geometry":{"type":"Point","coordinates":[-158.1306,21.354]},"properties":{"id":"kahe-point-hi-united-states","name":"Kahe Point, HI, United States"}},{"type":"Feature","geometry":{"type":"Point","coordinates":[-69.8787,12.4141]},"properties":{"id":"baby-beach-aruba","name":"Baby Beach, Aruba"}},{"type":"Feature","geometry":{"type":"Point","coordinates":[-63.574,44.6458]},"properties":{"id":"halifax-ns-canada","name":"Halifax, NS, Canada"}},{"type":"Feature","geometry":{"type":"Point","coordinates":[-70.9503,42.4637]},"properties":{"id":"lynn-ma-united-states","name":"Lynn, MA, United States"}},{"type":"Feature","geometry":{"type":"Point","coordinates":[-6.2483,53.348]},"properties":{"id":"dublin-ireland","name":"Dublin, Ireland"}},{"type":"Feature","geometry":{"type":"Point","coordinates":[-3.0064,53.6479]},"properties":{"id":"southport-united-kingdom","name":"Southport, United Kingdom"}},{"type":"Feature","geometry":{"type":"Point","coordinates":[-66.1067,18.4658]},"properties":{"id":"san-juan-pr-united-states","name":"San Juan, PR, United States"}},{"type":"Feature","geometry":{"type":"Point","coordinates":[-90.8222,13.9346]},"properties":{"id":"puerto-san-jose-guatemala","name":"Puerto San Jose, Guatemala"}},{"type":"Feature","geometry":{"type":"Point","coordinates":[-83.0377,9.9886]},"properties":{"id":"puerto-limon-costa-rica","name":"Puerto Limon, Costa Rica"}},{"type":"Feature","geometry":{"type":"Point","coordinates":[-80.3943,27.6384]},"properties":{"id":"vero-beach-fl-united-states","name":"Vero Beach, FL, United States"}},{"type":"Feature","geometry":{"type":"Point","coordinates":[-78.8029,26.5396]},"properties":{"id":"eight-mile-rock-bahamas","name":"Eight-Mile Rock, Bahamas"}},{"type":"Feature","geometry":{"type":"Point","coordinates":[-106.4219,23.1995]},"properties":{"id":"mazatln-mexico","name":"Mazatl\u00e1n, Mexico"}},{"type":"Feature","geometry":{"type":"Point","coordinates":[-83.3939,14.0216]},"properties":{"id":"puerto-cabezas-nicaragua","name":"Puerto Cabezas, Nicaragua"}},{"type":"Feature","geometry":{"type":"Point","coordinates":[144.8093,13.5491]},"properties":{"id":"tanguisson-point-guam","name":"Tanguisson Point, Guam"}},{"type":"Feature","geometry":{"type":"Point","coordinates":[-124.4082,43.1186]},"properties":{"id":"bandon-or-united-states","name":"Bandon, OR, United States"}},{"type":"Feature","geometry":{"type":"Point","coordinates":[-61.0943,14.6155]},"properties":{"id":"le-lamentin-martinique","name":"Le Lamentin, Martinique"}},{"type":"Feature","geometry":{"type":"Point","coordinates":[-66.0829,18.4534]},"properties":{"id":"miramar-pr-united-states","name":"Miramar, PR, United States"}},{"type":"Feature","geometry":{"type":"Point","coordinates":[-70.2043,11.7088]},"properties":{"id":"punto-fijo-venezuela","name":"Punto Fijo, Venezuela"}},{"type":"Feature","geometry":{"type":"Point","coordinates":[-69.6778,11.4028]},"properties":{"id":"coro-venezuela","name":"Coro, Venezuela"}},{"type":"Feature","geometry":{"type":"Point","coordinates":[-68.0096,10.4781]},"properties":{"id":"puerto-cabello-venezuela","name":"Puerto Cabello, Venezuela"}},{"type":"Feature","geometry":{"type":"Point","coordinates":[-66.8782,10.6065]},"properties":{"id":"camuri-venezuela","name":"Camuri, Venezuela"}},{"type":"Feature","geometry":{"type":"Point","coordinates":[-64.6449,10.2025]},"properties":{"id":"puerto-la-cruz-venezuela","name":"Puerto La Cruz, Venezuela"}},{"type":"Feature","geometry":{"type":"Point","coordinates":[-64.1821,10.4543]},"properties":{"id":"cuman-venezuela","name":"Cuman\u00e1, Venezuela"}},{"type":"Feature","geometry":{"type":"Point","coordinates":[-63.8476,10.9553]},"properties":{"id":"porlamar-venezuela","name":"Porlamar, Venezuela"}},{"type":"Feature","geometry":{"type":"Point","coordinates":[-63.2505,10.6668]},"properties":{"id":"carpano-venezuela","name":"Car\u00fapano, Venezuela"}},{"type":"Feature","geometry":{"type":"Point","coordinates":[-71.5984,10.6882]},"properties":{"id":"maracaibo-venezuela","name":"Maracaibo, Venezuela"}},{"type":"Feature","geometry":{"type":"Point","coordinates":[-71.4511,10.396]},"properties":{"id":"cabimas-venezuela","name":"Cabimas, Venezuela"}},{"type":"Feature","geometry":{"type":"Point","coordinates":[-68.2845,10.9286]},"properties":{"id":"chichiriviche-venezuela","name":"Chichiriviche, Venezuela"}},{"type":"Feature","geometry":{"type":"Point","coordinates":[-66.0981,10.4803]},"properties":{"id":"higuerote-venezuela","name":"Higuerote, Venezuela"}},{"type":"Feature","geometry":{"type":"Point","coordinates":[-61.5167,10.6498]},"properties":{"id":"port-of-spain-trinidad-and-tobago","name":"Port of Spain, Trinidad and Tobago"}},{"type":"Feature","geometry":{"type":"Point","coordinates":[-75.5259,24.4033]},"properties":{"id":"cat-island-bahamas","name":"Cat Island, Bahamas"}},{"type":"Feature","geometry":{"type":"Point","coordinates":[151.2287,-33.8821]},"properties":{"id":"paddington-nsw-australia","name":"Paddington, NSW, Australia"}},{"type":"Feature","geometry":{"type":"Point","coordinates":[151.2451,-33.7374]},"properties":{"id":"oxford-falls-nsw-australia","name":"Oxford Falls, NSW, Australia"}},{"type":"Feature","geometry":{"type":"Point","coordinates":[144.8006,13.5136]},"properties":{"id":"tumon-bay-guam","name":"Tumon Bay, Guam"}},{"type":"Feature","geometry":{"type":"Point","coordinates":[15.0674,37.5116]},"properties":{"id":"catania-italy","name":"Catania, Italy"}},{"type":"Feature","geometry":{"type":"Point","coordinates":[34.9988,32.8114]},"properties":{"id":"haifa-israel","name":"Haifa, Israel"}},{"type":"Feature","geometry":{"type":"Point","coordinates":[39.7258,43.6155]},"properties":{"id":"sochi-russia","name":"Sochi, Russia"}},{"type":"Feature","geometry":{"type":"Point","coordinates":[41.6676,42.1508]},"properties":{"id":"poti-georgia","name":"Poti, Georgia"}},{"type":"Feature","geometry":{"type":"Point","coordinates":[-148.6847,60.7729]},"properties":{"id":"whittier-ak-united-states","name":"Whittier, AK, United States"}},{"type":"Feature","geometry":{"type":"Point","coordinates":[-146.3533,61.1304]},"properties":{"id":"valdez-ak-united-states","name":"Valdez, AK, United States"}},{"type":"Feature","geometry":{"type":"Point","coordinates":[-134.4069,58.2995]},"properties":{"id":"juneau-ak-united-states","name":"Juneau, AK, United States"}},{"type":"Feature","geometry":{"type":"Point","coordinates":[55.3084,25.2693]},"properties":{"id":"dubai-united-arab-emirates","name":"Dubai, United Arab Emirates"}},{"type":"Feature","geometry":{"type":"Point","coordinates":[-3.4599,48.7303]},"properties":{"id":"lannion-france","name":"Lannion, France"}},{"type":"Feature","geometry":{"type":"Point","coordinates":[-72.8722,40.8003]},"properties":{"id":"shirley-ny-united-states","name":"Shirley, NY, United States"}},{"type":"Feature","geometry":{"type":"Point","coordinates":[-74.047,40.1233]},"properties":{"id":"manasquan-nj-united-states","name":"Manasquan, NJ, United States"}},{"type":"Feature","geometry":{"type":"Point","coordinates":[113.9321,22.2274]},"properties":{"id":"tong-fuk-china","name":"Tong Fuk, China"}},{"type":"Feature","geometry":{"type":"Point","coordinates":[-72.9378,40.7555]},"properties":{"id":"bellport-ny-united-states","name":"Bellport, NY, United States"}},{"type":"Feature","geometry":{"type":"Point","coordinates":[-67.03,10.6112]},"properties":{"id":"puerto-viejo-venezuela","name":"Puerto Viejo, Venezuela"}},{"type":"Feature","geometry":{"type":"Point","coordinates":[-81.1668,19.283]},"properties":{"id":"half-moon-bay-cayman-islands","name":"Half Moon Bay, Cayman Islands"}},{"type":"Feature","geometry":{"type":"Point","coordinates":[-5.6751,50.0636]},"properties":{"id":"skewjack-united-kingdom","name":"Skewjack, United Kingdom"}},{"type":"Feature","geometry":{"type":"Point","coordinates":[-68.8966,12.0953]},"properties":{"id":"willemstad-curaao","name":"Willemstad, Cura\u00e7ao"}},{"type":"Feature","geometry":{"type":"Point","coordinates":[5.5244,59.2793]},"properties":{"id":"krst-norway","name":"K\u00e5rst\u00f8, Norway"}},{"type":"Feature","geometry":{"type":"Point","coordinates":[1.7292,52.4714]},"properties":{"id":"lowestoft-united-kingdom","name":"Lowestoft, United Kingdom"}},{"type":"Feature","geometry":{"type":"Point","coordinates":[37.7728,44.7236]},"properties":{"id":"novorossiysk-russia","name":"Novorossiysk, Russia"}},{"type":"Feature","geometry":{"type":"Point","coordinates":[-134.7473,58.5509]},"properties":{"id":"lena-point-ak-united-states","name":"Lena Point, AK, United States"}},{"type":"Feature","geometry":{"type":"Point","coordinates":[11.929,54.5763]},"properties":{"id":"gedser-denmark","name":"Gedser, Denmark"}},{"type":"Feature","geometry":{"type":"Point","coordinates":[22.738,59.0009]},"properties":{"id":"krdla-estonia","name":"K\u00e4rdla, Estonia"}},{"type":"Feature","geometry":{"type":"Point","coordinates":[18.6883,59.2928]},"properties":{"id":"stavsnas-sweden","name":"Stavsnas, Sweden"}},{"type":"Feature","geometry":{"type":"Point","coordinates":[-15.7,27.9995]},"properties":{"id":"alta-vista-canary-islands-spain","name":"Alta Vista, Canary Islands, Spain"}},{"type":"Feature","geometry":{"type":"Point","coordinates":[2.4399,6.3566]},"properties":{"id":"cotonou-benin","name":"Cotonou, Benin"}},{"type":"Feature","geometry":{"type":"Point","coordinates":[13.3723,-8.7767]},"properties":{"id":"cacuaco-angola","name":"Cacuaco, Angola"}},{"type":"Feature","geometry":{"type":"Point","coordinates":[18.4458,-33.7272]},"properties":{"id":"melkbosstrand-south-africa","name":"Melkbosstrand, South Africa"}},{"type":"Feature","geometry":{"type":"Point","coordinates":[9.7063,4.0471]},"properties":{"id":"douala-cameroon","name":"Douala, Cameroon"}},{"type":"Feature","geometry":{"type":"Point","coordinates":[57.4854,-20.474]},"properties":{"id":"baie-jacotet-mauritius","name":"Baie Jacotet, Mauritius"}},{"type":"Feature","geometry":{"type":"Point","coordinates":[55.2791,-21.0002]},"properties":{"id":"saint-paul-runion","name":"Saint Paul, R\u00e9union"}},{"type":"Feature","geometry":{"type":"Point","coordinates":[-79.9,9.3537]},"properties":{"id":"colon-panama","name":"Colon, Panama"}},{"type":"Feature","geometry":{"type":"Point","coordinates":[15.5749,54.1723]},"properties":{"id":"kolobrzeg-poland","name":"Kolobrzeg, Poland"}},{"type":"Feature","geometry":{"type":"Point","coordinates":[13.8283,55.4313]},"properties":{"id":"ystad-sweden","name":"Ystad, Sweden"}},{"type":"Feature","geometry":{"type":"Point","coordinates":[-6.5841,52.1746]},"properties":{"id":"kilmore-quay-ireland","name":"Kilmore Quay, Ireland"}},{"type":"Feature","geometry":{"type":"Point","coordinates":[-5.6987,50.0761]},"properties":{"id":"sennen-cove-united-kingdom","name":"Sennen Cove, United Kingdom"}},{"type":"Feature","geometry":{"type":"Point","coordinates":[-6.2154,53.3314]},"properties":{"id":"sandymount-ireland","name":"Sandymount, Ireland"}},{"type":"Feature","geometry":{"type":"Point","coordinates":[140.0168,35.0358]},"properties":{"id":"wada-japan","name":"Wada, Japan"}},{"type":"Feature","geometry":{"type":"Point","coordinates":[-122.3159,47.824]},"properties":{"id":"lynnwood-wa-united-states","name":"Lynnwood, WA, United States"}},{"type":"Feature","geometry":{"type":"Point","coordinates":[137.3916,34.7691]},"properties":{"id":"toyohashi-japan","name":"Toyohashi, Japan"}},{"type":"Feature","geometry":{"type":"Point","coordinates":[14.9922,55.0309]},"properties":{"id":"pedersker-denmark","name":"Pedersker, Denmark"}},{"type":"Feature","geometry":{"type":"Point","coordinates":[24.7524,59.4362]},"properties":{"id":"tallinn-estonia","name":"Tallinn, Estonia"}},{"type":"Feature","geometry":{"type":"Point","coordinates":[140.0611,35.0624]},"properties":{"id":"emi-japan","name":"Emi, Japan"}},{"type":"Feature","geometry":{"type":"Point","coordinates":[-4.1696,51.5578]},"properties":{"id":"oxwich-bay-united-kingdom","name":"Oxwich Bay, United Kingdom"}},{"type":"Feature","geometry":{"type":"Point","coordinates":[-80.1624,25.9329]},"properties":{"id":"north-miami-beach-fl-united-states","name":"North Miami Beach, FL, United States"}},{"type":"Feature","geometry":{"type":"Point","coordinates":[18.8453,57.431]},"properties":{"id":"katthammarsvik-sweden","name":"Katthammarsvik, Sweden"}},{"type":"Feature","geometry":{"type":"Point","coordinates":[130.4016,33.5903]},"properties":{"id":"fukuoka-japan","name":"Fukuoka, Japan"}},{"type":"Feature","geometry":{"type":"Point","coordinates":[-77.453,25.0685]},"properties":{"id":"caves-point-bahamas","name":"Caves Point, Bahamas"}},{"type":"Feature","geometry":{"type":"Point","coordinates":[-76.7877,25.4078]},"properties":{"id":"current-bahamas","name":"Current, Bahamas"}},{"type":"Feature","geometry":{"type":"Point","coordinates":[-77.3995,26.0252]},"properties":{"id":"sandy-point-bahamas","name":"Sandy Point, Bahamas"}},{"type":"Feature","geometry":{"type":"Point","coordinates":[-2.975,51.2222]},"properties":{"id":"highbridge-united-kingdom","name":"Highbridge, United Kingdom"}},{"type":"Feature","geometry":{"type":"Point","coordinates":[-2.9462,43.2683]},"properties":{"id":"bilbao-spain","name":"Bilbao, Spain"}},{"type":"Feature","geometry":{"type":"Point","coordinates":[-16.5386,28.0467]},"properties":{"id":"el-mdano-canary-islands-spain","name":"El M\u00e9dano, Canary Islands, Spain"}},{"type":"Feature","geometry":{"type":"Point","coordinates":[-87.4636,20.2126]},"properties":{"id":"tulum-mexico","name":"Tulum, Mexico"}},{"type":"Feature","geometry":{"type":"Point","coordinates":[-66.0169,18.4416]},"properties":{"id":"isla-verde-pr-united-states","name":"Isla Verde, PR, United States"}},{"type":"Feature","geometry":{"type":"Point","coordinates":[-78.7368,26.5169]},"properties":{"id":"hawksbill-bahamas","name":"Hawksbill, Bahamas"}},{"type":"Feature","geometry":{"type":"Point","coordinates":[-88.1816,17.4955]},"properties":{"id":"belize-city-belize","name":"Belize City, Belize"}},{"type":"Feature","geometry":{"type":"Point","coordinates":[28.4999,59.7999]},"properties":{"id":"logi-russia","name":"Logi, Russia"}},{"type":"Feature","geometry":{"type":"Point","coordinates":[-66.9603,10.5994]},"properties":{"id":"maiquetia-venezuela","name":"Maiquetia, Venezuela"}},{"type":"Feature","geometry":{"type":"Point","coordinates":[2.9014,36.8002]},"properties":{"id":"el-djamila-algeria","name":"El Djamila, Algeria"}},{"type":"Feature","geometry":{"type":"Point","coordinates":[2.9127,51.2311]},"properties":{"id":"ostend-belgium","name":"Ostend, Belgium"}},{"type":"Feature","geometry":{"type":"Point","coordinates":[-6.9281,62.2441]},"properties":{"id":"funningsfjordur-faroe-islands","name":"Funningsfjordur, Faroe Islands"}},{"type":"Feature","geometry":{"type":"Point","coordinates":[-14.018,65.2513]},"properties":{"id":"seydisfjordur-iceland","name":"Seydisfjordur, Iceland"}},{"type":"Feature","geometry":{"type":"Point","coordinates":[-2.7681,48.5347]},"properties":{"id":"plerin-france","name":"Plerin, France"}},{"type":"Feature","geometry":{"type":"Point","coordinates":[23.7363,37.9761]},"properties":{"id":"athens-greece","name":"Athens, Greece"}},{"type":"Feature","geometry":{"type":"Point","coordinates":[2.971,39.3545]},"properties":{"id":"ses-covetes-spain","name":"Ses Covetes, Spain"}},{"type":"Feature","geometry":{"type":"Point","coordinates":[131.032,33.8393]},"properties":{"id":"kita-kyushu-japan","name":"Kita-kyushu, Japan"}},{"type":"Feature","geometry":{"type":"Point","coordinates":[-3.3462,58.6153]},"properties":{"id":"dunnet-bay-united-kingdom","name":"Dunnet Bay, United Kingdom"}},{"type":"Feature","geometry":{"type":"Point","coordinates":[-122.3022,47.8862]},"properties":{"id":"harbour-pointe-wa-united-states","name":"Harbour Pointe, WA, United States"}},{"type":"Feature","geometry":{"type":"Point","coordinates":[50.5211,29.5707]},"properties":{"id":"ganaveh-iran","name":"Ganaveh, Iran"}},{"type":"Feature","geometry":{"type":"Point","coordinates":[43.6631,-23.3548]},"properties":{"id":"toliara-madagascar","name":"Toliara, Madagascar"}},{"type":"Feature","geometry":{"type":"Point","coordinates":[-63.0737,18.031]},"properties":{"id":"saint-maarten-sint-maarten","name":"Saint Maarten, Sint Maarten"}},{"type":"Feature","geometry":{"type":"Point","coordinates":[13.1873,32.8773]},"properties":{"id":"tripoli-libya","name":"Tripoli, Libya"}},{"type":"Feature","geometry":{"type":"Point","coordinates":[52.4203,25.6686]},"properties":{"id":"halul-island-qatar","name":"Halul Island, Qatar"}},{"type":"Feature","geometry":{"type":"Point","coordinates":[52.866,25.1526]},"properties":{"id":"das-island-united-arab-emirates","name":"Das Island, United Arab Emirates"}},{"type":"Feature","geometry":{"type":"Point","coordinates":[14.4881,35.8987]},"properties":{"id":"msida-malta","name":"Msida, Malta"}},{"type":"Feature","geometry":{"type":"Point","coordinates":[33.6036,34.8285]},"properties":{"id":"pentaskhinos-cyprus","name":"Pentaskhinos, Cyprus"}},{"type":"Feature","geometry":{"type":"Point","coordinates":[35.4852,33.8925]},"properties":{"id":"beirut-lebanon","name":"Beirut, Lebanon"}},{"type":"Feature","geometry":{"type":"Point","coordinates":[35.8978,34.8917]},"properties":{"id":"tartous-syria","name":"Tartous, Syria"}},{"type":"Feature","geometry":{"type":"Point","coordinates":[57.7974,25.6812]},"properties":{"id":"jask-iran","name":"Jask, Iran"}},{"type":"Feature","geometry":{"type":"Point","coordinates":[35.8591,34.4394]},"properties":{"id":"trablous-lebanon","name":"Trablous, Lebanon"}},{"type":"Feature","geometry":{"type":"Point","coordinates":[35.3863,33.4502]},"properties":{"id":"saida-lebanon","name":"Saida, Lebanon"}},{"type":"Feature","geometry":{"type":"Point","coordinates":[-76.6667,17.9497]},"properties":{"id":"bull-bay-jamaica","name":"Bull Bay, Jamaica"}},{"type":"Feature","geometry":{"type":"Point","coordinates":[-79.8776,19.6903]},"properties":{"id":"cayman-brac-cayman-islands","name":"Cayman Brac, Cayman Islands"}},{"type":"Feature","geometry":{"type":"Point","coordinates":[0.3667,50.819]},"properties":{"id":"pevensey-bay-united-kingdom","name":"Pevensey Bay, United Kingdom"}},{"type":"Feature","geometry":{"type":"Point","coordinates":[1.4934,50.1788]},"properties":{"id":"cayeux-sur-mer-france","name":"Cayeux-sur-Mer, France"}},{"type":"Feature","geometry":{"type":"Point","coordinates":[1.4394,51.3589]},"properties":{"id":"broadstairs-united-kingdom","name":"Broadstairs, United Kingdom"}},{"type":"Feature","geometry":{"type":"Point","coordinates":[11.2125,54.4961]},"properties":{"id":"puttgarden-germany","name":"Puttgarden, Germany"}},{"type":"Feature","geometry":{"type":"Point","coordinates":[11.3587,54.6631]},"properties":{"id":"rodbyhavn-denmark","name":"Rodbyhavn, Denmark"}},{"type":"Feature","geometry":{"type":"Point","coordinates":[14.38,35.9341]},"properties":{"id":"balluta-bay-malta","name":"Balluta Bay, Malta"}},{"type":"Feature","geometry":{"type":"Point","coordinates":[-149.4431,60.1122]},"properties":{"id":"seward-ak-united-states","name":"Seward, AK, United States"}},{"type":"Feature","geometry":{"type":"Point","coordinates":[-123.9239,46.1651]},"properties":{"id":"warrenton-or-united-states","name":"Warrenton, OR, United States"}},{"type":"Feature","geometry":{"type":"Point","coordinates":[79.872,6.9267]},"properties":{"id":"colombo-sri-lanka","name":"Colombo, Sri Lanka"}},{"type":"Feature","geometry":{"type":"Point","coordinates":[9.8674,37.2763]},"properties":{"id":"bizerte-tunisia","name":"Bizerte, Tunisia"}},{"type":"Feature","geometry":{"type":"Point","coordinates":[7.7554,36.9023]},"properties":{"id":"annaba-algeria","name":"Annaba, Algeria"}},{"type":"Feature","geometry":{"type":"Point","coordinates":[102.2209,2.2732]},"properties":{"id":"melaka-malaysia","name":"Melaka, Malaysia"}},{"type":"Feature","geometry":{"type":"Point","coordinates":[78.1451,8.8022]},"properties":{"id":"tuticorine-india","name":"Tuticorine, India"}},{"type":"Feature","geometry":{"type":"Point","coordinates":[21.57,57.3895]},"properties":{"id":"ventspils-latvia","name":"Ventspils, Latvia"}},{"type":"Feature","geometry":{"type":"Point","coordinates":[19.0553,57.863]},"properties":{"id":"farosund-sweden","name":"Farosund, Sweden"}},{"type":"Feature","geometry":{"type":"Point","coordinates":[47.9765,29.3699]},"properties":{"id":"al-safat-kuwait","name":"Al Safat, Kuwait"}},{"type":"Feature","geometry":{"type":"Point","coordinates":[58.1761,23.6847]},"properties":{"id":"al-seeb-oman","name":"Al Seeb, Oman"}},{"type":"Feature","geometry":{"type":"Point","coordinates":[56.2468,26.1813]},"properties":{"id":"khasab-oman","name":"Khasab, Oman"}},{"type":"Feature","geometry":{"type":"Point","coordinates":[52.1824,16.2104]},"properties":{"id":"al-ghaydah-yemen","name":"Al Ghaydah, Yemen"}},{"type":"Feature","geometry":{"type":"Point","coordinates":[43.0085,14.6856]},"properties":{"id":"al-hudaydah-yemen","name":"Al Hudaydah, Yemen"}},{"type":"Feature","geometry":{"type":"Point","coordinates":[19.924,39.7538]},"properties":{"id":"kokkini-greece","name":"Kokkini, Greece"}},{"type":"Feature","geometry":{"type":"Point","coordinates":[16.8667,41.1255]},"properties":{"id":"bari-italy","name":"Bari, Italy"}},{"type":"Feature","geometry":{"type":"Point","coordinates":[73.4999,4.1663]},"properties":{"id":"male-maldives","name":"Male, Maldives"}},{"type":"Feature","geometry":{"type":"Point","coordinates":[76.9702,8.7981]},"properties":{"id":"trivendrum-india","name":"Trivendrum, India"}},{"type":"Feature","geometry":{"type":"Point","coordinates":[-84.4543,9.5259]},"properties":{"id":"unqui-costa-rica","name":"Unqui, Costa Rica"}},{"type":"Feature","geometry":{"type":"Point","coordinates":[-6.0358,35.4708]},"properties":{"id":"asilah-morocco","name":"Asilah, Morocco"}},{"type":"Feature","geometry":{"type":"Point","coordinates":[120.3426,36.0871]},"properties":{"id":"qingdao-china","name":"Qingdao, China"}},{"type":"Feature","geometry":{"type":"Point","coordinates":[-123.9401,45.6437]},"properties":{"id":"nedonna-beach-or-united-states","name":"Nedonna Beach, OR, United States"}},{"type":"Feature","geometry":{"type":"Point","coordinates":[-75.7124,19.9636]},"properties":{"id":"siboney-cuba","name":"Siboney, Cuba"}},{"type":"Feature","geometry":{"type":"Point","coordinates":[-66.8896,10.6032]},"properties":{"id":"la-guaira-venezuela","name":"La Guaira, Venezuela"}},{"type":"Feature","geometry":{"type":"Point","coordinates":[-80.0677,26.3781]},"properties":{"id":"spanish-river-park-fl-united-states","name":"Spanish River Park, FL, United States"}},{"type":"Feature","geometry":{"type":"Point","coordinates":[-77.822,26.9125]},"properties":{"id":"crown-haven-bahamas","name":"Crown Haven, Bahamas"}},{"type":"Feature","geometry":{"type":"Point","coordinates":[-78.1517,26.7031]},"properties":{"id":"riding-point-bahamas","name":"Riding Point, Bahamas"}},{"type":"Feature","geometry":{"type":"Point","coordinates":[-0.642,35.7016]},"properties":{"id":"oran-algeria","name":"Oran, Algeria"}},{"type":"Feature","geometry":{"type":"Point","coordinates":[141.8592,46.6844]},"properties":{"id":"nevelsk-russia","name":"Nevelsk, Russia"}},{"type":"Feature","geometry":{"type":"Point","coordinates":[-149.8584,61.2175]},"properties":{"id":"anchorage-ak-united-states","name":"Anchorage, AK, United States"}},{"type":"Feature","geometry":{"type":"Point","coordinates":[-151.5443,59.6464]},"properties":{"id":"homer-ak-united-states","name":"Homer, AK, United States"}},{"type":"Feature","geometry":{"type":"Point","coordinates":[-151.2598,60.5529]},"properties":{"id":"kenai-ak-united-states","name":"Kenai, AK, United States"}},{"type":"Feature","geometry":{"type":"Point","coordinates":[147.8815,45.0867]},"properties":{"id":"kurilsk-russia","name":"Kurilsk, Russia"}},{"type":"Feature","geometry":{"type":"Point","coordinates":[145.8586,44.0345]},"properties":{"id":"yuzhno-kurilsk-russia","name":"Yuzhno Kurilsk, Russia"}},{"type":"Feature","geometry":{"type":"Point","coordinates":[146.7472,43.7936]},"properties":{"id":"krabozavodskoye-russia","name":"Krabozavodskoye, Russia"}},{"type":"Feature","geometry":{"type":"Point","coordinates":[-152.3292,57.4268]},"properties":{"id":"narrow-cape-ak-united-states","name":"Narrow Cape, AK, United States"}},{"type":"Feature","geometry":{"type":"Point","coordinates":[138.2422,37.1697]},"properties":{"id":"naoetsu-japan","name":"Naoetsu, Japan"}},{"type":"Feature","geometry":{"type":"Point","coordinates":[1.4393,51.3586]},"properties":{"id":"dumpton-gap-united-kingdom","name":"Dumpton Gap, United Kingdom"}},{"type":"Feature","geometry":{"type":"Point","coordinates":[2.9619,51.2464]},"properties":{"id":"bredene-belgium","name":"Bredene, Belgium"}},{"type":"Feature","geometry":{"type":"Point","coordinates":[12.0762,57.4875]},"properties":{"id":"kungsbacka-sweden","name":"Kungsbacka, Sweden"}},{"type":"Feature","geometry":{"type":"Point","coordinates":[12.6959,56.0438]},"properties":{"id":"helsingborg-sweden","name":"Helsingborg, Sweden"}},{"type":"Feature","geometry":{"type":"Point","coordinates":[10.5166,57.3308]},"properties":{"id":"saeby-denmark","name":"Saeby, Denmark"}},{"type":"Feature","geometry":{"type":"Point","coordinates":[12.5922,56.0304]},"properties":{"id":"helsingr-denmark","name":"Helsing\u00f8r, Denmark"}},{"type":"Feature","geometry":{"type":"Point","coordinates":[12.6702,55.5935]},"properties":{"id":"dragor-denmark","name":"Dragor, Denmark"}},{"type":"Feature","geometry":{"type":"Point","coordinates":[12.9187,55.5568]},"properties":{"id":"bunkeflostand-sweden","name":"Bunkeflostand, Sweden"}},{"type":"Feature","geometry":{"type":"Point","coordinates":[12.5456,55.722]},"properties":{"id":"tuborg-denmark","name":"Tuborg, Denmark"}},{"type":"Feature","geometry":{"type":"Point","coordinates":[12.9554,55.7704]},"properties":{"id":"barsebck-sweden","name":"Barseb\u00e4ck, Sweden"}},{"type":"Feature","geometry":{"type":"Point","coordinates":[-6.5588,52.1841]},"properties":{"id":"ballygrangans-ireland","name":"Ballygrangans, Ireland"}},{"type":"Feature","geometry":{"type":"Point","coordinates":[-6.3649,52.4015]},"properties":{"id":"ballinesker-ireland","name":"Ballinesker, Ireland"}},{"type":"Feature","geometry":{"type":"Point","coordinates":[-3.0508,53.8087]},"properties":{"id":"blackpool-united-kingdom","name":"Blackpool, United Kingdom"}},{"type":"Feature","geometry":{"type":"Point","coordinates":[-80.9144,-2.2729]},"properties":{"id":"punta-carnero-ecuador","name":"Punta Carnero, Ecuador"}},{"type":"Feature","geometry":{"type":"Point","coordinates":[-158.242,21.5488]},"properties":{"id":"keawaula-hi-united-states","name":"Keawaula, HI, United States"}},{"type":"Feature","geometry":{"type":"Point","coordinates":[-81.0538,-4.154]},"properties":{"id":"mancora-peru","name":"Mancora, Peru"}},{"type":"Feature","geometry":{"type":"Point","coordinates":[-25.6688,37.7392]},"properties":{"id":"ponta-delgada-portugal","name":"Ponta Delgada, Portugal"}},{"type":"Feature","geometry":{"type":"Point","coordinates":[12.5136,38.018]},"properties":{"id":"trapani-italy","name":"Trapani, Italy"}},{"type":"Feature","geometry":{"type":"Point","coordinates":[11.0899,36.8493]},"properties":{"id":"kelibia-tunisia","name":"Kelibia, Tunisia"}},{"type":"Feature","geometry":{"type":"Point","coordinates":[107.0792,10.3418]},"properties":{"id":"vung-tau-vietnam","name":"Vung Tau, Vietnam"}},{"type":"Feature","geometry":{"type":"Point","coordinates":[-120.6627,35.285]},"properties":{"id":"san-luis-obispo-ca-united-states","name":"San Luis Obispo, CA, United States"}},{"type":"Feature","geometry":{"type":"Point","coordinates":[121.514,18.4094]},"properties":{"id":"ballesteros-philippines","name":"Ballesteros, Philippines"}},{"type":"Feature","geometry":{"type":"Point","coordinates":[-76.1843,17.9184]},"properties":{"id":"morant-point-jamaica","name":"Morant Point, Jamaica"}},{"type":"Feature","geometry":{"type":"Point","coordinates":[145.7848,-5.2337]},"properties":{"id":"madang-papua-new-guinea","name":"Madang, Papua New Guinea"}},{"type":"Feature","geometry":{"type":"Point","coordinates":[141.2999,-2.6897]},"properties":{"id":"vanimo-papua-new-guinea","name":"Vanimo, Papua New Guinea"}},{"type":"Feature","geometry":{"type":"Point","coordinates":[143.6583,-3.58]},"properties":{"id":"wewak-papua-new-guinea","name":"Wewak, Papua New Guinea"}},{"type":"Feature","geometry":{"type":"Point","coordinates":[147.279,-2.035]},"properties":{"id":"lorengau-papua-new-guinea","name":"Lorengau, Papua New Guinea"}},{"type":"Feature","geometry":{"type":"Point","coordinates":[150.8086,-2.5781]},"properties":{"id":"kavieng-papua-new-guinea","name":"Kavieng, Papua New Guinea"}},{"type":"Feature","geometry":{"type":"Point","coordinates":[152.2746,-4.3423]},"properties":{"id":"kokopo-papua-new-guinea","name":"Kokopo, Papua New Guinea"}},{"type":"Feature","geometry":{"type":"Point","coordinates":[150.1387,-5.5512]},"properties":{"id":"kimbe-papua-new-guinea","name":"Kimbe, Papua New Guinea"}},{"type":"Feature","geometry":{"type":"Point","coordinates":[155.5678,-6.2256]},"properties":{"id":"arawa-papua-new-guinea","name":"Arawa, Papua New Guinea"}},{"type":"Feature","geometry":{"type":"Point","coordinates":[146.993,-6.7428]},"properties":{"id":"lae-papua-new-guinea","name":"Lae, Papua New Guinea"}},{"type":"Feature","geometry":{"type":"Point","coordinates":[148.2935,-8.6045]},"properties":{"id":"popondetta-papua-new-guinea","name":"Popondetta, Papua New Guinea"}},{"type":"Feature","geometry":{"type":"Point","coordinates":[150.4588,-10.3157]},"properties":{"id":"alotau-papua-new-guinea","name":"Alotau, Papua New Guinea"}},{"type":"Feature","geometry":{"type":"Point","coordinates":[145.7717,-7.9637]},"properties":{"id":"kerema-papua-new-guinea","name":"Kerema, Papua New Guinea"}},{"type":"Feature","geometry":{"type":"Point","coordinates":[143.21,-9.0782]},"properties":{"id":"daru-papua-new-guinea","name":"Daru, Papua New Guinea"}},{"type":"Feature","geometry":{"type":"Point","coordinates":[35.8591,34.4394]},"properties":{"id":"tripoli-lebanon","name":"Tripoli, Lebanon"}},{"type":"Feature","geometry":{"type":"Point","coordinates":[60.6296,25.2982]},"properties":{"id":"chabahar-iran","name":"Chabahar, Iran"}},{"type":"Feature","geometry":{"type":"Point","coordinates":[56.2744,27.1872]},"properties":{"id":"bandar-abbas-iran","name":"Bandar Abbas, Iran"}},{"type":"Feature","geometry":{"type":"Point","coordinates":[-149.4411,-17.5123]},"properties":{"id":"papenoo-french-polynesia","name":"Papenoo, French Polynesia"}},{"type":"Feature","geometry":{"type":"Point","coordinates":[-6.6762,55.1307]},"properties":{"id":"coleraine-united-kingdom","name":"Coleraine, United Kingdom"}},{"type":"Feature","geometry":{"type":"Point","coordinates":[43.2434,-11.7007]},"properties":{"id":"moroni-comoros","name":"Moroni, Comoros"}},{"type":"Feature","geometry":{"type":"Point","coordinates":[21.0824,56.0283]},"properties":{"id":"sventoji-lithuania","name":"Sventoji, Lithuania"}},{"type":"Feature","geometry":{"type":"Point","coordinates":[-73.6831,20.9505]},"properties":{"id":"matthew-town-bahamas","name":"Matthew Town, Bahamas"}},{"type":"Feature","geometry":{"type":"Point","coordinates":[-72.3431,18.5427]},"properties":{"id":"port-au-prince-haiti","name":"Port-au-Prince, Haiti"}},{"type":"Feature","geometry":{"type":"Point","coordinates":[-118.388,33.8445]},"properties":{"id":"redondo-beach-ca-united-states","name":"Redondo Beach, CA, United States"}},{"type":"Feature","geometry":{"type":"Point","coordinates":[-76.4461,18.1763]},"properties":{"id":"port-antonio-jamaica","name":"Port Antonio, Jamaica"}},{"type":"Feature","geometry":{"type":"Point","coordinates":[-78.3483,18.2787]},"properties":{"id":"negril-jamaica","name":"Negril, Jamaica"}},{"type":"Feature","geometry":{"type":"Point","coordinates":[-77.8484,18.0237]},"properties":{"id":"black-river-jamaica","name":"Black River, Jamaica"}},{"type":"Feature","geometry":{"type":"Point","coordinates":[168.3228,-17.7303]},"properties":{"id":"port-vila-vanuatu","name":"Port Vila, Vanuatu"}},{"type":"Feature","geometry":{"type":"Point","coordinates":[12.6833,56.6832]},"properties":{"id":"skalvik-sweden","name":"Skalvik, Sweden"}},{"type":"Feature","geometry":{"type":"Point","coordinates":[10.967,57.2723]},"properties":{"id":"vestero-denmark","name":"Vestero, Denmark"}},{"type":"Feature","geometry":{"type":"Point","coordinates":[10.5146,57.2448]},"properties":{"id":"lyngsa-denmark","name":"Lyngsa, Denmark"}},{"type":"Feature","geometry":{"type":"Point","coordinates":[-3.0276,53.2017]},"properties":{"id":"deeside-clwyd-united-kingdom","name":"Deeside Clwyd, United Kingdom"}},{"type":"Feature","geometry":{"type":"Point","coordinates":[-6.1979,53.4101]},"properties":{"id":"clonshaugh-ireland","name":"Clonshaugh, Ireland"}},{"type":"Feature","geometry":{"type":"Point","coordinates":[-4.3334,60.3331]},"properties":{"id":"glen-lyon-united-kingdom","name":"Glen Lyon, United Kingdom"}},{"type":"Feature","geometry":{"type":"Point","coordinates":[29.7025,31.0718]},"properties":{"id":"abu-talat-egypt","name":"Abu Talat, Egypt"}},{"type":"Feature","geometry":{"type":"Point","coordinates":[28.1674,43.4143]},"properties":{"id":"balchik-bulgaria","name":"Balchik, Bulgaria"}},{"type":"Feature","geometry":{"type":"Point","coordinates":[-124.0998,43.9821]},"properties":{"id":"florence-or-united-states","name":"Florence, OR, United States"}},{"type":"Feature","geometry":{"type":"Point","coordinates":[-151.2917,60.6898]},"properties":{"id":"nikiski-ak-united-states","name":"Nikiski, AK, United States"}},{"type":"Feature","geometry":{"type":"Point","coordinates":[-51.73,64.1811]},"properties":{"id":"nuuk-greenland","name":"Nuuk, Greenland"}},{"type":"Feature","geometry":{"type":"Point","coordinates":[-46.0354,60.7189]},"properties":{"id":"qaqortoq-greenland","name":"Qaqortoq, Greenland"}},{"type":"Feature","geometry":{"type":"Point","coordinates":[-20.1423,63.6422]},"properties":{"id":"landeyjar-iceland","name":"Landeyjar, Iceland"}},{"type":"Feature","geometry":{"type":"Point","coordinates":[-132.3838,56.4708]},"properties":{"id":"wrangell-ak-united-states","name":"Wrangell, AK, United States"}},{"type":"Feature","geometry":{"type":"Point","coordinates":[-132.97,56.8076]},"properties":{"id":"petersburg-ak-united-states","name":"Petersburg, AK, United States"}},{"type":"Feature","geometry":{"type":"Point","coordinates":[-134.7418,58.1281]},"properties":{"id":"hawk-inlet-ak-united-states","name":"Hawk Inlet, AK, United States"}},{"type":"Feature","geometry":{"type":"Point","coordinates":[-134.5823,57.5018]},"properties":{"id":"angoon-ak-united-states","name":"Angoon, AK, United States"}},{"type":"Feature","geometry":{"type":"Point","coordinates":[-135.3344,57.0529]},"properties":{"id":"sitka-ak-united-states","name":"Sitka, AK, United States"}},{"type":"Feature","geometry":{"type":"Point","coordinates":[14.4156,35.9505]},"properties":{"id":"st-pauls-bay-malta","name":"St. Paul's Bay, Malta"}},{"type":"Feature","geometry":{"type":"Point","coordinates":[-2.5237,57.6669]},"properties":{"id":"banff-united-kingdom","name":"Banff, United Kingdom"}},{"type":"Feature","geometry":{"type":"Point","coordinates":[-6.7718,62.0175]},"properties":{"id":"torshavn-faroe-islands","name":"Torshavn, Faroe Islands"}},{"type":"Feature","geometry":{"type":"Point","coordinates":[-2.9001,58.8333]},"properties":{"id":"ayre-of-cara-united-kingdom","name":"Ayre of Cara, United Kingdom"}},{"type":"Feature","geometry":{"type":"Point","coordinates":[-1.2387,59.996]},"properties":{"id":"sandwick-united-kingdom","name":"Sandwick, United Kingdom"}},{"type":"Feature","geometry":{"type":"Point","coordinates":[-1.3238,60.004]},"properties":{"id":"maywick-united-kingdom","name":"Maywick, United Kingdom"}},{"type":"Feature","geometry":{"type":"Point","coordinates":[120.8201,14.2863]},"properties":{"id":"cavite-philippines","name":"Cavite, Philippines"}},{"type":"Feature","geometry":{"type":"Point","coordinates":[121.3832,25.15]},"properties":{"id":"pa-li-taiwan","name":"Pa Li, Taiwan"}},{"type":"Feature","geometry":{"type":"Point","coordinates":[126.3916,36.5763]},"properties":{"id":"shindu-ri-south-korea","name":"Shindu-Ri, South Korea"}},{"type":"Feature","geometry":{"type":"Point","coordinates":[114.2587,22.3183]},"properties":{"id":"tseung-kwan-o-china","name":"Tseung Kwan O, China"}},{"type":"Feature","geometry":{"type":"Point","coordinates":[7.4176,43.7326]},"properties":{"id":"monaco-monaco","name":"Monaco, Monaco"}},{"type":"Feature","geometry":{"type":"Point","coordinates":[-5.3477,36.1559]},"properties":{"id":"gibraltar-gibraltar","name":"Gibraltar, Gibraltar"}},{"type":"Feature","geometry":{"type":"Point","coordinates":[103.9597,1.1335]},"properties":{"id":"tanjung-pinggir-indonesia","name":"Tanjung Pinggir, Indonesia"}},{"type":"Feature","geometry":{"type":"Point","coordinates":[103.1477,1.6771]},"properties":{"id":"rengit-malaysia","name":"Rengit, Malaysia"}},{"type":"Feature","geometry":{"type":"Point","coordinates":[14.4588,35.9341]},"properties":{"id":"bahar-ic-caghaq-malta","name":"Bahar ic-Caghaq, Malta"}},{"type":"Feature","geometry":{"type":"Point","coordinates":[14.8539,36.7337]},"properties":{"id":"pozzallo-italy","name":"Pozzallo, Italy"}},{"type":"Feature","geometry":{"type":"Point","coordinates":[-71.6459,41.4119]},"properties":{"id":"charlestown-ri-united-states","name":"Charlestown, RI, United States"}},{"type":"Feature","geometry":{"type":"Point","coordinates":[-64.7887,32.2805]},"properties":{"id":"paget-bermuda","name":"Paget, Bermuda"}},{"type":"Feature","geometry":{"type":"Point","coordinates":[-56.3754,5.8866]},"properties":{"id":"totness-suriname","name":"Totness, Suriname"}},{"type":"Feature","geometry":{"type":"Point","coordinates":[-61.5549,16.243]},"properties":{"id":"jarry-guadeloupe","name":"Jarry, Guadeloupe"}},{"type":"Feature","geometry":{"type":"Point","coordinates":[-61.7139,16.0289]},"properties":{"id":"baillif-guadeloupe","name":"Baillif, Guadeloupe"}},{"type":"Feature","geometry":{"type":"Point","coordinates":[-63.0501,18.0928]},"properties":{"id":"saint-martin-saint-martin","name":"Saint Martin, Saint Martin"}},{"type":"Feature","geometry":{"type":"Point","coordinates":[-62.8334,17.9001]},"properties":{"id":"saint-barthelemy-saint-barthlemy","name":"Saint Barthelemy, Saint Barth\u00e9lemy"}},{"type":"Feature","geometry":{"type":"Point","coordinates":[-59.6127,13.0788]},"properties":{"id":"needhams-point-barbados","name":"Needham\u2019s Point, Barbados"}},{"type":"Feature","geometry":{"type":"Point","coordinates":[-60.9886,14.0356]},"properties":{"id":"rodney-bay-saint-lucia","name":"Rodney Bay, Saint Lucia"}},{"type":"Feature","geometry":{"type":"Point","coordinates":[-61.8579,17.0515]},"properties":{"id":"st-johns-antigua-and-barbuda","name":"St. John\u2019s, Antigua and Barbuda"}},{"type":"Feature","geometry":{"type":"Point","coordinates":[-61.8469,17.1596]},"properties":{"id":"dickenson-bay-antigua-and-barbuda","name":"Dickenson Bay, Antigua and Barbuda"}},{"type":"Feature","geometry":{"type":"Point","coordinates":[-61.3848,15.3033]},"properties":{"id":"canefield-dominica","name":"Canefield, Dominica"}},{"type":"Feature","geometry":{"type":"Point","coordinates":[-9.1074,38.6423]},"properties":{"id":"seixal-portugal","name":"Seixal, Portugal"}},{"type":"Feature","geometry":{"type":"Point","coordinates":[171.1857,7.1162]},"properties":{"id":"majuro-marshall-islands","name":"Majuro, Marshall Islands"}},{"type":"Feature","geometry":{"type":"Point","coordinates":[167.4244,9.1898]},"properties":{"id":"kwajalein-marshall-islands","name":"Kwajalein, Marshall Islands"}},{"type":"Feature","geometry":{"type":"Point","coordinates":[159.0703,7.7864]},"properties":{"id":"pohnpei-micronesia","name":"Pohnpei, Micronesia"}},{"type":"Feature","geometry":{"type":"Point","coordinates":[-170.6957,-14.2765]},"properties":{"id":"pago-pago-american-samoa","name":"Pago Pago, American Samoa"}},{"type":"Feature","geometry":{"type":"Point","coordinates":[104.1331,1.1732]},"properties":{"id":"tanjung-bemban-indonesia","name":"Tanjung Bemban, Indonesia"}},{"type":"Feature","geometry":{"type":"Point","coordinates":[21.0113,56.5082]},"properties":{"id":"liepaja-latvia","name":"Liepaja, Latvia"}},{"type":"Feature","geometry":{"type":"Point","coordinates":[19.9379,60.1138]},"properties":{"id":"mariehamn-finland","name":"Mariehamn, Finland"}},{"type":"Feature","geometry":{"type":"Point","coordinates":[22.3021,60.301]},"properties":{"id":"haradsholm-finland","name":"Haradsholm, Finland"}},{"type":"Feature","geometry":{"type":"Point","coordinates":[49.4003,-18.1462]},"properties":{"id":"toamasina-madagascar","name":"Toamasina, Madagascar"}},{"type":"Feature","geometry":{"type":"Point","coordinates":[55.5499,-20.8974]},"properties":{"id":"sainte-marie-runion","name":"Sainte Marie, R\u00e9union"}},{"type":"Feature","geometry":{"type":"Point","coordinates":[57.5101,-20.0778]},"properties":{"id":"terre-rouge-mauritius","name":"Terre Rouge, Mauritius"}},{"type":"Feature","geometry":{"type":"Point","coordinates":[-15.9783,18.0839]},"properties":{"id":"nouakchott-mauritania","name":"Nouakchott, Mauritania"}},{"type":"Feature","geometry":{"type":"Point","coordinates":[-16.5814,13.4559]},"properties":{"id":"banjul-gambia","name":"Banjul, Gambia"}},{"type":"Feature","geometry":{"type":"Point","coordinates":[-13.7038,9.5136]},"properties":{"id":"conakry-guinea","name":"Conakry, Guinea"}},{"type":"Feature","geometry":{"type":"Point","coordinates":[-13.2381,8.4853]},"properties":{"id":"freetown-sierra-leone","name":"Freetown, Sierra Leone"}},{"type":"Feature","geometry":{"type":"Point","coordinates":[-10.7972,6.3001]},"properties":{"id":"monrovia-liberia","name":"Monrovia, Liberia"}},{"type":"Feature","geometry":{"type":"Point","coordinates":[1.2278,6.126]},"properties":{"id":"lome-togo","name":"Lome, Togo"}},{"type":"Feature","geometry":{"type":"Point","coordinates":[-15.3987,27.9594]},"properties":{"id":"el-goro-canary-islands-spain","name":"El Goro, Canary Islands, Spain"}},{"type":"Feature","geometry":{"type":"Point","coordinates":[118.3071,24.4761]},"properties":{"id":"guningtou-taiwan","name":"Guningtou, Taiwan"}},{"type":"Feature","geometry":{"type":"Point","coordinates":[118.2897,24.4555]},"properties":{"id":"lake-ci-taiwan","name":"Lake Ci, Taiwan"}},{"type":"Feature","geometry":{"type":"Point","coordinates":[9.7682,1.8601]},"properties":{"id":"bata-equatorial-guinea","name":"Bata, Equatorial Guinea"}},{"type":"Feature","geometry":{"type":"Point","coordinates":[118.301,24.5567]},"properties":{"id":"dadeng-island-china","name":"Dadeng Island, China"}},{"type":"Feature","geometry":{"type":"Point","coordinates":[118.189,24.4939]},"properties":{"id":"guanyin-mountain-china","name":"Guanyin Mountain, China"}},{"type":"Feature","geometry":{"type":"Point","coordinates":[-4.6304,53.306]},"properties":{"id":"holyhead-united-kingdom","name":"Holyhead, United Kingdom"}},{"type":"Feature","geometry":{"type":"Point","coordinates":[50.8427,28.97]},"properties":{"id":"bushehr-iran","name":"Bushehr, Iran"}},{"type":"Feature","geometry":{"type":"Point","coordinates":[16.5532,68.735]},"properties":{"id":"breivika-norway","name":"Breivika, Norway"}},{"type":"Feature","geometry":{"type":"Point","coordinates":[15.6488,78.2185]},"properties":{"id":"longyearbyen-svalbard-norway","name":"Longyearbyen, Svalbard, Norway"}},{"type":"Feature","geometry":{"type":"Point","coordinates":[119.3032,26.0711]},"properties":{"id":"fuzhou-china","name":"Fuzhou, China"}},{"type":"Feature","geometry":{"type":"Point","coordinates":[18.1555,-33.3482]},"properties":{"id":"yzerfontein-south-africa","name":"Yzerfontein, South Africa"}},{"type":"Feature","geometry":{"type":"Point","coordinates":[14.5281,-22.6783]},"properties":{"id":"swakopmund-namibia","name":"Swakopmund, Namibia"}},{"type":"Feature","geometry":{"type":"Point","coordinates":[9.2085,4.0145]},"properties":{"id":"limbe-cameroon","name":"Limbe, Cameroon"}},{"type":"Feature","geometry":{"type":"Point","coordinates":[-0.377,39.4683]},"properties":{"id":"valencia-spain","name":"Valencia, Spain"}},{"type":"Feature","geometry":{"type":"Point","coordinates":[13.235,-8.8129]},"properties":{"id":"luanda-angola","name":"Luanda, Angola"}},{"type":"Feature","geometry":{"type":"Point","coordinates":[9.9104,2.9329]},"properties":{"id":"kribi-cameroon","name":"Kribi, Cameroon"}},{"type":"Feature","geometry":{"type":"Point","coordinates":[22.6392,32.7636]},"properties":{"id":"derna-libya","name":"Derna, Libya"}},{"type":"Feature","geometry":{"type":"Point","coordinates":[-76.7169,17.9497]},"properties":{"id":"harbour-view-jamaica","name":"Harbour View, Jamaica"}},{"type":"Feature","geometry":{"type":"Point","coordinates":[-70.1618,18.699]},"properties":{"id":"haina-dominican-republic","name":"Haina, Dominican Republic"}},{"type":"Feature","geometry":{"type":"Point","coordinates":[-64.5972,18.4148]},"properties":{"id":"nanny-cay-virgin-islands-u-k-","name":"Nanny Cay, Virgin Islands (U.K.)"}},{"type":"Feature","geometry":{"type":"Point","coordinates":[39.7,-4.0505]},"properties":{"id":"nyali-kenya","name":"Nyali, Kenya"}},{"type":"Feature","geometry":{"type":"Point","coordinates":[45.1659,-12.8171]},"properties":{"id":"kaweni-mayotte","name":"Kaweni, Mayotte"}},{"type":"Feature","geometry":{"type":"Point","coordinates":[50.5758,26.229]},"properties":{"id":"amwaj-island-bahrain","name":"Amwaj Island, Bahrain"}},{"type":"Feature","geometry":{"type":"Point","coordinates":[51.5194,25.2943]},"properties":{"id":"al-kheesa-qatar","name":"Al-Kheesa, Qatar"}},{"type":"Feature","geometry":{"type":"Point","coordinates":[55.4451,-4.6176]},"properties":{"id":"victoria-seychelles","name":"Victoria, Seychelles"}},{"type":"Feature","geometry":{"type":"Point","coordinates":[-3.0109,51.2937]},"properties":{"id":"brean-united-kingdom","name":"Brean, United Kingdom"}},{"type":"Feature","geometry":{"type":"Point","coordinates":[50.6562,26.2416]},"properties":{"id":"al-hidd-bahrain","name":"Al Hidd, Bahrain"}},{"type":"Feature","geometry":{"type":"Point","coordinates":[51.4519,25.5386]},"properties":{"id":"al-daayen-qatar","name":"Al Daayen, Qatar"}},{"type":"Feature","geometry":{"type":"Point","coordinates":[58.591,23.6151]},"properties":{"id":"qalhat-oman","name":"Qalhat, Oman"}},{"type":"Feature","geometry":{"type":"Point","coordinates":[114.5706,4.7037]},"properties":{"id":"telisai-brunei","name":"Telisai, Brunei"}},{"type":"Feature","geometry":{"type":"Point","coordinates":[141.3544,43.0621]},"properties":{"id":"sapporo-japan","name":"Sapporo, Japan"}}]}